code,source_position,region_code,region_name,department_code,department_name,commune_code,commune_name,polling_station_name,registered_voters,location_name,source_document_slug,source_sha256,confidence,expected_stations,actual_stations,expected_voters,actual_voters,voter_delta
ELECAM-2025-AD-FARO-ET-DEO-MAYO-BALEO-0001,1,AD,ADAMAOUA,AD-FARO-ET-DEO,FARO ET DEO,AD-FARO-ET-DEO-MAYO-BALEO,MAYO-BALEO,ECOLE PROTESTANTE MAYO-BALEO / A,289,BECTI,elecam-bv-2025-adamaoua,e3fdf74fdb0cd9e470e3a5bec48167e2cbdae32b5e8b5ddd28ad0ae1c657ee2f,needs_review,42,42,8122,8222,100
ELECAM-2025-AD-FARO-ET-DEO-MAYO-BALEO-0002,2,AD,ADAMAOUA,AD-FARO-ET-DEO,FARO ET DEO,AD-FARO-ET-DEO-MAYO-BALEO,MAYO-BALEO,BECTI ECOLE PUBLIQUE / A,240,BECTI RURAL,elecam-bv-2025-adamaoua,e3fdf74fdb0cd9e470e3a5bec48167e2cbdae32b5e8b5ddd28ad0ae1c657ee2f,needs_review,42,42,8122,8222,100
ELECAM-2025-AD-FARO-ET-DEO-MAYO-BALEO-0003,3,AD,ADAMAOUA,AD-FARO-ET-DEO,FARO ET DEO,AD-FARO-ET-DEO-MAYO-BALEO,MAYO-BALEO,BEUTI ECOLE DES PARENTS / A,147,BEUTI,elecam-bv-2025-adamaoua,e3fdf74fdb0cd9e470e3a5bec48167e2cbdae32b5e8b5ddd28ad0ae1c657ee2f,needs_review,42,42,8122,8222,100
ELECAM-2025-AD-FARO-ET-DEO-MAYO-BALEO-0004,4,AD,ADAMAOUA,AD-FARO-ET-DEO,FARO ET DEO,AD-FARO-ET-DEO-MAYO-BALEO,MAYO-BALEO,MAYO-BALEO ECOLE PUBLIQUE GP2 / A,185,CAMP FONCTIONNAIRE,elecam-bv-2025-adamaoua,e3fdf74fdb0cd9e470e3a5bec48167e2cbdae32b5e8b5ddd28ad0ae1c657ee2f,needs_review,42,42,8122,8222,100
ELECAM-2025-AD-FARO-ET-DEO-MAYO-BALEO-0005,5,AD,ADAMAOUA,AD-FARO-ET-DEO,FARO ET DEO,AD-FARO-ET-DEO-MAYO-BALEO,MAYO-BALEO,KELECTI ECOLE PUBLIQUE / A,121,CARREFOUR ALME,elecam-bv-2025-adamaoua,e3fdf74fdb0cd9e470e3a5bec48167e2cbdae32b5e8b5ddd28ad0ae1c657ee2f,needs_review,42,42,8122,8222,100
ELECAM-2025-AD-FARO-ET-DEO-MAYO-BALEO-0006,6,AD,ADAMAOUA,AD-FARO-ET-DEO,FARO ET DEO,AD-FARO-ET-DEO-MAYO-BALEO,MAYO-BALEO,DEULWALTI FOYER COMMUNAUTAIRE / A,158,DEULWALTI,elecam-bv-2025-adamaoua,e3fdf74fdb0cd9e470e3a5bec48167e2cbdae32b5e8b5ddd28ad0ae1c657ee2f,needs_review,42,42,8122,8222,100
ELECAM-2025-AD-FARO-ET-DEO-MAYO-BALEO-0007,7,AD,ADAMAOUA,AD-FARO-ET-DEO,FARO ET DEO,AD-FARO-ET-DEO-MAYO-BALEO,MAYO-BALEO,MAYO-BALEO ECOLE PROTESTANTE / A,282,CAMP FONCTIONNAIRE,elecam-bv-2025-adamaoua,e3fdf74fdb0cd9e470e3a5bec48167e2cbdae32b5e8b5ddd28ad0ae1c657ee2f,needs_review,42,42,8122,8222,100
ELECAM-2025-AD-FARO-ET-DEO-MAYO-BALEO-0008,8,AD,ADAMAOUA,AD-FARO-ET-DEO,FARO ET DEO,AD-FARO-ET-DEO-MAYO-BALEO,MAYO-BALEO,DJALI ECOLE PUBLIQUE / A,283,DJALI,elecam-bv-2025-adamaoua,e3fdf74fdb0cd9e470e3a5bec48167e2cbdae32b5e8b5ddd28ad0ae1c657ee2f,needs_review,42,42,8122,8222,100
ELECAM-2025-AD-FARO-ET-DEO-MAYO-BALEO-0009,9,AD,ADAMAOUA,AD-FARO-ET-DEO,FARO ET DEO,AD-FARO-ET-DEO-MAYO-BALEO,MAYO-BALEO,DJAMTARI ECOLE PUBLIQUE / A,266,DJAMTARI,elecam-bv-2025-adamaoua,e3fdf74fdb0cd9e470e3a5bec48167e2cbdae32b5e8b5ddd28ad0ae1c657ee2f,needs_review,42,42,8122,8222,100
ELECAM-2025-AD-FARO-ET-DEO-MAYO-BALEO-0010,10,AD,ADAMAOUA,AD-FARO-ET-DEO,FARO ET DEO,AD-FARO-ET-DEO-MAYO-BALEO,MAYO-BALEO,DJOUMVOLI ECOLE PUBLIQUE / A,135,DJOUMVOLI,elecam-bv-2025-adamaoua,e3fdf74fdb0cd9e470e3a5bec48167e2cbdae32b5e8b5ddd28ad0ae1c657ee2f,needs_review,42,42,8122,8222,100
ELECAM-2025-AD-FARO-ET-DEO-MAYO-BALEO-0011,11,AD,ADAMAOUA,AD-FARO-ET-DEO,FARO ET DEO,AD-FARO-ET-DEO-MAYO-BALEO,MAYO-BALEO,MAYO-BALEO ECOLE BILINGUE / A,250,CAMP FONCTIONNAIRE,elecam-bv-2025-adamaoua,e3fdf74fdb0cd9e470e3a5bec48167e2cbdae32b5e8b5ddd28ad0ae1c657ee2f,needs_review,42,42,8122,8222,100
ELECAM-2025-AD-FARO-ET-DEO-MAYO-BALEO-0012,12,AD,ADAMAOUA,AD-FARO-ET-DEO,FARO ET DEO,AD-FARO-ET-DEO-MAYO-BALEO,MAYO-BALEO,MAYO-BALEO ECOLE BILINGUE / B,310,CAMP FONCTIONNAIRE,elecam-bv-2025-adamaoua,e3fdf74fdb0cd9e470e3a5bec48167e2cbdae32b5e8b5ddd28ad0ae1c657ee2f,needs_review,42,42,8122,8222,100
ELECAM-2025-AD-FARO-ET-DEO-MAYO-BALEO-0013,13,AD,ADAMAOUA,AD-FARO-ET-DEO,FARO ET DEO,AD-FARO-ET-DEO-MAYO-BALEO,MAYO-BALEO,GALTI ECOLE PUBLIQUE / A,138,GALTI,elecam-bv-2025-adamaoua,e3fdf74fdb0cd9e470e3a5bec48167e2cbdae32b5e8b5ddd28ad0ae1c657ee2f,needs_review,42,42,8122,8222,100
ELECAM-2025-AD-FARO-ET-DEO-MAYO-BALEO-0014,14,AD,ADAMAOUA,AD-FARO-ET-DEO,FARO ET DEO,AD-FARO-ET-DEO-MAYO-BALEO,MAYO-BALEO,GANATI ECOLE PUBLIQUE / A,203,GANATI,elecam-bv-2025-adamaoua,e3fdf74fdb0cd9e470e3a5bec48167e2cbdae32b5e8b5ddd28ad0ae1c657ee2f,needs_review,42,42,8122,8222,100
ELECAM-2025-AD-FARO-ET-DEO-MAYO-BALEO-0015,15,AD,ADAMAOUA,AD-FARO-ET-DEO,FARO ET DEO,AD-FARO-ET-DEO-MAYO-BALEO,MAYO-BALEO,GADJIWAN ECOLE PUBLIQUE GP2 / A,227,GNETTI,elecam-bv-2025-adamaoua,e3fdf74fdb0cd9e470e3a5bec48167e2cbdae32b5e8b5ddd28ad0ae1c657ee2f,needs_review,42,42,8122,8222,100
ELECAM-2025-AD-FARO-ET-DEO-MAYO-BALEO-0016,16,AD,ADAMAOUA,AD-FARO-ET-DEO,FARO ET DEO,AD-FARO-ET-DEO-MAYO-BALEO,MAYO-BALEO,GADJIWAN ECOLE PUBLIQUE GP2 / B,207,GNETTI,elecam-bv-2025-adamaoua,e3fdf74fdb0cd9e470e3a5bec48167e2cbdae32b5e8b5ddd28ad0ae1c657ee2f,needs_review,42,42,8122,8222,100
ELECAM-2025-AD-FARO-ET-DEO-MAYO-BALEO-0017,17,AD,ADAMAOUA,AD-FARO-ET-DEO,FARO ET DEO,AD-FARO-ET-DEO-MAYO-BALEO,MAYO-BALEO,GNIBANGO ECOLE DES PARENTS / A,91,BEUTI,elecam-bv-2025-adamaoua,e3fdf74fdb0cd9e470e3a5bec48167e2cbdae32b5e8b5ddd28ad0ae1c657ee2f,needs_review,42,42,8122,8222,100
ELECAM-2025-AD-FARO-ET-DEO-MAYO-BALEO-0018,18,AD,ADAMAOUA,AD-FARO-ET-DEO,FARO ET DEO,AD-FARO-ET-DEO-MAYO-BALEO,MAYO-BALEO,GOURWALTI ECOLE PUBLIQUE / A,294,GOURWALTI,elecam-bv-2025-adamaoua,e3fdf74fdb0cd9e470e3a5bec48167e2cbdae32b5e8b5ddd28ad0ae1c657ee2f,needs_review,42,42,8122,8222,100
ELECAM-2025-AD-FARO-ET-DEO-MAYO-BALEO-0019,19,AD,ADAMAOUA,AD-FARO-ET-DEO,FARO ET DEO,AD-FARO-ET-DEO-MAYO-BALEO,MAYO-BALEO,GUENDOUMIN ECOLE DES PARENTS / A,44,GUENDOUMIN,elecam-bv-2025-adamaoua,e3fdf74fdb0cd9e470e3a5bec48167e2cbdae32b5e8b5ddd28ad0ae1c657ee2f,needs_review,42,42,8122,8222,100
ELECAM-2025-AD-FARO-ET-DEO-MAYO-BALEO-0020,20,AD,ADAMAOUA,AD-FARO-ET-DEO,FARO ET DEO,AD-FARO-ET-DEO-MAYO-BALEO,MAYO-BALEO,GUERENG ECOLE PUBLIQUE / A,218,GUERENG,elecam-bv-2025-adamaoua,e3fdf74fdb0cd9e470e3a5bec48167e2cbdae32b5e8b5ddd28ad0ae1c657ee2f,needs_review,42,42,8122,8222,100
ELECAM-2025-AD-FARO-ET-DEO-MAYO-BALEO-0021,21,AD,ADAMAOUA,AD-FARO-ET-DEO,FARO ET DEO,AD-FARO-ET-DEO-MAYO-BALEO,MAYO-BALEO,KOUGOUMTI ECOLE PUBLIQUE / A,206,GUENDOUMIN,elecam-bv-2025-adamaoua,e3fdf74fdb0cd9e470e3a5bec48167e2cbdae32b5e8b5ddd28ad0ae1c657ee2f,needs_review,42,42,8122,8222,100
ELECAM-2025-AD-FARO-ET-DEO-MAYO-BALEO-0022,22,AD,ADAMAOUA,AD-FARO-ET-DEO,FARO ET DEO,AD-FARO-ET-DEO-MAYO-BALEO,MAYO-BALEO,VOGGOURWATI ECOLE PUBLIQUE / A,310,KOUGOUMTI-ALME,elecam-bv-2025-adamaoua,e3fdf74fdb0cd9e470e3a5bec48167e2cbdae32b5e8b5ddd28ad0ae1c657ee2f,needs_review,42,42,8122,8222,100
ELECAM-2025-AD-FARO-ET-DEO-MAYO-BALEO-0023,23,AD,ADAMAOUA,AD-FARO-ET-DEO,FARO ET DEO,AD-FARO-ET-DEO-MAYO-BALEO,MAYO-BALEO,MAYO-BALEO ECOLE PUBLIQUE GP1 / A,365,LASSOUMTI,elecam-bv-2025-adamaoua,e3fdf74fdb0cd9e470e3a5bec48167e2cbdae32b5e8b5ddd28ad0ae1c657ee2f,needs_review,42,42,8122,8222,100
ELECAM-2025-AD-FARO-ET-DEO-MAYO-BALEO-0024,24,AD,ADAMAOUA,AD-FARO-ET-DEO,FARO ET DEO,AD-FARO-ET-DEO-MAYO-BALEO,MAYO-BALEO,MAYO-BALEO ECOLE PUBLIQUE GP1 / B,71,LASSOUMTI,elecam-bv-2025-adamaoua,e3fdf74fdb0cd9e470e3a5bec48167e2cbdae32b5e8b5ddd28ad0ae1c657ee2f,needs_review,42,42,8122,8222,100
ELECAM-2025-AD-FARO-ET-DEO-MAYO-BALEO-0025,25,AD,ADAMAOUA,AD-FARO-ET-DEO,FARO ET DEO,AD-FARO-ET-DEO-MAYO-BALEO,MAYO-BALEO,MAYAKO ECOLE PUBLIQUE / A,77,MAYAKO,elecam-bv-2025-adamaoua,e3fdf74fdb0cd9e470e3a5bec48167e2cbdae32b5e8b5ddd28ad0ae1c657ee2f,needs_review,42,42,8122,8222,100
ELECAM-2025-AD-FARO-ET-DEO-MAYO-BALEO-0026,26,AD,ADAMAOUA,AD-FARO-ET-DEO,FARO ET DEO,AD-FARO-ET-DEO-MAYO-BALEO,MAYO-BALEO,MAYO-BADJI ECOLE PUBLIQUE / A,123,MAYO-BADJI,elecam-bv-2025-adamaoua,e3fdf74fdb0cd9e470e3a5bec48167e2cbdae32b5e8b5ddd28ad0ae1c657ee2f,needs_review,42,42,8122,8222,100
ELECAM-2025-AD-FARO-ET-DEO-MAYO-BALEO-0027,27,AD,ADAMAOUA,AD-FARO-ET-DEO,FARO ET DEO,AD-FARO-ET-DEO-MAYO-BALEO,MAYO-BALEO,MAYO-DJAOULE ECOLE PUBLIQUE / A,160,MAYO-DJAOULE,elecam-bv-2025-adamaoua,e3fdf74fdb0cd9e470e3a5bec48167e2cbdae32b5e8b5ddd28ad0ae1c657ee2f,needs_review,42,42,8122,8222,100
ELECAM-2025-AD-FARO-ET-DEO-MAYO-BALEO-0028,28,AD,ADAMAOUA,AD-FARO-ET-DEO,FARO ET DEO,AD-FARO-ET-DEO-MAYO-BALEO,MAYO-BALEO,MAYO-KAOULEDJI ECOLE PUBLIQUE / A,108,MAYO-KAOULEDJI,elecam-bv-2025-adamaoua,e3fdf74fdb0cd9e470e3a5bec48167e2cbdae32b5e8b5ddd28ad0ae1c657ee2f,needs_review,42,42,8122,8222,100
ELECAM-2025-AD-FARO-ET-DEO-MAYO-BALEO-0029,29,AD,ADAMAOUA,AD-FARO-ET-DEO,FARO ET DEO,AD-FARO-ET-DEO-MAYO-BALEO,MAYO-BALEO,PAWATI ECOLE PUBLIQUE / A,164,PAWATI,elecam-bv-2025-adamaoua,e3fdf74fdb0cd9e470e3a5bec48167e2cbdae32b5e8b5ddd28ad0ae1c657ee2f,needs_review,42,42,8122,8222,100
ELECAM-2025-AD-FARO-ET-DEO-MAYO-BALEO-0030,30,AD,ADAMAOUA,AD-FARO-ET-DEO,FARO ET DEO,AD-FARO-ET-DEO-MAYO-BALEO,MAYO-BALEO,SALASSA ECOLE PUBLIQUE / A,232,SALASSA,elecam-bv-2025-adamaoua,e3fdf74fdb0cd9e470e3a5bec48167e2cbdae32b5e8b5ddd28ad0ae1c657ee2f,needs_review,42,42,8122,8222,100
ELECAM-2025-AD-FARO-ET-DEO-MAYO-BALEO-0031,31,AD,ADAMAOUA,AD-FARO-ET-DEO,FARO ET DEO,AD-FARO-ET-DEO-MAYO-BALEO,MAYO-BALEO,SAMELECTI ECOLE PUBLIQUE / A,165,MABOR,elecam-bv-2025-adamaoua,e3fdf74fdb0cd9e470e3a5bec48167e2cbdae32b5e8b5ddd28ad0ae1c657ee2f,needs_review,42,42,8122,8222,100
ELECAM-2025-AD-FARO-ET-DEO-MAYO-BALEO-0032,32,AD,ADAMAOUA,AD-FARO-ET-DEO,FARO ET DEO,AD-FARO-ET-DEO-MAYO-BALEO,MAYO-BALEO,SARKI MATA ECOLE PUBLIQUE / A,195,CAMP FONCTIONNAIRE,elecam-bv-2025-adamaoua,e3fdf74fdb0cd9e470e3a5bec48167e2cbdae32b5e8b5ddd28ad0ae1c657ee2f,needs_review,42,42,8122,8222,100
ELECAM-2025-AD-FARO-ET-DEO-MAYO-BALEO-0033,33,AD,ADAMAOUA,AD-FARO-ET-DEO,FARO ET DEO,AD-FARO-ET-DEO-MAYO-BALEO,MAYO-BALEO,TONGO SARKI YAI ECOLE PUBLIQUE / A,60,TONGO SARKI YAI,elecam-bv-2025-adamaoua,e3fdf74fdb0cd9e470e3a5bec48167e2cbdae32b5e8b5ddd28ad0ae1c657ee2f,needs_review,42,42,8122,8222,100
ELECAM-2025-AD-FARO-ET-DEO-MAYO-BALEO-0034,34,AD,ADAMAOUA,AD-FARO-ET-DEO,FARO ET DEO,AD-FARO-ET-DEO-MAYO-BALEO,MAYO-BALEO,LASSOUMTI ECOLE PUBLIQUE / A,193,LASSOUMTI,elecam-bv-2025-adamaoua,e3fdf74fdb0cd9e470e3a5bec48167e2cbdae32b5e8b5ddd28ad0ae1c657ee2f,needs_review,42,42,8122,8222,100
ELECAM-2025-AD-FARO-ET-DEO-MAYO-BALEO-0035,35,AD,ADAMAOUA,AD-FARO-ET-DEO,FARO ET DEO,AD-FARO-ET-DEO-MAYO-BALEO,MAYO-BALEO,TOULWATOUNGTI ECOLE PROTESTANTE / A,67,MABOR,elecam-bv-2025-adamaoua,e3fdf74fdb0cd9e470e3a5bec48167e2cbdae32b5e8b5ddd28ad0ae1c657ee2f,needs_review,42,42,8122,8222,100
ELECAM-2025-AD-FARO-ET-DEO-MAYO-BALEO-0036,36,AD,ADAMAOUA,AD-FARO-ET-DEO,FARO ET DEO,AD-FARO-ET-DEO-MAYO-BALEO,MAYO-BALEO,DILECTI / A,193,DILECTI,elecam-bv-2025-adamaoua,e3fdf74fdb0cd9e470e3a5bec48167e2cbdae32b5e8b5ddd28ad0ae1c657ee2f,needs_review,42,42,8122,8222,100
ELECAM-2025-AD-FARO-ET-DEO-MAYO-BALEO-0037,37,AD,ADAMAOUA,AD-FARO-ET-DEO,FARO ET DEO,AD-FARO-ET-DEO-MAYO-BALEO,MAYO-BALEO,ALME ECOLE MATERNELLE / A,251,FADA - ALMESABONGARI,elecam-bv-2025-adamaoua,e3fdf74fdb0cd9e470e3a5bec48167e2cbdae32b5e8b5ddd28ad0ae1c657ee2f,needs_review,42,42,8122,8222,100
ELECAM-2025-AD-FARO-ET-DEO-MAYO-BALEO-0038,38,AD,ADAMAOUA,AD-FARO-ET-DEO,FARO ET DEO,AD-FARO-ET-DEO-MAYO-BALEO,MAYO-BALEO,ALME ECOLE MATERNELLE / B,227,FADA - ALMESABONGARI,elecam-bv-2025-adamaoua,e3fdf74fdb0cd9e470e3a5bec48167e2cbdae32b5e8b5ddd28ad0ae1c657ee2f,needs_review,42,42,8122,8222,100
ELECAM-2025-AD-FARO-ET-DEO-MAYO-BALEO-0039,39,AD,ADAMAOUA,AD-FARO-ET-DEO,FARO ET DEO,AD-FARO-ET-DEO-MAYO-BALEO,MAYO-BALEO,ALME FOYER COMMUNAUTAIRE / A,254,JOLI-SOIR,elecam-bv-2025-adamaoua,e3fdf74fdb0cd9e470e3a5bec48167e2cbdae32b5e8b5ddd28ad0ae1c657ee2f,needs_review,42,42,8122,8222,100
ELECAM-2025-AD-FARO-ET-DEO-MAYO-BALEO-0040,40,AD,ADAMAOUA,AD-FARO-ET-DEO,FARO ET DEO,AD-FARO-ET-DEO-MAYO-BALEO,MAYO-BALEO,ALME FOYER COMMUNAUTAIRE / B,249,JOLI-SOIR,elecam-bv-2025-adamaoua,e3fdf74fdb0cd9e470e3a5bec48167e2cbdae32b5e8b5ddd28ad0ae1c657ee2f,needs_review,42,42,8122,8222,100
ELECAM-2025-AD-FARO-ET-DEO-MAYO-BALEO-0041,41,AD,ADAMAOUA,AD-FARO-ET-DEO,FARO ET DEO,AD-FARO-ET-DEO-MAYO-BALEO,MAYO-BALEO,GADJIWAN ECOLE MATERNELLE / A,237,FADA-GADJIWAN,elecam-bv-2025-adamaoua,e3fdf74fdb0cd9e470e3a5bec48167e2cbdae32b5e8b5ddd28ad0ae1c657ee2f,needs_review,42,42,8122,8222,100
ELECAM-2025-AD-FARO-ET-DEO-MAYO-BALEO-0042,42,AD,ADAMAOUA,AD-FARO-ET-DEO,FARO ET DEO,AD-FARO-ET-DEO-MAYO-BALEO,MAYO-BALEO,GADJIWAN ECOLE MATERNELLE / B,227,FADA-GADJIWAN,elecam-bv-2025-adamaoua,e3fdf74fdb0cd9e470e3a5bec48167e2cbdae32b5e8b5ddd28ad0ae1c657ee2f,needs_review,42,42,8122,8222,100
ELECAM-2025-AD-MAYO-BANYO-MAYO-DARLE-0001,1,AD,ADAMAOUA,AD-MAYO-BANYO,MAYO-BANYO,AD-MAYO-BANYO-MAYO-DARLE,MAYO-DARLE,ECOLE DES PARENTS DE MBOUNOUKOUM / A,158,ASSAWE,elecam-bv-2025-adamaoua,e3fdf74fdb0cd9e470e3a5bec48167e2cbdae32b5e8b5ddd28ad0ae1c657ee2f,needs_review,54,54,13674,13874,200
ELECAM-2025-AD-MAYO-BANYO-MAYO-DARLE-0002,2,AD,ADAMAOUA,AD-MAYO-BANYO,MAYO-BANYO,AD-MAYO-BANYO-MAYO-DARLE,MAYO-DARLE,ECOLE PUBLIQUE DE YIMBERE CHEFFERIE /,169,BADJANG,elecam-bv-2025-adamaoua,e3fdf74fdb0cd9e470e3a5bec48167e2cbdae32b5e8b5ddd28ad0ae1c657ee2f,needs_review,54,54,13674,13874,200
ELECAM-2025-AD-MAYO-BANYO-MAYO-DARLE-0003,3,AD,ADAMAOUA,AD-MAYO-BANYO,MAYO-BANYO,AD-MAYO-BANYO-MAYO-DARLE,MAYO-DARLE,ECOLE PUBLIQUE DE BAMBOL / A,283,BAMBOL,elecam-bv-2025-adamaoua,e3fdf74fdb0cd9e470e3a5bec48167e2cbdae32b5e8b5ddd28ad0ae1c657ee2f,needs_review,54,54,13674,13874,200
ELECAM-2025-AD-MAYO-BANYO-MAYO-DARLE-0004,4,AD,ADAMAOUA,AD-MAYO-BANYO,MAYO-BANYO,AD-MAYO-BANYO-MAYO-DARLE,MAYO-DARLE,ECOLE PUBLIQUE DE YIMBERE PLATEAU / A,190,BANYE,elecam-bv-2025-adamaoua,e3fdf74fdb0cd9e470e3a5bec48167e2cbdae32b5e8b5ddd28ad0ae1c657ee2f,needs_review,54,54,13674,13874,200
ELECAM-2025-AD-MAYO-BANYO-MAYO-DARLE-0005,5,AD,ADAMAOUA,AD-MAYO-BANYO,MAYO-BANYO,AD-MAYO-BANYO-MAYO-DARLE,MAYO-DARLE,ECOLE PUBLIQUE DE YOLI / A,244,BOGGOLE NYAWA,elecam-bv-2025-adamaoua,e3fdf74fdb0cd9e470e3a5bec48167e2cbdae32b5e8b5ddd28ad0ae1c657ee2f,needs_review,54,54,13674,13874,200
ELECAM-2025-AD-MAYO-BANYO-MAYO-DARLE-0006,6,AD,ADAMAOUA,AD-MAYO-BANYO,MAYO-BANYO,AD-MAYO-BANYO-MAYO-DARLE,MAYO-DARLE,ECOLE PUBLIQUE DE BOUMDO / A,352,BOUMDO,elecam-bv-2025-adamaoua,e3fdf74fdb0cd9e470e3a5bec48167e2cbdae32b5e8b5ddd28ad0ae1c657ee2f,needs_review,54,54,13674,13874,200
ELECAM-2025-AD-MAYO-BANYO-MAYO-DARLE-0007,7,AD,ADAMAOUA,AD-MAYO-BANYO,MAYO-BANYO,AD-MAYO-BANYO-MAYO-DARLE,MAYO-DARLE,ECOLE PUBLIQUE DE BOUMDO / B,364,BOUMDO,elecam-bv-2025-adamaoua,e3fdf74fdb0cd9e470e3a5bec48167e2cbdae32b5e8b5ddd28ad0ae1c657ee2f,needs_review,54,54,13674,13874,200
ELECAM-2025-AD-MAYO-BANYO-MAYO-DARLE-0008,8,AD,ADAMAOUA,AD-MAYO-BANYO,MAYO-BANYO,AD-MAYO-BANYO-MAYO-DARLE,MAYO-DARLE,ECOLE PUBLIQUE DE MBILANG / A,185,GASSOL,elecam-bv-2025-adamaoua,e3fdf74fdb0cd9e470e3a5bec48167e2cbdae32b5e8b5ddd28ad0ae1c657ee2f,needs_review,54,54,13674,13874,200
ELECAM-2025-AD-MAYO-BANYO-MAYO-DARLE-0009,9,AD,ADAMAOUA,AD-MAYO-BANYO,MAYO-BANYO,AD-MAYO-BANYO-MAYO-DARLE,MAYO-DARLE,GBPS GBAYA / A,163,GBAYA,elecam-bv-2025-adamaoua,e3fdf74fdb0cd9e470e3a5bec48167e2cbdae32b5e8b5ddd28ad0ae1c657ee2f,needs_review,54,54,13674,13874,200
ELECAM-2025-AD-MAYO-BANYO-MAYO-DARLE-0010,10,AD,ADAMAOUA,AD-MAYO-BANYO,MAYO-BANYO,AD-MAYO-BANYO-MAYO-DARLE,MAYO-DARLE,GBPS GBAYA / B,39,GBAYA,elecam-bv-2025-adamaoua,e3fdf74fdb0cd9e470e3a5bec48167e2cbdae32b5e8b5ddd28ad0ae1c657ee2f,needs_review,54,54,13674,13874,200
ELECAM-2025-AD-MAYO-BANYO-MAYO-DARLE-0011,11,AD,ADAMAOUA,AD-MAYO-BANYO,MAYO-BANYO,AD-MAYO-BANYO-MAYO-DARLE,MAYO-DARLE,ECOLE DES PARENTS MAYO-DARLE MINES /,349,GOMNJOR,elecam-bv-2025-adamaoua,e3fdf74fdb0cd9e470e3a5bec48167e2cbdae32b5e8b5ddd28ad0ae1c657ee2f,needs_review,54,54,13674,13874,200
ELECAM-2025-AD-MAYO-BANYO-MAYO-DARLE-0012,12,AD,ADAMAOUA,AD-MAYO-BANYO,MAYO-BANYO,AD-MAYO-BANYO-MAYO-DARLE,MAYO-DARLE,ECOLE DES PARENTS MAYO-DARLE MINES /,275,GOMNJOR,elecam-bv-2025-adamaoua,e3fdf74fdb0cd9e470e3a5bec48167e2cbdae32b5e8b5ddd28ad0ae1c657ee2f,needs_review,54,54,13674,13874,200
ELECAM-2025-AD-MAYO-BANYO-MAYO-DARLE-0013,13,AD,ADAMAOUA,AD-MAYO-BANYO,MAYO-BANYO,AD-MAYO-BANYO-MAYO-DARLE,MAYO-DARLE,ECOLE PUBLIQUE DE GUISSIMI / A,376,GUISSIMI,elecam-bv-2025-adamaoua,e3fdf74fdb0cd9e470e3a5bec48167e2cbdae32b5e8b5ddd28ad0ae1c657ee2f,needs_review,54,54,13674,13874,200
ELECAM-2025-AD-MAYO-BANYO-MAYO-DARLE-0014,14,AD,ADAMAOUA,AD-MAYO-BANYO,MAYO-BANYO,AD-MAYO-BANYO-MAYO-DARLE,MAYO-DARLE,ECOLE PUBLIQUE DE GUISSIMI / B,368,GUISSIMI,elecam-bv-2025-adamaoua,e3fdf74fdb0cd9e470e3a5bec48167e2cbdae32b5e8b5ddd28ad0ae1c657ee2f,needs_review,54,54,13674,13874,200
ELECAM-2025-AD-MAYO-BANYO-MAYO-DARLE-0015,15,AD,ADAMAOUA,AD-MAYO-BANYO,MAYO-BANYO,AD-MAYO-BANYO-MAYO-DARLE,MAYO-DARLE,ECOLE PUBLIQUE DE GUISSIMI / C,64,GUISSIMI,elecam-bv-2025-adamaoua,e3fdf74fdb0cd9e470e3a5bec48167e2cbdae32b5e8b5ddd28ad0ae1c657ee2f,needs_review,54,54,13674,13874,200
ELECAM-2025-AD-MAYO-BANYO-MAYO-DARLE-0016,16,AD,ADAMAOUA,AD-MAYO-BANYO,MAYO-BANYO,AD-MAYO-BANYO-MAYO-DARLE,MAYO-DARLE,ECOLE PUBLIQUE DE HAMOA / A,224,HAMOA,elecam-bv-2025-adamaoua,e3fdf74fdb0cd9e470e3a5bec48167e2cbdae32b5e8b5ddd28ad0ae1c657ee2f,needs_review,54,54,13674,13874,200
ELECAM-2025-AD-MAYO-BANYO-MAYO-DARLE-0017,17,AD,ADAMAOUA,AD-MAYO-BANYO,MAYO-BANYO,AD-MAYO-BANYO-MAYO-DARLE,MAYO-DARLE,ECOLE PUBLIQUE DE HAMOA / B,200,HAMOA,elecam-bv-2025-adamaoua,e3fdf74fdb0cd9e470e3a5bec48167e2cbdae32b5e8b5ddd28ad0ae1c657ee2f,needs_review,54,54,13674,13874,200
ELECAM-2025-AD-MAYO-BANYO-MAYO-DARLE-0018,18,AD,ADAMAOUA,AD-MAYO-BANYO,MAYO-BANYO,AD-MAYO-BANYO-MAYO-DARLE,MAYO-DARLE,ECOLE PUBLIQUE DE HORE MAYO DARLE / A,372,HORE MAYO-DARLE,elecam-bv-2025-adamaoua,e3fdf74fdb0cd9e470e3a5bec48167e2cbdae32b5e8b5ddd28ad0ae1c657ee2f,needs_review,54,54,13674,13874,200
ELECAM-2025-AD-MAYO-BANYO-MAYO-DARLE-0019,19,AD,ADAMAOUA,AD-MAYO-BANYO,MAYO-BANYO,AD-MAYO-BANYO-MAYO-DARLE,MAYO-DARLE,ECOLE PUBLIQUE DE HORE MAYO DARLE / B,265,HORE MAYO-DARLE,elecam-bv-2025-adamaoua,e3fdf74fdb0cd9e470e3a5bec48167e2cbdae32b5e8b5ddd28ad0ae1c657ee2f,needs_review,54,54,13674,13874,200
ELECAM-2025-AD-MAYO-BANYO-MAYO-DARLE-0020,20,AD,ADAMAOUA,AD-MAYO-BANYO,MAYO-BANYO,AD-MAYO-BANYO-MAYO-DARLE,MAYO-DARLE,ECOLE PUBLIQUE DE KEBAM / A,111,KEBAM FOULBE,elecam-bv-2025-adamaoua,e3fdf74fdb0cd9e470e3a5bec48167e2cbdae32b5e8b5ddd28ad0ae1c657ee2f,needs_review,54,54,13674,13874,200
ELECAM-2025-AD-MAYO-BANYO-MAYO-DARLE-0021,21,AD,ADAMAOUA,AD-MAYO-BANYO,MAYO-BANYO,AD-MAYO-BANYO-MAYO-DARLE,MAYO-DARLE,ECOLE PUBLIQUE DE MBAMGUERI / A,243,LAMOU GOTEL,elecam-bv-2025-adamaoua,e3fdf74fdb0cd9e470e3a5bec48167e2cbdae32b5e8b5ddd28ad0ae1c657ee2f,needs_review,54,54,13674,13874,200
ELECAM-2025-AD-MAYO-BANYO-MAYO-DARLE-0022,22,AD,ADAMAOUA,AD-MAYO-BANYO,MAYO-BANYO,AD-MAYO-BANYO-MAYO-DARLE,MAYO-DARLE,ECOLE PUBLIQUE DE MBAMGUERI / B,197,LAMOU GOTEL,elecam-bv-2025-adamaoua,e3fdf74fdb0cd9e470e3a5bec48167e2cbdae32b5e8b5ddd28ad0ae1c657ee2f,needs_review,54,54,13674,13874,200
ELECAM-2025-AD-MAYO-BANYO-MAYO-DARLE-0023,23,AD,ADAMAOUA,AD-MAYO-BANYO,MAYO-BANYO,AD-MAYO-BANYO-MAYO-DARLE,MAYO-DARLE,ECOLE PUBLIQUE DE RIBAO / A,310,MAGADJANG,elecam-bv-2025-adamaoua,e3fdf74fdb0cd9e470e3a5bec48167e2cbdae32b5e8b5ddd28ad0ae1c657ee2f,needs_review,54,54,13674,13874,200
ELECAM-2025-AD-MAYO-BANYO-MAYO-DARLE-0024,24,AD,ADAMAOUA,AD-MAYO-BANYO,MAYO-BANYO,AD-MAYO-BANYO-MAYO-DARLE,MAYO-DARLE,ECOLE PUBLIQUE DE RIBAO / B,220,MAGADJANG,elecam-bv-2025-adamaoua,e3fdf74fdb0cd9e470e3a5bec48167e2cbdae32b5e8b5ddd28ad0ae1c657ee2f,needs_review,54,54,13674,13874,200
ELECAM-2025-AD-MAYO-BANYO-MAYO-DARLE-0025,25,AD,ADAMAOUA,AD-MAYO-BANYO,MAYO-BANYO,AD-MAYO-BANYO-MAYO-DARLE,MAYO-DARLE,ECOLE PUBLIQUE DE RIBAO / C,290,MAGADJANG,elecam-bv-2025-adamaoua,e3fdf74fdb0cd9e470e3a5bec48167e2cbdae32b5e8b5ddd28ad0ae1c657ee2f,needs_review,54,54,13674,13874,200
ELECAM-2025-AD-MAYO-BANYO-MAYO-DARLE-0026,26,AD,ADAMAOUA,AD-MAYO-BANYO,MAYO-BANYO,AD-MAYO-BANYO-MAYO-DARLE,MAYO-DARLE,ECOLE PUBLIQUE DE RIBAO / D,288,MAGADJANG,elecam-bv-2025-adamaoua,e3fdf74fdb0cd9e470e3a5bec48167e2cbdae32b5e8b5ddd28ad0ae1c657ee2f,needs_review,54,54,13674,13874,200
ELECAM-2025-AD-MAYO-BANYO-MAYO-DARLE-0027,27,AD,ADAMAOUA,AD-MAYO-BANYO,MAYO-BANYO,AD-MAYO-BANYO-MAYO-DARLE,MAYO-DARLE,ECOLE PUBLIQUE DE NYALANG / A,343,MARCHE MONDIAL,elecam-bv-2025-adamaoua,e3fdf74fdb0cd9e470e3a5bec48167e2cbdae32b5e8b5ddd28ad0ae1c657ee2f,needs_review,54,54,13674,13874,200
ELECAM-2025-AD-MAYO-BANYO-MAYO-DARLE-0028,28,AD,ADAMAOUA,AD-MAYO-BANYO,MAYO-BANYO,AD-MAYO-BANYO-MAYO-DARLE,MAYO-DARLE,ECOLE PUBLIQUE DE MAYO-DJINGA / A,325,MAYO-DJINGA,elecam-bv-2025-adamaoua,e3fdf74fdb0cd9e470e3a5bec48167e2cbdae32b5e8b5ddd28ad0ae1c657ee2f,needs_review,54,54,13674,13874,200
ELECAM-2025-AD-MAYO-BANYO-MAYO-DARLE-0029,29,AD,ADAMAOUA,AD-MAYO-BANYO,MAYO-BANYO,AD-MAYO-BANYO-MAYO-DARLE,MAYO-DARLE,ECOLE PUBLIQUE DE MAYO-DJINGA / B,256,MAYO-DJINGA,elecam-bv-2025-adamaoua,e3fdf74fdb0cd9e470e3a5bec48167e2cbdae32b5e8b5ddd28ad0ae1c657ee2f,needs_review,54,54,13674,13874,200
ELECAM-2025-AD-MAYO-BANYO-MAYO-DARLE-0030,30,AD,ADAMAOUA,AD-MAYO-BANYO,MAYO-BANYO,AD-MAYO-BANYO-MAYO-DARLE,MAYO-DARLE,ECOLE PUBLIQUE DE PANGARI / A,293,MAYO-GOLBI,elecam-bv-2025-adamaoua,e3fdf74fdb0cd9e470e3a5bec48167e2cbdae32b5e8b5ddd28ad0ae1c657ee2f,needs_review,54,54,13674,13874,200
ELECAM-2025-AD-MAYO-BANYO-MAYO-DARLE-0031,31,AD,ADAMAOUA,AD-MAYO-BANYO,MAYO-BANYO,AD-MAYO-BANYO-MAYO-DARLE,MAYO-DARLE,ECOLE PUBLIQUE DE PANGARI / B,281,MAYO-GOLBI,elecam-bv-2025-adamaoua,e3fdf74fdb0cd9e470e3a5bec48167e2cbdae32b5e8b5ddd28ad0ae1c657ee2f,needs_review,54,54,13674,13874,200
ELECAM-2025-AD-MAYO-BANYO-MAYO-DARLE-0032,32,AD,ADAMAOUA,AD-MAYO-BANYO,MAYO-BANYO,AD-MAYO-BANYO-MAYO-DARLE,MAYO-DARLE,ECOLE PUBLIQUE DE NGUESSAM / A,193,NGUESSAM,elecam-bv-2025-adamaoua,e3fdf74fdb0cd9e470e3a5bec48167e2cbdae32b5e8b5ddd28ad0ae1c657ee2f,needs_review,54,54,13674,13874,200
ELECAM-2025-AD-MAYO-BANYO-MAYO-DARLE-0033,33,AD,ADAMAOUA,AD-MAYO-BANYO,MAYO-BANYO,AD-MAYO-BANYO-MAYO-DARLE,MAYO-DARLE,ECOLE PUBLIQUE DE NYAWA 1 / A,338,NYAWA,elecam-bv-2025-adamaoua,e3fdf74fdb0cd9e470e3a5bec48167e2cbdae32b5e8b5ddd28ad0ae1c657ee2f,needs_review,54,54,13674,13874,200
ELECAM-2025-AD-MAYO-BANYO-MAYO-DARLE-0034,34,AD,ADAMAOUA,AD-MAYO-BANYO,MAYO-BANYO,AD-MAYO-BANYO-MAYO-DARLE,MAYO-DARLE,GOV'T BILINGUAL PRIMARY SCHOOL TAPARE,164,TAPARE,elecam-bv-2025-adamaoua,e3fdf74fdb0cd9e470e3a5bec48167e2cbdae32b5e8b5ddd28ad0ae1c657ee2f,needs_review,54,54,13674,13874,200
ELECAM-2025-AD-MAYO-BANYO-MAYO-DARLE-0035,35,AD,ADAMAOUA,AD-MAYO-BANYO,MAYO-BANYO,AD-MAYO-BANYO-MAYO-DARLE,MAYO-DARLE,ECOLE BILINGUE DE MAYO-DARLE / A,404,BONABERI,elecam-bv-2025-adamaoua,e3fdf74fdb0cd9e470e3a5bec48167e2cbdae32b5e8b5ddd28ad0ae1c657ee2f,needs_review,54,54,13674,13874,200
ELECAM-2025-AD-MAYO-BANYO-MAYO-DARLE-0036,36,AD,ADAMAOUA,AD-MAYO-BANYO,MAYO-BANYO,AD-MAYO-BANYO-MAYO-DARLE,MAYO-DARLE,ECOLE BILINGUE DE MAYO-DARLE / B,362,BONABERI,elecam-bv-2025-adamaoua,e3fdf74fdb0cd9e470e3a5bec48167e2cbdae32b5e8b5ddd28ad0ae1c657ee2f,needs_review,54,54,13674,13874,200
ELECAM-2025-AD-MAYO-BANYO-MAYO-DARLE-0037,37,AD,ADAMAOUA,AD-MAYO-BANYO,MAYO-BANYO,AD-MAYO-BANYO-MAYO-DARLE,MAYO-DARLE,ECOLE BILINGUE DE MAYO-DARLE / C,204,BONABERI,elecam-bv-2025-adamaoua,e3fdf74fdb0cd9e470e3a5bec48167e2cbdae32b5e8b5ddd28ad0ae1c657ee2f,needs_review,54,54,13674,13874,200
ELECAM-2025-AD-MAYO-BANYO-MAYO-DARLE-0038,38,AD,ADAMAOUA,AD-MAYO-BANYO,MAYO-BANYO,AD-MAYO-BANYO-MAYO-DARLE,MAYO-DARLE,ECOLE FRANCO-ARABE DE MAYO-DARLE / A,129,CAMPEMENT,elecam-bv-2025-adamaoua,e3fdf74fdb0cd9e470e3a5bec48167e2cbdae32b5e8b5ddd28ad0ae1c657ee2f,needs_review,54,54,13674,13874,200
ELECAM-2025-AD-MAYO-BANYO-MAYO-DARLE-0039,39,AD,ADAMAOUA,AD-MAYO-BANYO,MAYO-BANYO,AD-MAYO-BANYO-MAYO-DARLE,MAYO-DARLE,ECOLE FRANCO-ARABE DE MAYO-DARLE / B,81,CAMPEMENT,elecam-bv-2025-adamaoua,e3fdf74fdb0cd9e470e3a5bec48167e2cbdae32b5e8b5ddd28ad0ae1c657ee2f,needs_review,54,54,13674,13874,200
ELECAM-2025-AD-MAYO-BANYO-MAYO-DARLE-0040,40,AD,ADAMAOUA,AD-MAYO-BANYO,MAYO-BANYO,AD-MAYO-BANYO-MAYO-DARLE,MAYO-DARLE,ECOLE FRANCO-ARABE DE MAYO-DARLE / C,66,CAMPEMENT,elecam-bv-2025-adamaoua,e3fdf74fdb0cd9e470e3a5bec48167e2cbdae32b5e8b5ddd28ad0ae1c657ee2f,needs_review,54,54,13674,13874,200
ELECAM-2025-AD-MAYO-BANYO-MAYO-DARLE-0041,41,AD,ADAMAOUA,AD-MAYO-BANYO,MAYO-BANYO,AD-MAYO-BANYO-MAYO-DARLE,MAYO-DARLE,ECOLE PUBLIQUE GROUPE I DE,384,FADA,elecam-bv-2025-adamaoua,e3fdf74fdb0cd9e470e3a5bec48167e2cbdae32b5e8b5ddd28ad0ae1c657ee2f,needs_review,54,54,13674,13874,200
ELECAM-2025-AD-MAYO-BANYO-MAYO-DARLE-0042,42,AD,ADAMAOUA,AD-MAYO-BANYO,MAYO-BANYO,AD-MAYO-BANYO-MAYO-DARLE,MAYO-DARLE,ECOLE PUBLIQUE GROUPE I DE,313,FADA,elecam-bv-2025-adamaoua,e3fdf74fdb0cd9e470e3a5bec48167e2cbdae32b5e8b5ddd28ad0ae1c657ee2f,needs_review,54,54,13674,13874,200
ELECAM-2025-AD-MAYO-BANYO-MAYO-DARLE-0043,43,AD,ADAMAOUA,AD-MAYO-BANYO,MAYO-BANYO,AD-MAYO-BANYO-MAYO-DARLE,MAYO-DARLE,ECOLE PUBLIQUE GROUPE I DE,307,FADA,elecam-bv-2025-adamaoua,e3fdf74fdb0cd9e470e3a5bec48167e2cbdae32b5e8b5ddd28ad0ae1c657ee2f,needs_review,54,54,13674,13874,200
ELECAM-2025-AD-MAYO-BANYO-MAYO-DARLE-0044,44,AD,ADAMAOUA,AD-MAYO-BANYO,MAYO-BANYO,AD-MAYO-BANYO-MAYO-DARLE,MAYO-DARLE,ECOLE PUBLIQUE GROUPE I DE,290,FADA,elecam-bv-2025-adamaoua,e3fdf74fdb0cd9e470e3a5bec48167e2cbdae32b5e8b5ddd28ad0ae1c657ee2f,needs_review,54,54,13674,13874,200
ELECAM-2025-AD-MAYO-BANYO-MAYO-DARLE-0045,45,AD,ADAMAOUA,AD-MAYO-BANYO,MAYO-BANYO,AD-MAYO-BANYO-MAYO-DARLE,MAYO-DARLE,ECOLE PUBLIQUE GROUPE I DE,371,FADA,elecam-bv-2025-adamaoua,e3fdf74fdb0cd9e470e3a5bec48167e2cbdae32b5e8b5ddd28ad0ae1c657ee2f,needs_review,54,54,13674,13874,200
ELECAM-2025-AD-MAYO-BANYO-MAYO-DARLE-0046,46,AD,ADAMAOUA,AD-MAYO-BANYO,MAYO-BANYO,AD-MAYO-BANYO-MAYO-DARLE,MAYO-DARLE,ECOLE PUBLIQUE GROUPE I DE,360,FADA,elecam-bv-2025-adamaoua,e3fdf74fdb0cd9e470e3a5bec48167e2cbdae32b5e8b5ddd28ad0ae1c657ee2f,needs_review,54,54,13674,13874,200
ELECAM-2025-AD-MAYO-BANYO-MAYO-DARLE-0047,47,AD,ADAMAOUA,AD-MAYO-BANYO,MAYO-BANYO,AD-MAYO-BANYO-MAYO-DARLE,MAYO-DARLE,ECOLE PRIV. CATH. MAYO DARLE / A,435,GADA PLAN,elecam-bv-2025-adamaoua,e3fdf74fdb0cd9e470e3a5bec48167e2cbdae32b5e8b5ddd28ad0ae1c657ee2f,needs_review,54,54,13674,13874,200
ELECAM-2025-AD-MAYO-BANYO-MAYO-DARLE-0048,48,AD,ADAMAOUA,AD-MAYO-BANYO,MAYO-BANYO,AD-MAYO-BANYO-MAYO-DARLE,MAYO-DARLE,ECOLE PRIV. CATH. MAYO DARLE / B,408,GADA PLAN,elecam-bv-2025-adamaoua,e3fdf74fdb0cd9e470e3a5bec48167e2cbdae32b5e8b5ddd28ad0ae1c657ee2f,needs_review,54,54,13674,13874,200
ELECAM-2025-AD-MAYO-BANYO-MAYO-DARLE-0049,49,AD,ADAMAOUA,AD-MAYO-BANYO,MAYO-BANYO,AD-MAYO-BANYO-MAYO-DARLE,MAYO-DARLE,ECOLE PRIV. CATH. MAYO DARLE / C,153,GADA PLAN,elecam-bv-2025-adamaoua,e3fdf74fdb0cd9e470e3a5bec48167e2cbdae32b5e8b5ddd28ad0ae1c657ee2f,needs_review,54,54,13674,13874,200
ELECAM-2025-AD-MAYO-BANYO-MAYO-DARLE-0050,50,AD,ADAMAOUA,AD-MAYO-BANYO,MAYO-BANYO,AD-MAYO-BANYO-MAYO-DARLE,MAYO-DARLE,ECOLE PUBLIQUE DE WOURO YOBI / A,441,BOUDOWA,elecam-bv-2025-adamaoua,e3fdf74fdb0cd9e470e3a5bec48167e2cbdae32b5e8b5ddd28ad0ae1c657ee2f,needs_review,54,54,13674,13874,200
ELECAM-2025-AD-MAYO-BANYO-MAYO-DARLE-0051,51,AD,ADAMAOUA,AD-MAYO-BANYO,MAYO-BANYO,AD-MAYO-BANYO-MAYO-DARLE,MAYO-DARLE,ECOLE PUBLIQUE DE MAYO-SEINI / A,86,MAYO-SEINI,elecam-bv-2025-adamaoua,e3fdf74fdb0cd9e470e3a5bec48167e2cbdae32b5e8b5ddd28ad0ae1c657ee2f,needs_review,54,54,13674,13874,200
ELECAM-2025-AD-MAYO-BANYO-MAYO-DARLE-0052,52,AD,ADAMAOUA,AD-MAYO-BANYO,MAYO-BANYO,AD-MAYO-BANYO-MAYO-DARLE,MAYO-DARLE,ECOLE DES PARENTS DE MBALANG / A,172,MBALANG,elecam-bv-2025-adamaoua,e3fdf74fdb0cd9e470e3a5bec48167e2cbdae32b5e8b5ddd28ad0ae1c657ee2f,needs_review,54,54,13674,13874,200
ELECAM-2025-AD-MAYO-BANYO-MAYO-DARLE-0053,53,AD,ADAMAOUA,AD-MAYO-BANYO,MAYO-BANYO,AD-MAYO-BANYO-MAYO-DARLE,MAYO-DARLE,ECOLE DES PARENTS DE BOUNG 2 / A,281,BOUNG,elecam-bv-2025-adamaoua,e3fdf74fdb0cd9e470e3a5bec48167e2cbdae32b5e8b5ddd28ad0ae1c657ee2f,needs_review,54,54,13674,13874,200
ELECAM-2025-AD-MAYO-BANYO-MAYO-DARLE-0054,54,AD,ADAMAOUA,AD-MAYO-BANYO,MAYO-BANYO,AD-MAYO-BANYO-MAYO-DARLE,MAYO-DARLE,LYCEE BILINGUE DE MAYO-DARLE / A,135,DJAOURO MANA,elecam-bv-2025-adamaoua,e3fdf74fdb0cd9e470e3a5bec48167e2cbdae32b5e8b5ddd28ad0ae1c657ee2f,needs_review,54,54,13674,13874,200
ELECAM-2025-AD-MBERE-DIR-0001,1,AD,ADAMAOUA,AD-MBERE,MBERE,AD-MBERE-DIR,DIR,CASE COMMUNAUTAIRE ANCIEN BINAKO / A,132,ANCIEN BINAKO,elecam-bv-2025-adamaoua,e3fdf74fdb0cd9e470e3a5bec48167e2cbdae32b5e8b5ddd28ad0ae1c657ee2f,needs_review,60,60,14096,14496,400
ELECAM-2025-AD-MBERE-DIR-0002,2,AD,ADAMAOUA,AD-MBERE,MBERE,AD-MBERE-DIR,DIR,CASE COMMUNAUTAIRE BADI / A,141,BADI,elecam-bv-2025-adamaoua,e3fdf74fdb0cd9e470e3a5bec48167e2cbdae32b5e8b5ddd28ad0ae1c657ee2f,needs_review,60,60,14096,14496,400
ELECAM-2025-AD-MBERE-DIR-0003,3,AD,ADAMAOUA,AD-MBERE,MBERE,AD-MBERE-DIR,DIR,EP BADJER / A,322,BADJER,elecam-bv-2025-adamaoua,e3fdf74fdb0cd9e470e3a5bec48167e2cbdae32b5e8b5ddd28ad0ae1c657ee2f,needs_review,60,60,14096,14496,400
ELECAM-2025-AD-MBERE-DIR-0004,4,AD,ADAMAOUA,AD-MBERE,MBERE,AD-MBERE-DIR,DIR,EP BADJER / B,220,BADJER,elecam-bv-2025-adamaoua,e3fdf74fdb0cd9e470e3a5bec48167e2cbdae32b5e8b5ddd28ad0ae1c657ee2f,needs_review,60,60,14096,14496,400
ELECAM-2025-AD-MBERE-DIR-0005,5,AD,ADAMAOUA,AD-MBERE,MBERE,AD-MBERE-DIR,DIR,EP BADJER / C,261,BADJER,elecam-bv-2025-adamaoua,e3fdf74fdb0cd9e470e3a5bec48167e2cbdae32b5e8b5ddd28ad0ae1c657ee2f,needs_review,60,60,14096,14496,400
ELECAM-2025-AD-MBERE-DIR-0006,6,AD,ADAMAOUA,AD-MBERE,MBERE,AD-MBERE-DIR,DIR,EP BAGODO / A,320,BAGODO,elecam-bv-2025-adamaoua,e3fdf74fdb0cd9e470e3a5bec48167e2cbdae32b5e8b5ddd28ad0ae1c657ee2f,needs_review,60,60,14096,14496,400
ELECAM-2025-AD-MBERE-DIR-0007,7,AD,ADAMAOUA,AD-MBERE,MBERE,AD-MBERE-DIR,DIR,EP BAGODO / B,296,BAGODO,elecam-bv-2025-adamaoua,e3fdf74fdb0cd9e470e3a5bec48167e2cbdae32b5e8b5ddd28ad0ae1c657ee2f,needs_review,60,60,14096,14496,400
ELECAM-2025-AD-MBERE-DIR-0008,8,AD,ADAMAOUA,AD-MBERE,MBERE,AD-MBERE-DIR,DIR,EP BAGODO / C,343,BAGODO,elecam-bv-2025-adamaoua,e3fdf74fdb0cd9e470e3a5bec48167e2cbdae32b5e8b5ddd28ad0ae1c657ee2f,needs_review,60,60,14096,14496,400
ELECAM-2025-AD-MBERE-DIR-0009,9,AD,ADAMAOUA,AD-MBERE,MBERE,AD-MBERE-DIR,DIR,EP BATOUA PANGAR / A,304,BATOUA PANGAR,elecam-bv-2025-adamaoua,e3fdf74fdb0cd9e470e3a5bec48167e2cbdae32b5e8b5ddd28ad0ae1c657ee2f,needs_review,60,60,14096,14496,400
ELECAM-2025-AD-MBERE-DIR-0010,10,AD,ADAMAOUA,AD-MBERE,MBERE,AD-MBERE-DIR,DIR,EP BEKA ZIKI / A,171,BEKA ZIKI,elecam-bv-2025-adamaoua,e3fdf74fdb0cd9e470e3a5bec48167e2cbdae32b5e8b5ddd28ad0ae1c657ee2f,needs_review,60,60,14096,14496,400
ELECAM-2025-AD-MBERE-DIR-0011,11,AD,ADAMAOUA,AD-MBERE,MBERE,AD-MBERE-DIR,DIR,EP BEYALA / A,188,BEYALA,elecam-bv-2025-adamaoua,e3fdf74fdb0cd9e470e3a5bec48167e2cbdae32b5e8b5ddd28ad0ae1c657ee2f,needs_review,60,60,14096,14496,400
ELECAM-2025-AD-MBERE-DIR-0012,12,AD,ADAMAOUA,AD-MBERE,MBERE,AD-MBERE-DIR,DIR,EP BINDIBA / A,345,BINDIBA,elecam-bv-2025-adamaoua,e3fdf74fdb0cd9e470e3a5bec48167e2cbdae32b5e8b5ddd28ad0ae1c657ee2f,needs_review,60,60,14096,14496,400
ELECAM-2025-AD-MBERE-DIR-0013,13,AD,ADAMAOUA,AD-MBERE,MBERE,AD-MBERE-DIR,DIR,EP BINDIBA / B,332,BINDIBA,elecam-bv-2025-adamaoua,e3fdf74fdb0cd9e470e3a5bec48167e2cbdae32b5e8b5ddd28ad0ae1c657ee2f,needs_review,60,60,14096,14496,400
ELECAM-2025-AD-MBERE-DIR-0014,14,AD,ADAMAOUA,AD-MBERE,MBERE,AD-MBERE-DIR,DIR,EP BINDIBA / C,307,BINDIBA,elecam-bv-2025-adamaoua,e3fdf74fdb0cd9e470e3a5bec48167e2cbdae32b5e8b5ddd28ad0ae1c657ee2f,needs_review,60,60,14096,14496,400
ELECAM-2025-AD-MBERE-DIR-0015,15,AD,ADAMAOUA,AD-MBERE,MBERE,AD-MBERE-DIR,DIR,EP BINMBAPPE / A,265,BINMBAPPE,elecam-bv-2025-adamaoua,e3fdf74fdb0cd9e470e3a5bec48167e2cbdae32b5e8b5ddd28ad0ae1c657ee2f,needs_review,60,60,14096,14496,400
ELECAM-2025-AD-MBERE-DIR-0016,16,AD,ADAMAOUA,AD-MBERE,MBERE,AD-MBERE-DIR,DIR,EP BOFORO / A,358,BOFORO,elecam-bv-2025-adamaoua,e3fdf74fdb0cd9e470e3a5bec48167e2cbdae32b5e8b5ddd28ad0ae1c657ee2f,needs_review,60,60,14096,14496,400
ELECAM-2025-AD-MBERE-DIR-0017,17,AD,ADAMAOUA,AD-MBERE,MBERE,AD-MBERE-DIR,DIR,EP BOFORO / B,136,BOFORO,elecam-bv-2025-adamaoua,e3fdf74fdb0cd9e470e3a5bec48167e2cbdae32b5e8b5ddd28ad0ae1c657ee2f,needs_review,60,60,14096,14496,400
ELECAM-2025-AD-MBERE-DIR-0018,18,AD,ADAMAOUA,AD-MBERE,MBERE,AD-MBERE-DIR,DIR,EP BOY BAYA / A,333,BOY BAYA,elecam-bv-2025-adamaoua,e3fdf74fdb0cd9e470e3a5bec48167e2cbdae32b5e8b5ddd28ad0ae1c657ee2f,needs_review,60,60,14096,14496,400
ELECAM-2025-AD-MBERE-DIR-0019,19,AD,ADAMAOUA,AD-MBERE,MBERE,AD-MBERE-DIR,DIR,EP BOY BAYA / B,246,BOY BAYA,elecam-bv-2025-adamaoua,e3fdf74fdb0cd9e470e3a5bec48167e2cbdae32b5e8b5ddd28ad0ae1c657ee2f,needs_review,60,60,14096,14496,400
ELECAM-2025-AD-MBERE-DIR-0020,20,AD,ADAMAOUA,AD-MBERE,MBERE,AD-MBERE-DIR,DIR,EP GROUPE I DIR / A,404,DIR,elecam-bv-2025-adamaoua,e3fdf74fdb0cd9e470e3a5bec48167e2cbdae32b5e8b5ddd28ad0ae1c657ee2f,needs_review,60,60,14096,14496,400
ELECAM-2025-AD-MBERE-DIR-0021,21,AD,ADAMAOUA,AD-MBERE,MBERE,AD-MBERE-DIR,DIR,EP GROUPE I DIR / B,302,DIR,elecam-bv-2025-adamaoua,e3fdf74fdb0cd9e470e3a5bec48167e2cbdae32b5e8b5ddd28ad0ae1c657ee2f,needs_review,60,60,14096,14496,400
ELECAM-2025-AD-MBERE-DIR-0022,22,AD,ADAMAOUA,AD-MBERE,MBERE,AD-MBERE-DIR,DIR,EP GROUPE I DIR / C,346,DIR,elecam-bv-2025-adamaoua,e3fdf74fdb0cd9e470e3a5bec48167e2cbdae32b5e8b5ddd28ad0ae1c657ee2f,needs_review,60,60,14096,14496,400
ELECAM-2025-AD-MBERE-DIR-0023,23,AD,ADAMAOUA,AD-MBERE,MBERE,AD-MBERE-DIR,DIR,EP GROUPE I DIR / D,300,DIR,elecam-bv-2025-adamaoua,e3fdf74fdb0cd9e470e3a5bec48167e2cbdae32b5e8b5ddd28ad0ae1c657ee2f,needs_review,60,60,14096,14496,400
ELECAM-2025-AD-MBERE-DIR-0024,24,AD,ADAMAOUA,AD-MBERE,MBERE,AD-MBERE-DIR,DIR,EP GROUPE I DIR / E,325,DIR,elecam-bv-2025-adamaoua,e3fdf74fdb0cd9e470e3a5bec48167e2cbdae32b5e8b5ddd28ad0ae1c657ee2f,needs_review,60,60,14096,14496,400
ELECAM-2025-AD-MBERE-DIR-0025,25,AD,ADAMAOUA,AD-MBERE,MBERE,AD-MBERE-DIR,DIR,EP GROUPE I DIR / F,299,DIR,elecam-bv-2025-adamaoua,e3fdf74fdb0cd9e470e3a5bec48167e2cbdae32b5e8b5ddd28ad0ae1c657ee2f,needs_review,60,60,14096,14496,400
ELECAM-2025-AD-MBERE-DIR-0026,26,AD,ADAMAOUA,AD-MBERE,MBERE,AD-MBERE-DIR,DIR,EP GROUPE I DIR / G,325,DIR,elecam-bv-2025-adamaoua,e3fdf74fdb0cd9e470e3a5bec48167e2cbdae32b5e8b5ddd28ad0ae1c657ee2f,needs_review,60,60,14096,14496,400
ELECAM-2025-AD-MBERE-DIR-0027,27,AD,ADAMAOUA,AD-MBERE,MBERE,AD-MBERE-DIR,DIR,CASE COMMUNAUTAIRE DJEREM / A,169,DJEREM,elecam-bv-2025-adamaoua,e3fdf74fdb0cd9e470e3a5bec48167e2cbdae32b5e8b5ddd28ad0ae1c657ee2f,needs_review,60,60,14096,14496,400
ELECAM-2025-AD-MBERE-DIR-0028,28,AD,ADAMAOUA,AD-MBERE,MBERE,AD-MBERE-DIR,DIR,EP DOBIRI / A,91,DOBIRI,elecam-bv-2025-adamaoua,e3fdf74fdb0cd9e470e3a5bec48167e2cbdae32b5e8b5ddd28ad0ae1c657ee2f,needs_review,60,60,14096,14496,400
ELECAM-2025-AD-MBERE-DIR-0029,29,AD,ADAMAOUA,AD-MBERE,MBERE,AD-MBERE-DIR,DIR,EP DOUA / A,233,DOUA,elecam-bv-2025-adamaoua,e3fdf74fdb0cd9e470e3a5bec48167e2cbdae32b5e8b5ddd28ad0ae1c657ee2f,needs_review,60,60,14096,14496,400
ELECAM-2025-AD-MBERE-DIR-0030,30,AD,ADAMAOUA,AD-MBERE,MBERE,AD-MBERE-DIR,DIR,EP GAZAGAZADE / A,321,GAZAGAZADE,elecam-bv-2025-adamaoua,e3fdf74fdb0cd9e470e3a5bec48167e2cbdae32b5e8b5ddd28ad0ae1c657ee2f,needs_review,60,60,14096,14496,400
ELECAM-2025-AD-MBERE-DIR-0031,31,AD,ADAMAOUA,AD-MBERE,MBERE,AD-MBERE-DIR,DIR,EP GAZAGAZADE / B,29,GAZAGAZADE,elecam-bv-2025-adamaoua,e3fdf74fdb0cd9e470e3a5bec48167e2cbdae32b5e8b5ddd28ad0ae1c657ee2f,needs_review,60,60,14096,14496,400
ELECAM-2025-AD-MBERE-DIR-0032,32,AD,ADAMAOUA,AD-MBERE,MBERE,AD-MBERE-DIR,DIR,EP GORO / A,284,GORO,elecam-bv-2025-adamaoua,e3fdf74fdb0cd9e470e3a5bec48167e2cbdae32b5e8b5ddd28ad0ae1c657ee2f,needs_review,60,60,14096,14496,400
ELECAM-2025-AD-MBERE-DIR-0033,33,AD,ADAMAOUA,AD-MBERE,MBERE,AD-MBERE-DIR,DIR,EP GUIZORE / A,225,GUIZORE,elecam-bv-2025-adamaoua,e3fdf74fdb0cd9e470e3a5bec48167e2cbdae32b5e8b5ddd28ad0ae1c657ee2f,needs_review,60,60,14096,14496,400
ELECAM-2025-AD-MBERE-DIR-0034,34,AD,ADAMAOUA,AD-MBERE,MBERE,AD-MBERE-DIR,DIR,EP KALALDI / A,363,KALALDI,elecam-bv-2025-adamaoua,e3fdf74fdb0cd9e470e3a5bec48167e2cbdae32b5e8b5ddd28ad0ae1c657ee2f,needs_review,60,60,14096,14496,400
ELECAM-2025-AD-MBERE-DIR-0035,35,AD,ADAMAOUA,AD-MBERE,MBERE,AD-MBERE-DIR,DIR,EP KALALDI / B,341,KALALDI,elecam-bv-2025-adamaoua,e3fdf74fdb0cd9e470e3a5bec48167e2cbdae32b5e8b5ddd28ad0ae1c657ee2f,needs_review,60,60,14096,14496,400
ELECAM-2025-AD-MBERE-DIR-0036,36,AD,ADAMAOUA,AD-MBERE,MBERE,AD-MBERE-DIR,DIR,EP KALALDI / C,324,KALALDI,elecam-bv-2025-adamaoua,e3fdf74fdb0cd9e470e3a5bec48167e2cbdae32b5e8b5ddd28ad0ae1c657ee2f,needs_review,60,60,14096,14496,400
ELECAM-2025-AD-MBERE-DIR-0037,37,AD,ADAMAOUA,AD-MBERE,MBERE,AD-MBERE-DIR,DIR,EP KELA SAMI / A,317,KELA SAMI,elecam-bv-2025-adamaoua,e3fdf74fdb0cd9e470e3a5bec48167e2cbdae32b5e8b5ddd28ad0ae1c657ee2f,needs_review,60,60,14096,14496,400
ELECAM-2025-AD-MBERE-DIR-0038,38,AD,ADAMAOUA,AD-MBERE,MBERE,AD-MBERE-DIR,DIR,EP KOUNDE / A,213,KOUNDE,elecam-bv-2025-adamaoua,e3fdf74fdb0cd9e470e3a5bec48167e2cbdae32b5e8b5ddd28ad0ae1c657ee2f,needs_review,60,60,14096,14496,400
ELECAM-2025-AD-MBERE-DIR-0039,39,AD,ADAMAOUA,AD-MBERE,MBERE,AD-MBERE-DIR,DIR,EP LAMOU / A,100,LAMOU,elecam-bv-2025-adamaoua,e3fdf74fdb0cd9e470e3a5bec48167e2cbdae32b5e8b5ddd28ad0ae1c657ee2f,needs_review,60,60,14096,14496,400
ELECAM-2025-AD-MBERE-DIR-0040,40,AD,ADAMAOUA,AD-MBERE,MBERE,AD-MBERE-DIR,DIR,CASE COMMUNAUTAIRE MALINGARA / A,96,MALINGARA,elecam-bv-2025-adamaoua,e3fdf74fdb0cd9e470e3a5bec48167e2cbdae32b5e8b5ddd28ad0ae1c657ee2f,needs_review,60,60,14096,14496,400
ELECAM-2025-AD-MBERE-DIR-0041,41,AD,ADAMAOUA,AD-MBERE,MBERE,AD-MBERE-DIR,DIR,EP ALI AFFAIRE / A,245,MATOKO,elecam-bv-2025-adamaoua,e3fdf74fdb0cd9e470e3a5bec48167e2cbdae32b5e8b5ddd28ad0ae1c657ee2f,needs_review,60,60,14096,14496,400
ELECAM-2025-AD-MBERE-DIR-0042,42,AD,ADAMAOUA,AD-MBERE,MBERE,AD-MBERE-DIR,DIR,EP MBELLA / A,256,MBELLA,elecam-bv-2025-adamaoua,e3fdf74fdb0cd9e470e3a5bec48167e2cbdae32b5e8b5ddd28ad0ae1c657ee2f,needs_review,60,60,14096,14496,400
ELECAM-2025-AD-MBERE-DIR-0043,43,AD,ADAMAOUA,AD-MBERE,MBERE,AD-MBERE-DIR,DIR,EP MBIGORO I / A,246,MBIGORO I,elecam-bv-2025-adamaoua,e3fdf74fdb0cd9e470e3a5bec48167e2cbdae32b5e8b5ddd28ad0ae1c657ee2f,needs_review,60,60,14096,14496,400
ELECAM-2025-AD-MBERE-DIR-0044,44,AD,ADAMAOUA,AD-MBERE,MBERE,AD-MBERE-DIR,DIR,CASE COMMUNAUTAIRE MOINAM / A,59,MOINAM,elecam-bv-2025-adamaoua,e3fdf74fdb0cd9e470e3a5bec48167e2cbdae32b5e8b5ddd28ad0ae1c657ee2f,needs_review,60,60,14096,14496,400
ELECAM-2025-AD-MBERE-DIR-0045,45,AD,ADAMAOUA,AD-MBERE,MBERE,AD-MBERE-DIR,DIR,EP RAOUZANAM / A,166,RAOUZANAM,elecam-bv-2025-adamaoua,e3fdf74fdb0cd9e470e3a5bec48167e2cbdae32b5e8b5ddd28ad0ae1c657ee2f,needs_review,60,60,14096,14496,400
ELECAM-2025-AD-MBERE-DIR-0046,46,AD,ADAMAOUA,AD-MBERE,MBERE,AD-MBERE-DIR,DIR,EP SOURMA / A,330,SOURMA,elecam-bv-2025-adamaoua,e3fdf74fdb0cd9e470e3a5bec48167e2cbdae32b5e8b5ddd28ad0ae1c657ee2f,needs_review,60,60,14096,14496,400
ELECAM-2025-AD-MBERE-DIR-0047,47,AD,ADAMAOUA,AD-MBERE,MBERE,AD-MBERE-DIR,DIR,EP SOURMA / B,150,SOURMA,elecam-bv-2025-adamaoua,e3fdf74fdb0cd9e470e3a5bec48167e2cbdae32b5e8b5ddd28ad0ae1c657ee2f,needs_review,60,60,14096,14496,400
ELECAM-2025-AD-MBERE-DIR-0048,48,AD,ADAMAOUA,AD-MBERE,MBERE,AD-MBERE-DIR,DIR,ECOLE BILINGUE DIR / A,400,TENAH SAFOU,elecam-bv-2025-adamaoua,e3fdf74fdb0cd9e470e3a5bec48167e2cbdae32b5e8b5ddd28ad0ae1c657ee2f,needs_review,60,60,14096,14496,400
ELECAM-2025-AD-MBERE-DIR-0049,49,AD,ADAMAOUA,AD-MBERE,MBERE,AD-MBERE-DIR,DIR,ECOLE BILINGUE DIR / B,51,TENAH SAFOU,elecam-bv-2025-adamaoua,e3fdf74fdb0cd9e470e3a5bec48167e2cbdae32b5e8b5ddd28ad0ae1c657ee2f,needs_review,60,60,14096,14496,400
ELECAM-2025-AD-MBERE-DIR-0050,50,AD,ADAMAOUA,AD-MBERE,MBERE,AD-MBERE-DIR,DIR,LYCEE DIR / A,185,TIKORO MBORGUENE,elecam-bv-2025-adamaoua,e3fdf74fdb0cd9e470e3a5bec48167e2cbdae32b5e8b5ddd28ad0ae1c657ee2f,needs_review,60,60,14096,14496,400
ELECAM-2025-AD-MBERE-DIR-0051,51,AD,ADAMAOUA,AD-MBERE,MBERE,AD-MBERE-DIR,DIR,ECOLE DES PARENTS TOMEDO / A,307,TOMEDO,elecam-bv-2025-adamaoua,e3fdf74fdb0cd9e470e3a5bec48167e2cbdae32b5e8b5ddd28ad0ae1c657ee2f,needs_review,60,60,14096,14496,400
ELECAM-2025-AD-MBERE-DIR-0052,52,AD,ADAMAOUA,AD-MBERE,MBERE,AD-MBERE-DIR,DIR,EP WAAH / A,319,WAAH,elecam-bv-2025-adamaoua,e3fdf74fdb0cd9e470e3a5bec48167e2cbdae32b5e8b5ddd28ad0ae1c657ee2f,needs_review,60,60,14096,14496,400
ELECAM-2025-AD-MBERE-DIR-0053,53,AD,ADAMAOUA,AD-MBERE,MBERE,AD-MBERE-DIR,DIR,EP WAAH / B,313,WAAH,elecam-bv-2025-adamaoua,e3fdf74fdb0cd9e470e3a5bec48167e2cbdae32b5e8b5ddd28ad0ae1c657ee2f,needs_review,60,60,14096,14496,400
ELECAM-2025-AD-MBERE-DIR-0054,54,AD,ADAMAOUA,AD-MBERE,MBERE,AD-MBERE-DIR,DIR,CASE COMMUNAUTAIRE WENDOKA / A,48,WENDOKA,elecam-bv-2025-adamaoua,e3fdf74fdb0cd9e470e3a5bec48167e2cbdae32b5e8b5ddd28ad0ae1c657ee2f,needs_review,60,60,14096,14496,400
ELECAM-2025-AD-MBERE-DIR-0055,55,AD,ADAMAOUA,AD-MBERE,MBERE,AD-MBERE-DIR,DIR,ECOLE MATERNELLE DE MBIGORO II / A,70,MBIGORO I,elecam-bv-2025-adamaoua,e3fdf74fdb0cd9e470e3a5bec48167e2cbdae32b5e8b5ddd28ad0ae1c657ee2f,needs_review,60,60,14096,14496,400
ELECAM-2025-AD-MBERE-DIR-0056,56,AD,ADAMAOUA,AD-MBERE,MBERE,AD-MBERE-DIR,DIR,CASE COMMUNAUTAIRE DE GBEZAH / A,94,GBEZAH,elecam-bv-2025-adamaoua,e3fdf74fdb0cd9e470e3a5bec48167e2cbdae32b5e8b5ddd28ad0ae1c657ee2f,needs_review,60,60,14096,14496,400
ELECAM-2025-AD-MBERE-DIR-0057,57,AD,ADAMAOUA,AD-MBERE,MBERE,AD-MBERE-DIR,DIR,CASE COMMUNAUTAIRE DE GBAGO / A,38,GBAGO,elecam-bv-2025-adamaoua,e3fdf74fdb0cd9e470e3a5bec48167e2cbdae32b5e8b5ddd28ad0ae1c657ee2f,needs_review,60,60,14096,14496,400
ELECAM-2025-AD-MBERE-DIR-0058,58,AD,ADAMAOUA,AD-MBERE,MBERE,AD-MBERE-DIR,DIR,EP PANGARA 4 / A,436,PANGARA,elecam-bv-2025-adamaoua,e3fdf74fdb0cd9e470e3a5bec48167e2cbdae32b5e8b5ddd28ad0ae1c657ee2f,needs_review,60,60,14096,14496,400
ELECAM-2025-AD-MBERE-DIR-0059,59,AD,ADAMAOUA,AD-MBERE,MBERE,AD-MBERE-DIR,DIR,CASE COM. MBARTOUA PASSI / A,210,MBARTOUA PASSI,elecam-bv-2025-adamaoua,e3fdf74fdb0cd9e470e3a5bec48167e2cbdae32b5e8b5ddd28ad0ae1c657ee2f,needs_review,60,60,14096,14496,400
ELECAM-2025-AD-MBERE-DIR-0060,60,AD,ADAMAOUA,AD-MBERE,MBERE,AD-MBERE-DIR,DIR,CASE COMMUNAUTAIRE NYONGAKE / A,146,NYONGAKE,elecam-bv-2025-adamaoua,e3fdf74fdb0cd9e470e3a5bec48167e2cbdae32b5e8b5ddd28ad0ae1c657ee2f,needs_review,60,60,14096,14496,400
ELECAM-2025-CE-HAUTE-SANAGA-MINTA-0001,1,CE,CENTRE,CE-HAUTE-SANAGA,HAUTE-SANAGA,CE-HAUTE-SANAGA-MINTA,MINTA,ECOLE PUBLIQUE DE MINTA / A,288,ABONG-MBOUNG,elecam-bv-2025-centre,e7f45f43af4f5287d99342df0b21853cb6ae923463331345126fc79a961816eb,needs_review,54,54,6184,6384,200
ELECAM-2025-CE-HAUTE-SANAGA-MINTA-0002,2,CE,CENTRE,CE-HAUTE-SANAGA,HAUTE-SANAGA,CE-HAUTE-SANAGA-MINTA,MINTA,ECOLE PUBLIQUE DE MINTA / B,249,ABONG-MBOUNG,elecam-bv-2025-centre,e7f45f43af4f5287d99342df0b21853cb6ae923463331345126fc79a961816eb,needs_review,54,54,6184,6384,200
ELECAM-2025-CE-HAUTE-SANAGA-MINTA-0003,3,CE,CENTRE,CE-HAUTE-SANAGA,HAUTE-SANAGA,CE-HAUTE-SANAGA-MINTA,MINTA,CASE A PALABRE CHEFFERIE D'AFANOVENG,137,AFANOVENG,elecam-bv-2025-centre,e7f45f43af4f5287d99342df0b21853cb6ae923463331345126fc79a961816eb,needs_review,54,54,6184,6384,200
ELECAM-2025-CE-HAUTE-SANAGA-MINTA-0004,4,CE,CENTRE,CE-HAUTE-SANAGA,HAUTE-SANAGA,CE-HAUTE-SANAGA-MINTA,MINTA,LYCEE DE MINTA / A,187,AKOUM I,elecam-bv-2025-centre,e7f45f43af4f5287d99342df0b21853cb6ae923463331345126fc79a961816eb,needs_review,54,54,6184,6384,200
ELECAM-2025-CE-HAUTE-SANAGA-MINTA-0005,5,CE,CENTRE,CE-HAUTE-SANAGA,HAUTE-SANAGA,CE-HAUTE-SANAGA-MINTA,MINTA,ECOLE PUBLIQUE DE MEBA / A,173,ANTENNE,elecam-bv-2025-centre,e7f45f43af4f5287d99342df0b21853cb6ae923463331345126fc79a961816eb,needs_review,54,54,6184,6384,200
ELECAM-2025-CE-HAUTE-SANAGA-MINTA-0006,6,CE,CENTRE,CE-HAUTE-SANAGA,HAUTE-SANAGA,CE-HAUTE-SANAGA-MINTA,MINTA,ECOLE PUBLIQUE DE NIO / A,178,BAPECK,elecam-bv-2025-centre,e7f45f43af4f5287d99342df0b21853cb6ae923463331345126fc79a961816eb,needs_review,54,54,6184,6384,200
ELECAM-2025-CE-HAUTE-SANAGA-MINTA-0007,7,CE,CENTRE,CE-HAUTE-SANAGA,HAUTE-SANAGA,CE-HAUTE-SANAGA-MINTA,MINTA,C.E.S. DE MEKON II / A,168,BIKOL,elecam-bv-2025-centre,e7f45f43af4f5287d99342df0b21853cb6ae923463331345126fc79a961816eb,needs_review,54,54,6184,6384,200
ELECAM-2025-CE-HAUTE-SANAGA-MINTA-0008,8,CE,CENTRE,CE-HAUTE-SANAGA,HAUTE-SANAGA,CE-HAUTE-SANAGA-MINTA,MINTA,CASE A PALABRE DE LA CHEFFERIE DE,119,BIKOL I,elecam-bv-2025-centre,e7f45f43af4f5287d99342df0b21853cb6ae923463331345126fc79a961816eb,needs_review,54,54,6184,6384,200
ELECAM-2025-CE-HAUTE-SANAGA-MINTA-0009,9,CE,CENTRE,CE-HAUTE-SANAGA,HAUTE-SANAGA,CE-HAUTE-SANAGA-MINTA,MINTA,SALLE DES REUNIONS DE MINTA VILLAGE / A,139,BITIBIDOU,elecam-bv-2025-centre,e7f45f43af4f5287d99342df0b21853cb6ae923463331345126fc79a961816eb,needs_review,54,54,6184,6384,200
ELECAM-2025-CE-HAUTE-SANAGA-MINTA-0010,10,CE,CENTRE,CE-HAUTE-SANAGA,HAUTE-SANAGA,CE-HAUTE-SANAGA-MINTA,MINTA,CASE A PALABRE DE LA CHEFFERIE DE,41,COMBANI,elecam-bv-2025-centre,e7f45f43af4f5287d99342df0b21853cb6ae923463331345126fc79a961816eb,needs_review,54,54,6184,6384,200
ELECAM-2025-CE-HAUTE-SANAGA-MINTA-0011,11,CE,CENTRE,CE-HAUTE-SANAGA,HAUTE-SANAGA,CE-HAUTE-SANAGA-MINTA,MINTA,CASE A PALABRE CHEFFERIE DE,102,DIMAKO,elecam-bv-2025-centre,e7f45f43af4f5287d99342df0b21853cb6ae923463331345126fc79a961816eb,needs_review,54,54,6184,6384,200
ELECAM-2025-CE-HAUTE-SANAGA-MINTA-0012,12,CE,CENTRE,CE-HAUTE-SANAGA,HAUTE-SANAGA,CE-HAUTE-SANAGA-MINTA,MINTA,ECOLE PUBLIQUE D'EBANGAL / A,78,EBANGAL,elecam-bv-2025-centre,e7f45f43af4f5287d99342df0b21853cb6ae923463331345126fc79a961816eb,needs_review,54,54,6184,6384,200
ELECAM-2025-CE-HAUTE-SANAGA-MINTA-0013,13,CE,CENTRE,CE-HAUTE-SANAGA,HAUTE-SANAGA,CE-HAUTE-SANAGA-MINTA,MINTA,CASE A PALABRE DE LA CHEFFERIE DE,134,EBOLMAN,elecam-bv-2025-centre,e7f45f43af4f5287d99342df0b21853cb6ae923463331345126fc79a961816eb,needs_review,54,54,6184,6384,200
ELECAM-2025-CE-HAUTE-SANAGA-MINTA-0014,14,CE,CENTRE,CE-HAUTE-SANAGA,HAUTE-SANAGA,CE-HAUTE-SANAGA-MINTA,MINTA,ECOLE PUBLIQUE D'EKAK / A,142,EKAK,elecam-bv-2025-centre,e7f45f43af4f5287d99342df0b21853cb6ae923463331345126fc79a961816eb,needs_review,54,54,6184,6384,200
ELECAM-2025-CE-HAUTE-SANAGA-MINTA-0015,15,CE,CENTRE,CE-HAUTE-SANAGA,HAUTE-SANAGA,CE-HAUTE-SANAGA-MINTA,MINTA,ECOLE PUBLIQUE DE MEBANG / A,109,EKANG-MEBANG,elecam-bv-2025-centre,e7f45f43af4f5287d99342df0b21853cb6ae923463331345126fc79a961816eb,needs_review,54,54,6184,6384,200
ELECAM-2025-CE-HAUTE-SANAGA-MINTA-0016,16,CE,CENTRE,CE-HAUTE-SANAGA,HAUTE-SANAGA,CE-HAUTE-SANAGA-MINTA,MINTA,CASE A PALABRE DE LA CHEFFERIE,33,ENDOUM,elecam-bv-2025-centre,e7f45f43af4f5287d99342df0b21853cb6ae923463331345126fc79a961816eb,needs_review,54,54,6184,6384,200
ELECAM-2025-CE-HAUTE-SANAGA-MINTA-0017,17,CE,CENTRE,CE-HAUTE-SANAGA,HAUTE-SANAGA,CE-HAUTE-SANAGA-MINTA,MINTA,HANGAR DE LA CHEFFERIE D'ENONG BIBAK /,78,ENONG BIBAK,elecam-bv-2025-centre,e7f45f43af4f5287d99342df0b21853cb6ae923463331345126fc79a961816eb,needs_review,54,54,6184,6384,200
ELECAM-2025-CE-HAUTE-SANAGA-MINTA-0018,18,CE,CENTRE,CE-HAUTE-SANAGA,HAUTE-SANAGA,CE-HAUTE-SANAGA-MINTA,MINTA,HANGAR DE LA CHEFFERIE D'ESSABITONG /,81,ESSABITONG,elecam-bv-2025-centre,e7f45f43af4f5287d99342df0b21853cb6ae923463331345126fc79a961816eb,needs_review,54,54,6184,6384,200
ELECAM-2025-CE-HAUTE-SANAGA-MINTA-0019,19,CE,CENTRE,CE-HAUTE-SANAGA,HAUTE-SANAGA,CE-HAUTE-SANAGA-MINTA,MINTA,CASE A PALABRE CHEFFERIE D'ETEK-EVE / A,84,ETEK-EVE,elecam-bv-2025-centre,e7f45f43af4f5287d99342df0b21853cb6ae923463331345126fc79a961816eb,needs_review,54,54,6184,6384,200
ELECAM-2025-CE-HAUTE-SANAGA-MINTA-0020,20,CE,CENTRE,CE-HAUTE-SANAGA,HAUTE-SANAGA,CE-HAUTE-SANAGA-MINTA,MINTA,ECOLE PUBLIQUE D'ELOT / A,94,ELOT,elecam-bv-2025-centre,e7f45f43af4f5287d99342df0b21853cb6ae923463331345126fc79a961816eb,needs_review,54,54,6184,6384,200
ELECAM-2025-CE-HAUTE-SANAGA-MINTA-0021,21,CE,CENTRE,CE-HAUTE-SANAGA,HAUTE-SANAGA,CE-HAUTE-SANAGA-MINTA,MINTA,FOYER CULTUREL DE KAKBAN / A,159,KAKBAN,elecam-bv-2025-centre,e7f45f43af4f5287d99342df0b21853cb6ae923463331345126fc79a961816eb,needs_review,54,54,6184,6384,200
ELECAM-2025-CE-HAUTE-SANAGA-MINTA-0022,22,CE,CENTRE,CE-HAUTE-SANAGA,HAUTE-SANAGA,CE-HAUTE-SANAGA-MINTA,MINTA,ESPLANADE DE LA CHEFFERIE DE KOUKOUNI,89,KOUKOUNI,elecam-bv-2025-centre,e7f45f43af4f5287d99342df0b21853cb6ae923463331345126fc79a961816eb,needs_review,54,54,6184,6384,200
ELECAM-2025-CE-HAUTE-SANAGA-MINTA-0023,23,CE,CENTRE,CE-HAUTE-SANAGA,HAUTE-SANAGA,CE-HAUTE-SANAGA-MINTA,MINTA,ECOLE PUBLIQUE DE MBARGUE / A,220,KOM I,elecam-bv-2025-centre,e7f45f43af4f5287d99342df0b21853cb6ae923463331345126fc79a961816eb,needs_review,54,54,6184,6384,200
ELECAM-2025-CE-HAUTE-SANAGA-MINTA-0024,24,CE,CENTRE,CE-HAUTE-SANAGA,HAUTE-SANAGA,CE-HAUTE-SANAGA-MINTA,MINTA,ECOLE PUBLIQUE DE MBET / A,166,MBET,elecam-bv-2025-centre,e7f45f43af4f5287d99342df0b21853cb6ae923463331345126fc79a961816eb,needs_review,54,54,6184,6384,200
ELECAM-2025-CE-HAUTE-SANAGA-MINTA-0025,25,CE,CENTRE,CE-HAUTE-SANAGA,HAUTE-SANAGA,CE-HAUTE-SANAGA-MINTA,MINTA,CASE A PALABRE CHEFFERIE DE,130,MEDALMBOM,elecam-bv-2025-centre,e7f45f43af4f5287d99342df0b21853cb6ae923463331345126fc79a961816eb,needs_review,54,54,6184,6384,200
ELECAM-2025-CE-HAUTE-SANAGA-MINTA-0026,26,CE,CENTRE,CE-HAUTE-SANAGA,HAUTE-SANAGA,CE-HAUTE-SANAGA-MINTA,MINTA,ECOLE PUBLIQUE DE WALL / A,188,MENDEP,elecam-bv-2025-centre,e7f45f43af4f5287d99342df0b21853cb6ae923463331345126fc79a961816eb,needs_review,54,54,6184,6384,200
ELECAM-2025-CE-HAUTE-SANAGA-MINTA-0027,27,CE,CENTRE,CE-HAUTE-SANAGA,HAUTE-SANAGA,CE-HAUTE-SANAGA-MINTA,MINTA,EGLISE CATHOLIQUE DE MENDOM / A,108,MENDOM I,elecam-bv-2025-centre,e7f45f43af4f5287d99342df0b21853cb6ae923463331345126fc79a961816eb,needs_review,54,54,6184,6384,200
ELECAM-2025-CE-HAUTE-SANAGA-MINTA-0028,28,CE,CENTRE,CE-HAUTE-SANAGA,HAUTE-SANAGA,CE-HAUTE-SANAGA-MINTA,MINTA,HANGAR DE LA CHEFFERIE DE MENGUE II / A,53,MENGUE II,elecam-bv-2025-centre,e7f45f43af4f5287d99342df0b21853cb6ae923463331345126fc79a961816eb,needs_review,54,54,6184,6384,200
ELECAM-2025-CE-HAUTE-SANAGA-MINTA-0029,29,CE,CENTRE,CE-HAUTE-SANAGA,HAUTE-SANAGA,CE-HAUTE-SANAGA-MINTA,MINTA,ESPLANADE DE LA CHEFFERIE DE MVOMO /,63,MEWON,elecam-bv-2025-centre,e7f45f43af4f5287d99342df0b21853cb6ae923463331345126fc79a961816eb,needs_review,54,54,6184,6384,200
ELECAM-2025-CE-HAUTE-SANAGA-MINTA-0030,30,CE,CENTRE,CE-HAUTE-SANAGA,HAUTE-SANAGA,CE-HAUTE-SANAGA-MINTA,MINTA,CASE A PALABREDE LA CHEFFERIE DE,77,MEYAK,elecam-bv-2025-centre,e7f45f43af4f5287d99342df0b21853cb6ae923463331345126fc79a961816eb,needs_review,54,54,6184,6384,200
ELECAM-2025-CE-HAUTE-SANAGA-MINTA-0031,31,CE,CENTRE,CE-HAUTE-SANAGA,HAUTE-SANAGA,CE-HAUTE-SANAGA-MINTA,MINTA,ECOLE PUBLIQUE MGBAKA / A,128,MGBAKA,elecam-bv-2025-centre,e7f45f43af4f5287d99342df0b21853cb6ae923463331345126fc79a961816eb,needs_review,54,54,6184,6384,200
ELECAM-2025-CE-HAUTE-SANAGA-MINTA-0032,32,CE,CENTRE,CE-HAUTE-SANAGA,HAUTE-SANAGA,CE-HAUTE-SANAGA-MINTA,MINTA,HANGAR DE LA CHEFFERIE DE NDJOUMBI / A,50,NDJOUMBI,elecam-bv-2025-centre,e7f45f43af4f5287d99342df0b21853cb6ae923463331345126fc79a961816eb,needs_review,54,54,6184,6384,200
ELECAM-2025-CE-HAUTE-SANAGA-MINTA-0033,33,CE,CENTRE,CE-HAUTE-SANAGA,HAUTE-SANAGA,CE-HAUTE-SANAGA-MINTA,MINTA,CASE A PALABRE CHEFFERIE DE NGOMBE I /,46,NGOMBE I,elecam-bv-2025-centre,e7f45f43af4f5287d99342df0b21853cb6ae923463331345126fc79a961816eb,needs_review,54,54,6184,6384,200
ELECAM-2025-CE-HAUTE-SANAGA-MINTA-0034,34,CE,CENTRE,CE-HAUTE-SANAGA,HAUTE-SANAGA,CE-HAUTE-SANAGA-MINTA,MINTA,ECOLE PUBLIQUE DE NGO'O / A,173,NGO'O,elecam-bv-2025-centre,e7f45f43af4f5287d99342df0b21853cb6ae923463331345126fc79a961816eb,needs_review,54,54,6184,6384,200
ELECAM-2025-CE-HAUTE-SANAGA-MINTA-0035,35,CE,CENTRE,CE-HAUTE-SANAGA,HAUTE-SANAGA,CE-HAUTE-SANAGA-MINTA,MINTA,ECOLE PUBLIQUE DE MIMBANG / A,180,MIMBANG,elecam-bv-2025-centre,e7f45f43af4f5287d99342df0b21853cb6ae923463331345126fc79a961816eb,needs_review,54,54,6184,6384,200
ELECAM-2025-CE-HAUTE-SANAGA-MINTA-0036,36,CE,CENTRE,CE-HAUTE-SANAGA,HAUTE-SANAGA,CE-HAUTE-SANAGA-MINTA,MINTA,ECOLE PUBLIQUE DE NLANG / A,49,NLANG,elecam-bv-2025-centre,e7f45f43af4f5287d99342df0b21853cb6ae923463331345126fc79a961816eb,needs_review,54,54,6184,6384,200
ELECAM-2025-CE-HAUTE-SANAGA-MINTA-0037,37,CE,CENTRE,CE-HAUTE-SANAGA,HAUTE-SANAGA,CE-HAUTE-SANAGA-MINTA,MINTA,SALLE DES FETES SOUS-PREFECTURE DE,321,CENTRE ADMINISTRATIF COMMERCIAL,elecam-bv-2025-centre,e7f45f43af4f5287d99342df0b21853cb6ae923463331345126fc79a961816eb,needs_review,54,54,6184,6384,200
ELECAM-2025-CE-HAUTE-SANAGA-MINTA-0038,38,CE,CENTRE,CE-HAUTE-SANAGA,HAUTE-SANAGA,CE-HAUTE-SANAGA-MINTA,MINTA,SALLE DES FETES SOUS-PREFECTURE DE,372,CENTRE ADMINISTRATIF COMMERCIAL,elecam-bv-2025-centre,e7f45f43af4f5287d99342df0b21853cb6ae923463331345126fc79a961816eb,needs_review,54,54,6184,6384,200
ELECAM-2025-CE-HAUTE-SANAGA-MINTA-0039,39,CE,CENTRE,CE-HAUTE-SANAGA,HAUTE-SANAGA,CE-HAUTE-SANAGA-MINTA,MINTA,CASE A PALABRE DE LA CHEFFERIE DE,77,TIKARE,elecam-bv-2025-centre,e7f45f43af4f5287d99342df0b21853cb6ae923463331345126fc79a961816eb,needs_review,54,54,6184,6384,200
ELECAM-2025-CE-HAUTE-SANAGA-MINTA-0040,40,CE,CENTRE,CE-HAUTE-SANAGA,HAUTE-SANAGA,CE-HAUTE-SANAGA-MINTA,MINTA,C.E.S. DE VELA / A,144,VELA,elecam-bv-2025-centre,e7f45f43af4f5287d99342df0b21853cb6ae923463331345126fc79a961816eb,needs_review,54,54,6184,6384,200
ELECAM-2025-CE-HAUTE-SANAGA-MINTA-0041,41,CE,CENTRE,CE-HAUTE-SANAGA,HAUTE-SANAGA,CE-HAUTE-SANAGA-MINTA,MINTA,CETIC DE MBET / A,259,MBET 1 ET,elecam-bv-2025-centre,e7f45f43af4f5287d99342df0b21853cb6ae923463331345126fc79a961816eb,needs_review,54,54,6184,6384,200
ELECAM-2025-CE-HAUTE-SANAGA-MINTA-0042,42,CE,CENTRE,CE-HAUTE-SANAGA,HAUTE-SANAGA,CE-HAUTE-SANAGA-MINTA,MINTA,ESPLANADE CHEFFERIE DE YONG / A,29,EKANG-YONG,elecam-bv-2025-centre,e7f45f43af4f5287d99342df0b21853cb6ae923463331345126fc79a961816eb,needs_review,54,54,6184,6384,200
ELECAM-2025-CE-HAUTE-SANAGA-MINTA-0043,43,CE,CENTRE,CE-HAUTE-SANAGA,HAUTE-SANAGA,CE-HAUTE-SANAGA-MINTA,MINTA,ESPLANADE CHEFFERIE DE MEBA / A,56,MEBA II,elecam-bv-2025-centre,e7f45f43af4f5287d99342df0b21853cb6ae923463331345126fc79a961816eb,needs_review,54,54,6184,6384,200
ELECAM-2025-CE-HAUTE-SANAGA-MINTA-0044,44,CE,CENTRE,CE-HAUTE-SANAGA,HAUTE-SANAGA,CE-HAUTE-SANAGA-MINTA,MINTA,ESPLANADE CHEFFERIE DE NGUEN II / A,65,NGUEN,elecam-bv-2025-centre,e7f45f43af4f5287d99342df0b21853cb6ae923463331345126fc79a961816eb,needs_review,54,54,6184,6384,200
ELECAM-2025-CE-HAUTE-SANAGA-MINTA-0045,45,CE,CENTRE,CE-HAUTE-SANAGA,HAUTE-SANAGA,CE-HAUTE-SANAGA-MINTA,MINTA,ESPLANADE CHEFFERIE DE NGAMBA / A,56,NGAMBA,elecam-bv-2025-centre,e7f45f43af4f5287d99342df0b21853cb6ae923463331345126fc79a961816eb,needs_review,54,54,6184,6384,200
ELECAM-2025-CE-HAUTE-SANAGA-MINTA-0046,46,CE,CENTRE,CE-HAUTE-SANAGA,HAUTE-SANAGA,CE-HAUTE-SANAGA-MINTA,MINTA,ESPLANADE CHEFFERIE DE BIKOL I / A,29,BIKOL II,elecam-bv-2025-centre,e7f45f43af4f5287d99342df0b21853cb6ae923463331345126fc79a961816eb,needs_review,54,54,6184,6384,200
ELECAM-2025-CE-HAUTE-SANAGA-MINTA-0047,47,CE,CENTRE,CE-HAUTE-SANAGA,HAUTE-SANAGA,CE-HAUTE-SANAGA-MINTA,MINTA,MISSION CATHOLIQUE / A,74,BITIBIDOU,elecam-bv-2025-centre,e7f45f43af4f5287d99342df0b21853cb6ae923463331345126fc79a961816eb,needs_review,54,54,6184,6384,200
ELECAM-2025-CE-HAUTE-SANAGA-MINTA-0048,48,CE,CENTRE,CE-HAUTE-SANAGA,HAUTE-SANAGA,CE-HAUTE-SANAGA-MINTA,MINTA,CASE A PALABRE DE NGOMBE II / A,54,ABIANE I,elecam-bv-2025-centre,e7f45f43af4f5287d99342df0b21853cb6ae923463331345126fc79a961816eb,needs_review,54,54,6184,6384,200
ELECAM-2025-CE-HAUTE-SANAGA-MINTA-0049,49,CE,CENTRE,CE-HAUTE-SANAGA,HAUTE-SANAGA,CE-HAUTE-SANAGA-MINTA,MINTA,CASE COMMUNAUTAIRE DE MBINANG / A,50,MBINANG,elecam-bv-2025-centre,e7f45f43af4f5287d99342df0b21853cb6ae923463331345126fc79a961816eb,needs_review,54,54,6184,6384,200
ELECAM-2025-CE-HAUTE-SANAGA-MINTA-0050,50,CE,CENTRE,CE-HAUTE-SANAGA,HAUTE-SANAGA,CE-HAUTE-SANAGA-MINTA,MINTA,CENTRE DE SANTE D’EFOULAN / A,44,EFOULAN,elecam-bv-2025-centre,e7f45f43af4f5287d99342df0b21853cb6ae923463331345126fc79a961816eb,needs_review,54,54,6184,6384,200
ELECAM-2025-CE-HAUTE-SANAGA-MINTA-0051,51,CE,CENTRE,CE-HAUTE-SANAGA,HAUTE-SANAGA,CE-HAUTE-SANAGA-MINTA,MINTA,CASE A PALABRE AKOUM I / A,80,AKOUM I,elecam-bv-2025-centre,e7f45f43af4f5287d99342df0b21853cb6ae923463331345126fc79a961816eb,needs_review,54,54,6184,6384,200
ELECAM-2025-CE-HAUTE-SANAGA-MINTA-0052,52,CE,CENTRE,CE-HAUTE-SANAGA,HAUTE-SANAGA,CE-HAUTE-SANAGA-MINTA,MINTA,HANGAR CHEFFERIE ABONG-MBOUNG / A,73,ABONG-MBOUNG,elecam-bv-2025-centre,e7f45f43af4f5287d99342df0b21853cb6ae923463331345126fc79a961816eb,needs_review,54,54,6184,6384,200
ELECAM-2025-CE-HAUTE-SANAGA-MINTA-0053,53,CE,CENTRE,CE-HAUTE-SANAGA,HAUTE-SANAGA,CE-HAUTE-SANAGA-MINTA,MINTA,CASE A PALABRE DE YENYO / A,52,YENYO,elecam-bv-2025-centre,e7f45f43af4f5287d99342df0b21853cb6ae923463331345126fc79a961816eb,needs_review,54,54,6184,6384,200
ELECAM-2025-CE-HAUTE-SANAGA-MINTA-0054,54,CE,CENTRE,CE-HAUTE-SANAGA,HAUTE-SANAGA,CE-HAUTE-SANAGA-MINTA,MINTA,SALLE DES REUNIONS D’ETOL / A,56,ETOL,elecam-bv-2025-centre,e7f45f43af4f5287d99342df0b21853cb6ae923463331345126fc79a961816eb,needs_review,54,54,6184,6384,200
ELECAM-2025-CE-LEKIE-LOBO-0001,1,CE,CENTRE,CE-LEKIE,LEKIE,CE-LEKIE-LOBO,LOBO,CASE DE PRIERE D'ADZAP CENTRE / A,124,ADZAP,elecam-bv-2025-centre,e7f45f43af4f5287d99342df0b21853cb6ae923463331345126fc79a961816eb,needs_review,45,45,6342,7242,900
ELECAM-2025-CE-LEKIE-LOBO-0002,2,CE,CENTRE,CE-LEKIE,LEKIE,CE-LEKIE-LOBO,LOBO,ECOLE PUBLIQUE D'AKOK CENTRE / A,81,AKOK,elecam-bv-2025-centre,e7f45f43af4f5287d99342df0b21853cb6ae923463331345126fc79a961816eb,needs_review,45,45,6342,7242,900
ELECAM-2025-CE-LEKIE-LOBO-0003,3,CE,CENTRE,CE-LEKIE,LEKIE,CE-LEKIE-LOBO,LOBO,ESPLANADE DOM MVOLO MICHEL A,126,AKOK,elecam-bv-2025-centre,e7f45f43af4f5287d99342df0b21853cb6ae923463331345126fc79a961816eb,needs_review,45,45,6342,7242,900
ELECAM-2025-CE-LEKIE-LOBO-0004,4,CE,CENTRE,CE-LEKIE,LEKIE,CE-LEKIE-LOBO,LOBO,ECOLE PUBLIQUE D'EKEKAM 3 / A,186,EKEKAM,elecam-bv-2025-centre,e7f45f43af4f5287d99342df0b21853cb6ae923463331345126fc79a961816eb,needs_review,45,45,6342,7242,900
ELECAM-2025-CE-LEKIE-LOBO-0005,5,CE,CENTRE,CE-LEKIE,LEKIE,CE-LEKIE-LOBO,LOBO,CASE DE PRIERE D'EKEKAM 3 NKOLMELEN /,356,EKEKAM,elecam-bv-2025-centre,e7f45f43af4f5287d99342df0b21853cb6ae923463331345126fc79a961816eb,needs_review,45,45,6342,7242,900
ELECAM-2025-CE-LEKIE-LOBO-0006,6,CE,CENTRE,CE-LEKIE,LEKIE,CE-LEKIE-LOBO,LOBO,ECOLE PUBLIQUE D'EKOUMTIK / A,133,EKOUMTIK,elecam-bv-2025-centre,e7f45f43af4f5287d99342df0b21853cb6ae923463331345126fc79a961816eb,needs_review,45,45,6342,7242,900
ELECAM-2025-CE-LEKIE-LOBO-0007,7,CE,CENTRE,CE-LEKIE,LEKIE,CE-LEKIE-LOBO,LOBO,CASE DE PRIERE DE NKONGNALAK / A,121,EKOUMTIK,elecam-bv-2025-centre,e7f45f43af4f5287d99342df0b21853cb6ae923463331345126fc79a961816eb,needs_review,45,45,6342,7242,900
ELECAM-2025-CE-LEKIE-LOBO-0008,8,CE,CENTRE,CE-LEKIE,LEKIE,CE-LEKIE-LOBO,LOBO,ESPL. DOM. EBODE AWONO D'ETSIT KOA,132,EKOUMTIK,elecam-bv-2025-centre,e7f45f43af4f5287d99342df0b21853cb6ae923463331345126fc79a961816eb,needs_review,45,45,6342,7242,900
ELECAM-2025-CE-LEKIE-LOBO-0009,9,CE,CENTRE,CE-LEKIE,LEKIE,CE-LEKIE-LOBO,LOBO,ESPLANADE DOM FEU AWONO EBODE.J / A,91,ELIG-EBODE,elecam-bv-2025-centre,e7f45f43af4f5287d99342df0b21853cb6ae923463331345126fc79a961816eb,needs_review,45,45,6342,7242,900
ELECAM-2025-CE-LEKIE-LOBO-0010,10,CE,CENTRE,CE-LEKIE,LEKIE,CE-LEKIE-LOBO,LOBO,ESPLANADE CHEFFERIE D'EYANG / A,237,EYANG,elecam-bv-2025-centre,e7f45f43af4f5287d99342df0b21853cb6ae923463331345126fc79a961816eb,needs_review,45,45,6342,7242,900
ELECAM-2025-CE-LEKIE-LOBO-0011,11,CE,CENTRE,CE-LEKIE,LEKIE,CE-LEKIE-LOBO,LOBO,ESPLANADE CHEFFERIE DE KELLE / A,75,KELLE,elecam-bv-2025-centre,e7f45f43af4f5287d99342df0b21853cb6ae923463331345126fc79a961816eb,needs_review,45,45,6342,7242,900
ELECAM-2025-CE-LEKIE-LOBO-0012,12,CE,CENTRE,CE-LEKIE,LEKIE,CE-LEKIE-LOBO,LOBO,ESPLANADE CHEFFERIE DE KOUDI / A,87,KOUDI,elecam-bv-2025-centre,e7f45f43af4f5287d99342df0b21853cb6ae923463331345126fc79a961816eb,needs_review,45,45,6342,7242,900
ELECAM-2025-CE-LEKIE-LOBO-0013,13,CE,CENTRE,CE-LEKIE,LEKIE,CE-LEKIE-LOBO,LOBO,ESPL. DOM NOTABLE MVOLO GALLUS A,166,KOUDI,elecam-bv-2025-centre,e7f45f43af4f5287d99342df0b21853cb6ae923463331345126fc79a961816eb,needs_review,45,45,6342,7242,900
ELECAM-2025-CE-LEKIE-LOBO-0014,14,CE,CENTRE,CE-LEKIE,LEKIE,CE-LEKIE-LOBO,LOBO,ECOLE PUBLIQUE DE LOBO CENTRE / A,326,LOBO,elecam-bv-2025-centre,e7f45f43af4f5287d99342df0b21853cb6ae923463331345126fc79a961816eb,needs_review,45,45,6342,7242,900
ELECAM-2025-CE-LEKIE-LOBO-0015,15,CE,CENTRE,CE-LEKIE,LEKIE,CE-LEKIE-LOBO,LOBO,ECOLE PUBLIQUE DE LOBO CENTRE / B,263,LOBO,elecam-bv-2025-centre,e7f45f43af4f5287d99342df0b21853cb6ae923463331345126fc79a961816eb,needs_review,45,45,6342,7242,900
ELECAM-2025-CE-LEKIE-LOBO-0016,16,CE,CENTRE,CE-LEKIE,LEKIE,CE-LEKIE-LOBO,LOBO,ECOLE PUBLIQUE DE LOBO CENTRE / C,296,LOBO,elecam-bv-2025-centre,e7f45f43af4f5287d99342df0b21853cb6ae923463331345126fc79a961816eb,needs_review,45,45,6342,7242,900
ELECAM-2025-CE-LEKIE-LOBO-0017,17,CE,CENTRE,CE-LEKIE,LEKIE,CE-LEKIE-LOBO,LOBO,LYCEE DE LOBO A NKADIP-ASSI / A,212,LOBO,elecam-bv-2025-centre,e7f45f43af4f5287d99342df0b21853cb6ae923463331345126fc79a961816eb,needs_review,45,45,6342,7242,900
ELECAM-2025-CE-LEKIE-LOBO-0018,18,CE,CENTRE,CE-LEKIE,LEKIE,CE-LEKIE-LOBO,LOBO,ESPL. DOM NKOA ETEME SYMPLICE A,90,LOBO,elecam-bv-2025-centre,e7f45f43af4f5287d99342df0b21853cb6ae923463331345126fc79a961816eb,needs_review,45,45,6342,7242,900
ELECAM-2025-CE-LEKIE-LOBO-0019,19,CE,CENTRE,CE-LEKIE,LEKIE,CE-LEKIE-LOBO,LOBO,MAISON DE LA COOPERATIVE DE MENGUEK,118,MENGUEK,elecam-bv-2025-centre,e7f45f43af4f5287d99342df0b21853cb6ae923463331345126fc79a961816eb,needs_review,45,45,6342,7242,900
ELECAM-2025-CE-LEKIE-LOBO-0020,20,CE,CENTRE,CE-LEKIE,LEKIE,CE-LEKIE-LOBO,LOBO,ESPLANADE CHEFFERIE DE MENGUEK 2 / A,278,MENGUEK,elecam-bv-2025-centre,e7f45f43af4f5287d99342df0b21853cb6ae923463331345126fc79a961816eb,needs_review,45,45,6342,7242,900
ELECAM-2025-CE-LEKIE-LOBO-0021,21,CE,CENTRE,CE-LEKIE,LEKIE,CE-LEKIE-LOBO,LOBO,ESPLANADE CHEFFERIE DE MINKOA / A,163,MINKOA,elecam-bv-2025-centre,e7f45f43af4f5287d99342df0b21853cb6ae923463331345126fc79a961816eb,needs_review,45,45,6342,7242,900
ELECAM-2025-CE-LEKIE-LOBO-0022,22,CE,CENTRE,CE-LEKIE,LEKIE,CE-LEKIE-LOBO,LOBO,ESPLANADE CHEFFERIE DE NGOAS / A,121,NGOAS,elecam-bv-2025-centre,e7f45f43af4f5287d99342df0b21853cb6ae923463331345126fc79a961816eb,needs_review,45,45,6342,7242,900
ELECAM-2025-CE-LEKIE-LOBO-0023,23,CE,CENTRE,CE-LEKIE,LEKIE,CE-LEKIE-LOBO,LOBO,ESPL. DOM NOTABLE AYISSI C A,61,NGOAS,elecam-bv-2025-centre,e7f45f43af4f5287d99342df0b21853cb6ae923463331345126fc79a961816eb,needs_review,45,45,6342,7242,900
ELECAM-2025-CE-LEKIE-LOBO-0024,24,CE,CENTRE,CE-LEKIE,LEKIE,CE-LEKIE-LOBO,LOBO,ESPLANADE DOM NOTABLE AWONO JOSEPH,95,NGONDZIE,elecam-bv-2025-centre,e7f45f43af4f5287d99342df0b21853cb6ae923463331345126fc79a961816eb,needs_review,45,45,6342,7242,900
ELECAM-2025-CE-LEKIE-LOBO-0025,25,CE,CENTRE,CE-LEKIE,LEKIE,CE-LEKIE-LOBO,LOBO,ECOLE PUBLIQUE DE NGOULMAKONG / A,69,NGOULMAKONG,elecam-bv-2025-centre,e7f45f43af4f5287d99342df0b21853cb6ae923463331345126fc79a961816eb,needs_review,45,45,6342,7242,900
ELECAM-2025-CE-LEKIE-LOBO-0026,26,CE,CENTRE,CE-LEKIE,LEKIE,CE-LEKIE-LOBO,LOBO,ECOLE CATHOLIQUE DE NGOULMAKONG / A,195,NGOULMAKONG,elecam-bv-2025-centre,e7f45f43af4f5287d99342df0b21853cb6ae923463331345126fc79a961816eb,needs_review,45,45,6342,7242,900
ELECAM-2025-CE-LEKIE-LOBO-0027,27,CE,CENTRE,CE-LEKIE,LEKIE,CE-LEKIE-LOBO,LOBO,MAISON DE LA FEMME DE MBAMA / A,87,NGOULMAKONG,elecam-bv-2025-centre,e7f45f43af4f5287d99342df0b21853cb6ae923463331345126fc79a961816eb,needs_review,45,45,6342,7242,900
ELECAM-2025-CE-LEKIE-LOBO-0028,28,CE,CENTRE,CE-LEKIE,LEKIE,CE-LEKIE-LOBO,LOBO,ECOLE PUBLIQUE DE NKOLKOS / A,175,NKOLKOS,elecam-bv-2025-centre,e7f45f43af4f5287d99342df0b21853cb6ae923463331345126fc79a961816eb,needs_review,45,45,6342,7242,900
ELECAM-2025-CE-LEKIE-LOBO-0029,29,CE,CENTRE,CE-LEKIE,LEKIE,CE-LEKIE-LOBO,LOBO,ESPLANADE CHEFFERIE DE NKOLMELEN / A,97,NKOLMELEN,elecam-bv-2025-centre,e7f45f43af4f5287d99342df0b21853cb6ae923463331345126fc79a961816eb,needs_review,45,45,6342,7242,900
ELECAM-2025-CE-LEKIE-LOBO-0030,30,CE,CENTRE,CE-LEKIE,LEKIE,CE-LEKIE-LOBO,LOBO,HANGAR DU MARCHE DE YEMASSI / A,134,NKOLMELEN,elecam-bv-2025-centre,e7f45f43af4f5287d99342df0b21853cb6ae923463331345126fc79a961816eb,needs_review,45,45,6342,7242,900
ELECAM-2025-CE-LEKIE-LOBO-0031,31,CE,CENTRE,CE-LEKIE,LEKIE,CE-LEKIE-LOBO,LOBO,ECOLE PUBLIQUE DE NKOLMEYANG / A,154,NKOLMEYANG,elecam-bv-2025-centre,e7f45f43af4f5287d99342df0b21853cb6ae923463331345126fc79a961816eb,needs_review,45,45,6342,7242,900
ELECAM-2025-CE-LEKIE-LOBO-0032,32,CE,CENTRE,CE-LEKIE,LEKIE,CE-LEKIE-LOBO,LOBO,CASE DE PRIERE DE NKOLNGUET / A,119,NKOLNGUET,elecam-bv-2025-centre,e7f45f43af4f5287d99342df0b21853cb6ae923463331345126fc79a961816eb,needs_review,45,45,6342,7242,900
ELECAM-2025-CE-LEKIE-LOBO-0033,33,CE,CENTRE,CE-LEKIE,LEKIE,CE-LEKIE-LOBO,LOBO,ESPL. DOM NOTABLE NTOUDA NGA / A,183,NKOLMEYANG,elecam-bv-2025-centre,e7f45f43af4f5287d99342df0b21853cb6ae923463331345126fc79a961816eb,needs_review,45,45,6342,7242,900
ELECAM-2025-CE-LEKIE-LOBO-0034,34,CE,CENTRE,CE-LEKIE,LEKIE,CE-LEKIE-LOBO,LOBO,ECOLE PUBLIQUE DE NKONGMESSA CENTRE,106,NKONGMESSA,elecam-bv-2025-centre,e7f45f43af4f5287d99342df0b21853cb6ae923463331345126fc79a961816eb,needs_review,45,45,6342,7242,900
ELECAM-2025-CE-LEKIE-LOBO-0035,35,CE,CENTRE,CE-LEKIE,LEKIE,CE-LEKIE-LOBO,LOBO,CASE DE PRIERE D'OZASINGUI / A,60,NKONGMESSA,elecam-bv-2025-centre,e7f45f43af4f5287d99342df0b21853cb6ae923463331345126fc79a961816eb,needs_review,45,45,6342,7242,900
ELECAM-2025-CE-LEKIE-LOBO-0036,36,CE,CENTRE,CE-LEKIE,LEKIE,CE-LEKIE-LOBO,LOBO,ECOLE PUBLIQUE DE NKOLYEM / A,101,NKOLYEM,elecam-bv-2025-centre,e7f45f43af4f5287d99342df0b21853cb6ae923463331345126fc79a961816eb,needs_review,45,45,6342,7242,900
ELECAM-2025-CE-LEKIE-LOBO-0037,37,CE,CENTRE,CE-LEKIE,LEKIE,CE-LEKIE-LOBO,LOBO,ESPLANADE CHEFFERIE DE NLONG / A,179,NLONG,elecam-bv-2025-centre,e7f45f43af4f5287d99342df0b21853cb6ae923463331345126fc79a961816eb,needs_review,45,45,6342,7242,900
ELECAM-2025-CE-LEKIE-LOBO-0038,38,CE,CENTRE,CE-LEKIE,LEKIE,CE-LEKIE-LOBO,LOBO,ECOLE PUBLIQUE D'OVANG / A,154,OVANG,elecam-bv-2025-centre,e7f45f43af4f5287d99342df0b21853cb6ae923463331345126fc79a961816eb,needs_review,45,45,6342,7242,900
ELECAM-2025-CE-LEKIE-LOBO-0039,39,CE,CENTRE,CE-LEKIE,LEKIE,CE-LEKIE-LOBO,LOBO,ESPLANADE CHEFFERIE D'OZOM 1 / A,308,OZOM,elecam-bv-2025-centre,e7f45f43af4f5287d99342df0b21853cb6ae923463331345126fc79a961816eb,needs_review,45,45,6342,7242,900
ELECAM-2025-CE-LEKIE-LOBO-0040,40,CE,CENTRE,CE-LEKIE,LEKIE,CE-LEKIE-LOBO,LOBO,ESPLANADE CHEFFERIE D'OZOM 1 / B,186,OZOM,elecam-bv-2025-centre,e7f45f43af4f5287d99342df0b21853cb6ae923463331345126fc79a961816eb,needs_review,45,45,6342,7242,900
ELECAM-2025-CE-LEKIE-LOBO-0041,41,CE,CENTRE,CE-LEKIE,LEKIE,CE-LEKIE-LOBO,LOBO,CASE A PALABRE CHEFFERIE D'OZOM 2 / A,110,OZOM,elecam-bv-2025-centre,e7f45f43af4f5287d99342df0b21853cb6ae923463331345126fc79a961816eb,needs_review,45,45,6342,7242,900
ELECAM-2025-CE-LEKIE-LOBO-0042,42,CE,CENTRE,CE-LEKIE,LEKIE,CE-LEKIE-LOBO,LOBO,CASE DE PRIERE D'OZOM 3 / A,385,OZOM,elecam-bv-2025-centre,e7f45f43af4f5287d99342df0b21853cb6ae923463331345126fc79a961816eb,needs_review,45,45,6342,7242,900
ELECAM-2025-CE-LEKIE-LOBO-0043,43,CE,CENTRE,CE-LEKIE,LEKIE,CE-LEKIE-LOBO,LOBO,ECOLE MAT. IMMACULEE C. DE NKOLFOM / A,193,TIKONG,elecam-bv-2025-centre,e7f45f43af4f5287d99342df0b21853cb6ae923463331345126fc79a961816eb,needs_review,45,45,6342,7242,900
ELECAM-2025-CE-LEKIE-LOBO-0044,44,CE,CENTRE,CE-LEKIE,LEKIE,CE-LEKIE-LOBO,LOBO,ESPLANADE DOM FEU EWODO MARTIN / A,257,TSEK,elecam-bv-2025-centre,e7f45f43af4f5287d99342df0b21853cb6ae923463331345126fc79a961816eb,needs_review,45,45,6342,7242,900
ELECAM-2025-CE-LEKIE-LOBO-0045,45,CE,CENTRE,CE-LEKIE,LEKIE,CE-LEKIE-LOBO,LOBO,CASE DE PRIERE DE VOA III / A,52,VOA III,elecam-bv-2025-centre,e7f45f43af4f5287d99342df0b21853cb6ae923463331345126fc79a961816eb,needs_review,45,45,6342,7242,900
ELECAM-2025-CE-MBAM-ET-INOUBOU-KIIKI-0001,1,CE,CENTRE,CE-MBAM-ET-INOUBOU,MBAM-ET-INOUBOU,CE-MBAM-ET-INOUBOU-KIIKI,KIIKI,ECOLE PUBLIQUE BEP IREP / A,105,BEP IREP,elecam-bv-2025-centre,e7f45f43af4f5287d99342df0b21853cb6ae923463331345126fc79a961816eb,needs_review,29,29,4628,4828,200
ELECAM-2025-CE-MBAM-ET-INOUBOU-KIIKI-0002,2,CE,CENTRE,CE-MBAM-ET-INOUBOU,MBAM-ET-INOUBOU,CE-MBAM-ET-INOUBOU-KIIKI,KIIKI,ECOLE PUBLIQUE BIAMESSE / A,112,BIAMESSE,elecam-bv-2025-centre,e7f45f43af4f5287d99342df0b21853cb6ae923463331345126fc79a961816eb,needs_review,29,29,4628,4828,200
ELECAM-2025-CE-MBAM-ET-INOUBOU-KIIKI-0003,3,CE,CENTRE,CE-MBAM-ET-INOUBOU,MBAM-ET-INOUBOU,CE-MBAM-ET-INOUBOU-KIIKI,KIIKI,ECOLE PUBLIQUE RIBONG / A,201,BEP IDJEM,elecam-bv-2025-centre,e7f45f43af4f5287d99342df0b21853cb6ae923463331345126fc79a961816eb,needs_review,29,29,4628,4828,200
ELECAM-2025-CE-MBAM-ET-INOUBOU-KIIKI-0004,4,CE,CENTRE,CE-MBAM-ET-INOUBOU,MBAM-ET-INOUBOU,CE-MBAM-ET-INOUBOU-KIIKI,KIIKI,CASE CHAPELLE RIZABEN / A,244,BITANG,elecam-bv-2025-centre,e7f45f43af4f5287d99342df0b21853cb6ae923463331345126fc79a961816eb,needs_review,29,29,4628,4828,200
ELECAM-2025-CE-MBAM-ET-INOUBOU-KIIKI-0005,5,CE,CENTRE,CE-MBAM-ET-INOUBOU,MBAM-ET-INOUBOU,CE-MBAM-ET-INOUBOU-KIIKI,KIIKI,ECOLE PUBLIQUE NYAMNGNO / A,98,BITANG,elecam-bv-2025-centre,e7f45f43af4f5287d99342df0b21853cb6ae923463331345126fc79a961816eb,needs_review,29,29,4628,4828,200
ELECAM-2025-CE-MBAM-ET-INOUBOU-KIIKI-0006,6,CE,CENTRE,CE-MBAM-ET-INOUBOU,MBAM-ET-INOUBOU,CE-MBAM-ET-INOUBOU-KIIKI,KIIKI,ECOLE DES PARENTS BOUGNI / A,93,BOUGNI,elecam-bv-2025-centre,e7f45f43af4f5287d99342df0b21853cb6ae923463331345126fc79a961816eb,needs_review,29,29,4628,4828,200
ELECAM-2025-CE-MBAM-ET-INOUBOU-KIIKI-0007,7,CE,CENTRE,CE-MBAM-ET-INOUBOU,MBAM-ET-INOUBOU,CE-MBAM-ET-INOUBOU-KIIKI,KIIKI,ECOLE PUBLIQUE DOGBANG / A,260,KIIKI,elecam-bv-2025-centre,e7f45f43af4f5287d99342df0b21853cb6ae923463331345126fc79a961816eb,needs_review,29,29,4628,4828,200
ELECAM-2025-CE-MBAM-ET-INOUBOU-KIIKI-0008,8,CE,CENTRE,CE-MBAM-ET-INOUBOU,MBAM-ET-INOUBOU,CE-MBAM-ET-INOUBOU-KIIKI,KIIKI,ECOLE PUBLIQUE DOGBANG / B,110,KIIKI,elecam-bv-2025-centre,e7f45f43af4f5287d99342df0b21853cb6ae923463331345126fc79a961816eb,needs_review,29,29,4628,4828,200
ELECAM-2025-CE-MBAM-ET-INOUBOU-KIIKI-0009,9,CE,CENTRE,CE-MBAM-ET-INOUBOU,MBAM-ET-INOUBOU,CE-MBAM-ET-INOUBOU-KIIKI,KIIKI,ECOLE PUBLIQUE ZIBIDOUM / A,279,KIIKI,elecam-bv-2025-centre,e7f45f43af4f5287d99342df0b21853cb6ae923463331345126fc79a961816eb,needs_review,29,29,4628,4828,200
ELECAM-2025-CE-MBAM-ET-INOUBOU-KIIKI-0010,10,CE,CENTRE,CE-MBAM-ET-INOUBOU,MBAM-ET-INOUBOU,CE-MBAM-ET-INOUBOU-KIIKI,KIIKI,ECOLE PUBLIQUE ZIBIDOUM / B,83,KIIKI,elecam-bv-2025-centre,e7f45f43af4f5287d99342df0b21853cb6ae923463331345126fc79a961816eb,needs_review,29,29,4628,4828,200
ELECAM-2025-CE-MBAM-ET-INOUBOU-KIIKI-0011,11,CE,CENTRE,CE-MBAM-ET-INOUBOU,MBAM-ET-INOUBOU,CE-MBAM-ET-INOUBOU-KIIKI,KIIKI,CENTRE DE SANTE INTEGRE KIIKI / A,280,KIIKI,elecam-bv-2025-centre,e7f45f43af4f5287d99342df0b21853cb6ae923463331345126fc79a961816eb,needs_review,29,29,4628,4828,200
ELECAM-2025-CE-MBAM-ET-INOUBOU-KIIKI-0012,12,CE,CENTRE,CE-MBAM-ET-INOUBOU,MBAM-ET-INOUBOU,CE-MBAM-ET-INOUBOU-KIIKI,KIIKI,ECOLE PUBLIQUE / A,97,KPWO,elecam-bv-2025-centre,e7f45f43af4f5287d99342df0b21853cb6ae923463331345126fc79a961816eb,needs_review,29,29,4628,4828,200
ELECAM-2025-CE-MBAM-ET-INOUBOU-KIIKI-0013,13,CE,CENTRE,CE-MBAM-ET-INOUBOU,MBAM-ET-INOUBOU,CE-MBAM-ET-INOUBOU-KIIKI,KIIKI,ECOLE PUBLIQUE MOUKEN 1 / A,132,MOUKEN,elecam-bv-2025-centre,e7f45f43af4f5287d99342df0b21853cb6ae923463331345126fc79a961816eb,needs_review,29,29,4628,4828,200
ELECAM-2025-CE-MBAM-ET-INOUBOU-KIIKI-0014,14,CE,CENTRE,CE-MBAM-ET-INOUBOU,MBAM-ET-INOUBOU,CE-MBAM-ET-INOUBOU-KIIKI,KIIKI,CASE CHAPELLE DE MOUKEN 2 / A,294,MOUKEN,elecam-bv-2025-centre,e7f45f43af4f5287d99342df0b21853cb6ae923463331345126fc79a961816eb,needs_review,29,29,4628,4828,200
ELECAM-2025-CE-MBAM-ET-INOUBOU-KIIKI-0015,15,CE,CENTRE,CE-MBAM-ET-INOUBOU,MBAM-ET-INOUBOU,CE-MBAM-ET-INOUBOU-KIIKI,KIIKI,LYCEE MOUKO / A,366,MOUKO,elecam-bv-2025-centre,e7f45f43af4f5287d99342df0b21853cb6ae923463331345126fc79a961816eb,needs_review,29,29,4628,4828,200
ELECAM-2025-CE-MBAM-ET-INOUBOU-KIIKI-0016,16,CE,CENTRE,CE-MBAM-ET-INOUBOU,MBAM-ET-INOUBOU,CE-MBAM-ET-INOUBOU-KIIKI,KIIKI,LYCEE MOUKO / B,78,MOUKO,elecam-bv-2025-centre,e7f45f43af4f5287d99342df0b21853cb6ae923463331345126fc79a961816eb,needs_review,29,29,4628,4828,200
ELECAM-2025-CE-MBAM-ET-INOUBOU-KIIKI-0017,17,CE,CENTRE,CE-MBAM-ET-INOUBOU,MBAM-ET-INOUBOU,CE-MBAM-ET-INOUBOU-KIIKI,KIIKI,ECOLE PUBLIQUE DOGNOUNG / A,162,MOUKO,elecam-bv-2025-centre,e7f45f43af4f5287d99342df0b21853cb6ae923463331345126fc79a961816eb,needs_review,29,29,4628,4828,200
ELECAM-2025-CE-MBAM-ET-INOUBOU-KIIKI-0018,18,CE,CENTRE,CE-MBAM-ET-INOUBOU,MBAM-ET-INOUBOU,CE-MBAM-ET-INOUBOU-KIIKI,KIIKI,ECOLE PUBLIQUE RIBAMBAI / A,177,MOUKO,elecam-bv-2025-centre,e7f45f43af4f5287d99342df0b21853cb6ae923463331345126fc79a961816eb,needs_review,29,29,4628,4828,200
ELECAM-2025-CE-MBAM-ET-INOUBOU-KIIKI-0019,19,CE,CENTRE,CE-MBAM-ET-INOUBOU,MBAM-ET-INOUBOU,CE-MBAM-ET-INOUBOU-KIIKI,KIIKI,CASE CHAPELLE CATHOLIQUE NDIEMI 2 / A,141,NDIEMI,elecam-bv-2025-centre,e7f45f43af4f5287d99342df0b21853cb6ae923463331345126fc79a961816eb,needs_review,29,29,4628,4828,200
ELECAM-2025-CE-MBAM-ET-INOUBOU-KIIKI-0020,20,CE,CENTRE,CE-MBAM-ET-INOUBOU,MBAM-ET-INOUBOU,CE-MBAM-ET-INOUBOU-KIIKI,KIIKI,ECOLE PUBLIQUE DE RIBANG / A,181,RIBANG,elecam-bv-2025-centre,e7f45f43af4f5287d99342df0b21853cb6ae923463331345126fc79a961816eb,needs_review,29,29,4628,4828,200
ELECAM-2025-CE-MBAM-ET-INOUBOU-KIIKI-0021,21,CE,CENTRE,CE-MBAM-ET-INOUBOU,MBAM-ET-INOUBOU,CE-MBAM-ET-INOUBOU-KIIKI,KIIKI,CENTRE DE SANTE ROUM / A,152,ROUM,elecam-bv-2025-centre,e7f45f43af4f5287d99342df0b21853cb6ae923463331345126fc79a961816eb,needs_review,29,29,4628,4828,200
ELECAM-2025-CE-MBAM-ET-INOUBOU-KIIKI-0022,22,CE,CENTRE,CE-MBAM-ET-INOUBOU,MBAM-ET-INOUBOU,CE-MBAM-ET-INOUBOU-KIIKI,KIIKI,ECOLE PUBLIQUE TOOH / A,228,TOOH,elecam-bv-2025-centre,e7f45f43af4f5287d99342df0b21853cb6ae923463331345126fc79a961816eb,needs_review,29,29,4628,4828,200
ELECAM-2025-CE-MBAM-ET-INOUBOU-KIIKI-0023,23,CE,CENTRE,CE-MBAM-ET-INOUBOU,MBAM-ET-INOUBOU,CE-MBAM-ET-INOUBOU-KIIKI,KIIKI,ECOLE PUBLIQUE YAKAN 1 / A,228,YAKAN,elecam-bv-2025-centre,e7f45f43af4f5287d99342df0b21853cb6ae923463331345126fc79a961816eb,needs_review,29,29,4628,4828,200
ELECAM-2025-CE-MBAM-ET-INOUBOU-KIIKI-0024,24,CE,CENTRE,CE-MBAM-ET-INOUBOU,MBAM-ET-INOUBOU,CE-MBAM-ET-INOUBOU-KIIKI,KIIKI,CENTRE DE SANTE YAKAN 2 / A,145,YAKAN,elecam-bv-2025-centre,e7f45f43af4f5287d99342df0b21853cb6ae923463331345126fc79a961816eb,needs_review,29,29,4628,4828,200
ELECAM-2025-CE-MBAM-ET-INOUBOU-KIIKI-0025,25,CE,CENTRE,CE-MBAM-ET-INOUBOU,MBAM-ET-INOUBOU,CE-MBAM-ET-INOUBOU-KIIKI,KIIKI,HANGAR CARREFOUR BEM / A,134,KIIKI,elecam-bv-2025-centre,e7f45f43af4f5287d99342df0b21853cb6ae923463331345126fc79a961816eb,needs_review,29,29,4628,4828,200
ELECAM-2025-CE-MBAM-ET-INOUBOU-KIIKI-0026,26,CE,CENTRE,CE-MBAM-ET-INOUBOU,MBAM-ET-INOUBOU,CE-MBAM-ET-INOUBOU-KIIKI,KIIKI,HANGAR MARCHE ABANDA / A,159,BITANG,elecam-bv-2025-centre,e7f45f43af4f5287d99342df0b21853cb6ae923463331345126fc79a961816eb,needs_review,29,29,4628,4828,200
ELECAM-2025-CE-MBAM-ET-INOUBOU-KIIKI-0027,27,CE,CENTRE,CE-MBAM-ET-INOUBOU,MBAM-ET-INOUBOU,CE-MBAM-ET-INOUBOU-KIIKI,KIIKI,COLLEGE D'ENSEIGNEMENT SECONDAIRE,91,BEP-IDJEM,elecam-bv-2025-centre,e7f45f43af4f5287d99342df0b21853cb6ae923463331345126fc79a961816eb,needs_review,29,29,4628,4828,200
ELECAM-2025-CE-MBAM-ET-INOUBOU-KIIKI-0028,28,CE,CENTRE,CE-MBAM-ET-INOUBOU,MBAM-ET-INOUBOU,CE-MBAM-ET-INOUBOU-KIIKI,KIIKI,CARREFOUR NDIEMI I / A,143,NDIEMI,elecam-bv-2025-centre,e7f45f43af4f5287d99342df0b21853cb6ae923463331345126fc79a961816eb,needs_review,29,29,4628,4828,200
ELECAM-2025-CE-MBAM-ET-INOUBOU-KIIKI-0029,29,CE,CENTRE,CE-MBAM-ET-INOUBOU,MBAM-ET-INOUBOU,CE-MBAM-ET-INOUBOU-KIIKI,KIIKI,CETIC DE KITAC / A,55,BITANG,elecam-bv-2025-centre,e7f45f43af4f5287d99342df0b21853cb6ae923463331345126fc79a961816eb,needs_review,29,29,4628,4828,200
ELECAM-2025-CE-MBAM-ET-INOUBOU-NITOUKOU-0001,1,CE,CENTRE,CE-MBAM-ET-INOUBOU,MBAM-ET-INOUBOU,CE-MBAM-ET-INOUBOU-NITOUKOU,NITOUKOU,CASE CHAPELLLE CATHOLIQUE DE NIKOUNG,138,EKONDJ,elecam-bv-2025-centre,e7f45f43af4f5287d99342df0b21853cb6ae923463331345126fc79a961816eb,needs_review,24,24,2693,2993,300
ELECAM-2025-CE-MBAM-ET-INOUBOU-NITOUKOU-0002,2,CE,CENTRE,CE-MBAM-ET-INOUBOU,MBAM-ET-INOUBOU,CE-MBAM-ET-INOUBOU-NITOUKOU,NITOUKOU,ECOLE PUBLIQUE DE MAFOUTH / A,215,EKONDJ,elecam-bv-2025-centre,e7f45f43af4f5287d99342df0b21853cb6ae923463331345126fc79a961816eb,needs_review,24,24,2693,2993,300
ELECAM-2025-CE-MBAM-ET-INOUBOU-NITOUKOU-0003,3,CE,CENTRE,CE-MBAM-ET-INOUBOU,MBAM-ET-INOUBOU,CE-MBAM-ET-INOUBOU-NITOUKOU,NITOUKOU,ECOLE CEBEC IHOUK / A,86,EKONDJ,elecam-bv-2025-centre,e7f45f43af4f5287d99342df0b21853cb6ae923463331345126fc79a961816eb,needs_review,24,24,2693,2993,300
ELECAM-2025-CE-MBAM-ET-INOUBOU-NITOUKOU-0004,4,CE,CENTRE,CE-MBAM-ET-INOUBOU,MBAM-ET-INOUBOU,CE-MBAM-ET-INOUBOU-NITOUKOU,NITOUKOU,ECOLE PUBLIQUE D'ETONG / A,166,ETONG,elecam-bv-2025-centre,e7f45f43af4f5287d99342df0b21853cb6ae923463331345126fc79a961816eb,needs_review,24,24,2693,2993,300
ELECAM-2025-CE-MBAM-ET-INOUBOU-NITOUKOU-0005,5,CE,CENTRE,CE-MBAM-ET-INOUBOU,MBAM-ET-INOUBOU,CE-MBAM-ET-INOUBOU-NITOUKOU,NITOUKOU,CASE CHAPELLE CEBEC NDEKEYAP / A,60,NDEKEYAP,elecam-bv-2025-centre,e7f45f43af4f5287d99342df0b21853cb6ae923463331345126fc79a961816eb,needs_review,24,24,2693,2993,300
ELECAM-2025-CE-MBAM-ET-INOUBOU-NITOUKOU-0006,6,CE,CENTRE,CE-MBAM-ET-INOUBOU,MBAM-ET-INOUBOU,CE-MBAM-ET-INOUBOU-NITOUKOU,NITOUKOU,ECOLE PUBLIQUE DE NDEKEYAP / A,76,NDEKEYAP,elecam-bv-2025-centre,e7f45f43af4f5287d99342df0b21853cb6ae923463331345126fc79a961816eb,needs_review,24,24,2693,2993,300
ELECAM-2025-CE-MBAM-ET-INOUBOU-NITOUKOU-0007,7,CE,CENTRE,CE-MBAM-ET-INOUBOU,MBAM-ET-INOUBOU,CE-MBAM-ET-INOUBOU-NITOUKOU,NITOUKOU,CASE CHAPELLE CATHOLIQUE DE,175,EKONDJ,elecam-bv-2025-centre,e7f45f43af4f5287d99342df0b21853cb6ae923463331345126fc79a961816eb,needs_review,24,24,2693,2993,300
ELECAM-2025-CE-MBAM-ET-INOUBOU-NITOUKOU-0008,8,CE,CENTRE,CE-MBAM-ET-INOUBOU,MBAM-ET-INOUBOU,CE-MBAM-ET-INOUBOU-NITOUKOU,NITOUKOU,ECOLE PUBLIQUE NDOUGBISSOUNG / A,102,NDOUGBISSOUNG,elecam-bv-2025-centre,e7f45f43af4f5287d99342df0b21853cb6ae923463331345126fc79a961816eb,needs_review,24,24,2693,2993,300
ELECAM-2025-CE-MBAM-ET-INOUBOU-NITOUKOU-0009,9,CE,CENTRE,CE-MBAM-ET-INOUBOU,MBAM-ET-INOUBOU,CE-MBAM-ET-INOUBOU-NITOUKOU,NITOUKOU,ECOLE CATHOLIQUE DE NEBASSEL / A,84,NEBASSEL,elecam-bv-2025-centre,e7f45f43af4f5287d99342df0b21853cb6ae923463331345126fc79a961816eb,needs_review,24,24,2693,2993,300
ELECAM-2025-CE-MBAM-ET-INOUBOU-NITOUKOU-0010,10,CE,CENTRE,CE-MBAM-ET-INOUBOU,MBAM-ET-INOUBOU,CE-MBAM-ET-INOUBOU-NITOUKOU,NITOUKOU,ECOLE PUBLIQUE NEBOYA / A,161,NEBOYA,elecam-bv-2025-centre,e7f45f43af4f5287d99342df0b21853cb6ae923463331345126fc79a961816eb,needs_review,24,24,2693,2993,300
ELECAM-2025-CE-MBAM-ET-INOUBOU-NITOUKOU-0011,11,CE,CENTRE,CE-MBAM-ET-INOUBOU,MBAM-ET-INOUBOU,CE-MBAM-ET-INOUBOU-NITOUKOU,NITOUKOU,ECOLE CEBEC DE NEBOYA / A,135,NEBOYA,elecam-bv-2025-centre,e7f45f43af4f5287d99342df0b21853cb6ae923463331345126fc79a961816eb,needs_review,24,24,2693,2993,300
ELECAM-2025-CE-MBAM-ET-INOUBOU-NITOUKOU-0012,12,CE,CENTRE,CE-MBAM-ET-INOUBOU,MBAM-ET-INOUBOU,CE-MBAM-ET-INOUBOU-NITOUKOU,NITOUKOU,ECOLE PUBLIQUE DE NEKOM 1 / A,178,NEKOM,elecam-bv-2025-centre,e7f45f43af4f5287d99342df0b21853cb6ae923463331345126fc79a961816eb,needs_review,24,24,2693,2993,300
ELECAM-2025-CE-MBAM-ET-INOUBOU-NITOUKOU-0013,13,CE,CENTRE,CE-MBAM-ET-INOUBOU,MBAM-ET-INOUBOU,CE-MBAM-ET-INOUBOU-NITOUKOU,NITOUKOU,CASE CHAPELLE CATHOLIQUE DE NEKOM 2 /,261,NEKOM,elecam-bv-2025-centre,e7f45f43af4f5287d99342df0b21853cb6ae923463331345126fc79a961816eb,needs_review,24,24,2693,2993,300
ELECAM-2025-CE-MBAM-ET-INOUBOU-NITOUKOU-0014,14,CE,CENTRE,CE-MBAM-ET-INOUBOU,MBAM-ET-INOUBOU,CE-MBAM-ET-INOUBOU-NITOUKOU,NITOUKOU,CASE CHAPELLE CEBEC DE NGOBO / A,81,NGOBO,elecam-bv-2025-centre,e7f45f43af4f5287d99342df0b21853cb6ae923463331345126fc79a961816eb,needs_review,24,24,2693,2993,300
ELECAM-2025-CE-MBAM-ET-INOUBOU-NITOUKOU-0015,15,CE,CENTRE,CE-MBAM-ET-INOUBOU,MBAM-ET-INOUBOU,CE-MBAM-ET-INOUBOU-NITOUKOU,NITOUKOU,NITOUKOU ECOLE PUBLIQUE / A,93,NITOUKOU CENTRE,elecam-bv-2025-centre,e7f45f43af4f5287d99342df0b21853cb6ae923463331345126fc79a961816eb,needs_review,24,24,2693,2993,300
ELECAM-2025-CE-MBAM-ET-INOUBOU-NITOUKOU-0016,16,CE,CENTRE,CE-MBAM-ET-INOUBOU,MBAM-ET-INOUBOU,CE-MBAM-ET-INOUBOU-NITOUKOU,NITOUKOU,FOYER MUNICIPAL NITOUKOU / A,159,NITOUKOU CENTRE,elecam-bv-2025-centre,e7f45f43af4f5287d99342df0b21853cb6ae923463331345126fc79a961816eb,needs_review,24,24,2693,2993,300
ELECAM-2025-CE-MBAM-ET-INOUBOU-NITOUKOU-0017,17,CE,CENTRE,CE-MBAM-ET-INOUBOU,MBAM-ET-INOUBOU,CE-MBAM-ET-INOUBOU-NITOUKOU,NITOUKOU,LYCEE DE NITOUKOU / A,250,NITOUKOU CENTRE,elecam-bv-2025-centre,e7f45f43af4f5287d99342df0b21853cb6ae923463331345126fc79a961816eb,needs_review,24,24,2693,2993,300
ELECAM-2025-CE-MBAM-ET-INOUBOU-NITOUKOU-0018,18,CE,CENTRE,CE-MBAM-ET-INOUBOU,MBAM-ET-INOUBOU,CE-MBAM-ET-INOUBOU-NITOUKOU,NITOUKOU,POSTE AGRICOLE DE NEBATOUM / A,93,NITOUKOU CENTRE,elecam-bv-2025-centre,e7f45f43af4f5287d99342df0b21853cb6ae923463331345126fc79a961816eb,needs_review,24,24,2693,2993,300
ELECAM-2025-CE-MBAM-ET-INOUBOU-NITOUKOU-0019,19,CE,CENTRE,CE-MBAM-ET-INOUBOU,MBAM-ET-INOUBOU,CE-MBAM-ET-INOUBOU-NITOUKOU,NITOUKOU,ECOLE MATERNELLE ETONG-ILOBI A / A,65,ETOUNG-ILOBI,elecam-bv-2025-centre,e7f45f43af4f5287d99342df0b21853cb6ae923463331345126fc79a961816eb,needs_review,24,24,2693,2993,300
ELECAM-2025-CE-MBAM-ET-INOUBOU-NITOUKOU-0020,20,CE,CENTRE,CE-MBAM-ET-INOUBOU,MBAM-ET-INOUBOU,CE-MBAM-ET-INOUBOU-NITOUKOU,NITOUKOU,ECOLE PUBLIQUE NDEMA A / A,86,NDEMA,elecam-bv-2025-centre,e7f45f43af4f5287d99342df0b21853cb6ae923463331345126fc79a961816eb,needs_review,24,24,2693,2993,300
ELECAM-2025-CE-MBAM-ET-INOUBOU-NITOUKOU-0021,21,CE,CENTRE,CE-MBAM-ET-INOUBOU,MBAM-ET-INOUBOU,CE-MBAM-ET-INOUBOU-NITOUKOU,NITOUKOU,CES NDOKSONDEN A / A,73,EKONDJ,elecam-bv-2025-centre,e7f45f43af4f5287d99342df0b21853cb6ae923463331345126fc79a961816eb,needs_review,24,24,2693,2993,300
ELECAM-2025-CE-MBAM-ET-INOUBOU-NITOUKOU-0022,22,CE,CENTRE,CE-MBAM-ET-INOUBOU,MBAM-ET-INOUBOU,CE-MBAM-ET-INOUBOU-NITOUKOU,NITOUKOU,ECOLE MATERNELLE NDIKIBILE / A,107,NDIKIBIL,elecam-bv-2025-centre,e7f45f43af4f5287d99342df0b21853cb6ae923463331345126fc79a961816eb,needs_review,24,24,2693,2993,300
ELECAM-2025-CE-MBAM-ET-INOUBOU-NITOUKOU-0023,23,CE,CENTRE,CE-MBAM-ET-INOUBOU,MBAM-ET-INOUBOU,CE-MBAM-ET-INOUBOU-NITOUKOU,NITOUKOU,ECOLE MATERNELLE NEBALONGMAK / A,89,EKONDJ,elecam-bv-2025-centre,e7f45f43af4f5287d99342df0b21853cb6ae923463331345126fc79a961816eb,needs_review,24,24,2693,2993,300
ELECAM-2025-CE-MBAM-ET-INOUBOU-NITOUKOU-0024,24,CE,CENTRE,CE-MBAM-ET-INOUBOU,MBAM-ET-INOUBOU,CE-MBAM-ET-INOUBOU-NITOUKOU,NITOUKOU,CASE CHAPELLE UEBC EKONDJ / A,60,NEBASSEL,elecam-bv-2025-centre,e7f45f43af4f5287d99342df0b21853cb6ae923463331345126fc79a961816eb,needs_review,24,24,2693,2993,300
ELECAM-2025-CE-MFOUNDI-YAOUNDE-VI-0001,1,CE,CENTRE,CE-MFOUNDI,MFOUNDI,CE-MFOUNDI-YAOUNDE-VI,YAOUNDE VI,BIYEM-ASSI ECOLE SOURCE / A,280,BIYEM-ASSI BLOC,elecam-bv-2025-centre,e7f45f43af4f5287d99342df0b21853cb6ae923463331345126fc79a961816eb,needs_review,371,371,123771,124271,500
ELECAM-2025-CE-MFOUNDI-YAOUNDE-VI-0002,2,CE,CENTRE,CE-MFOUNDI,MFOUNDI,CE-MFOUNDI-YAOUNDE-VI,YAOUNDE VI,BIYEM-ASSI ECOLE SOURCE / B,332,BIYEM-ASSI BLOC,elecam-bv-2025-centre,e7f45f43af4f5287d99342df0b21853cb6ae923463331345126fc79a961816eb,needs_review,371,371,123771,124271,500
ELECAM-2025-CE-MFOUNDI-YAOUNDE-VI-0003,3,CE,CENTRE,CE-MFOUNDI,MFOUNDI,CE-MFOUNDI-YAOUNDE-VI,YAOUNDE VI,BIYEM-ASSI ECOLE SOURCE / C,343,BIYEM-ASSI BLOC,elecam-bv-2025-centre,e7f45f43af4f5287d99342df0b21853cb6ae923463331345126fc79a961816eb,needs_review,371,371,123771,124271,500
ELECAM-2025-CE-MFOUNDI-YAOUNDE-VI-0004,4,CE,CENTRE,CE-MFOUNDI,MFOUNDI,CE-MFOUNDI-YAOUNDE-VI,YAOUNDE VI,BIYEM-ASSI ECOLE SOURCE / D,347,BIYEM-ASSI BLOC,elecam-bv-2025-centre,e7f45f43af4f5287d99342df0b21853cb6ae923463331345126fc79a961816eb,needs_review,371,371,123771,124271,500
ELECAM-2025-CE-MFOUNDI-YAOUNDE-VI-0005,5,CE,CENTRE,CE-MFOUNDI,MFOUNDI,CE-MFOUNDI-YAOUNDE-VI,YAOUNDE VI,BIYEM-ASSI LYCEE / A,339,BIYEM-ASSI BLOC 11 ET,elecam-bv-2025-centre,e7f45f43af4f5287d99342df0b21853cb6ae923463331345126fc79a961816eb,needs_review,371,371,123771,124271,500
ELECAM-2025-CE-MFOUNDI-YAOUNDE-VI-0006,6,CE,CENTRE,CE-MFOUNDI,MFOUNDI,CE-MFOUNDI-YAOUNDE-VI,YAOUNDE VI,BIYEM-ASSI LYCEE / B,351,BIYEM-ASSI BLOC 11 ET,elecam-bv-2025-centre,e7f45f43af4f5287d99342df0b21853cb6ae923463331345126fc79a961816eb,needs_review,371,371,123771,124271,500
ELECAM-2025-CE-MFOUNDI-YAOUNDE-VI-0007,7,CE,CENTRE,CE-MFOUNDI,MFOUNDI,CE-MFOUNDI-YAOUNDE-VI,YAOUNDE VI,BIYEM-ASSI LYCEE / C,292,BIYEM-ASSI BLOC 11 ET,elecam-bv-2025-centre,e7f45f43af4f5287d99342df0b21853cb6ae923463331345126fc79a961816eb,needs_review,371,371,123771,124271,500
ELECAM-2025-CE-MFOUNDI-YAOUNDE-VI-0008,8,CE,CENTRE,CE-MFOUNDI,MFOUNDI,CE-MFOUNDI-YAOUNDE-VI,YAOUNDE VI,BIYEM-ASSI LYCEE / D,293,BIYEM-ASSI BLOC 11 ET,elecam-bv-2025-centre,e7f45f43af4f5287d99342df0b21853cb6ae923463331345126fc79a961816eb,needs_review,371,371,123771,124271,500
ELECAM-2025-CE-MFOUNDI-YAOUNDE-VI-0009,9,CE,CENTRE,CE-MFOUNDI,MFOUNDI,CE-MFOUNDI-YAOUNDE-VI,YAOUNDE VI,BIYEM-ASSI LYCEE / E,333,BIYEM-ASSI BLOC 11 ET,elecam-bv-2025-centre,e7f45f43af4f5287d99342df0b21853cb6ae923463331345126fc79a961816eb,needs_review,371,371,123771,124271,500
ELECAM-2025-CE-MFOUNDI-YAOUNDE-VI-0010,10,CE,CENTRE,CE-MFOUNDI,MFOUNDI,CE-MFOUNDI-YAOUNDE-VI,YAOUNDE VI,BIYEM-ASSI LYCEE / F,256,BIYEM-ASSI BLOC 11 ET,elecam-bv-2025-centre,e7f45f43af4f5287d99342df0b21853cb6ae923463331345126fc79a961816eb,needs_review,371,371,123771,124271,500
ELECAM-2025-CE-MFOUNDI-YAOUNDE-VI-0011,11,CE,CENTRE,CE-MFOUNDI,MFOUNDI,CE-MFOUNDI-YAOUNDE-VI,YAOUNDE VI,BIYEM-ASSI LYCEE / G,327,BIYEM-ASSI BLOC 11 ET,elecam-bv-2025-centre,e7f45f43af4f5287d99342df0b21853cb6ae923463331345126fc79a961816eb,needs_review,371,371,123771,124271,500
ELECAM-2025-CE-MFOUNDI-YAOUNDE-VI-0012,12,CE,CENTRE,CE-MFOUNDI,MFOUNDI,CE-MFOUNDI-YAOUNDE-VI,YAOUNDE VI,BIYEM-ASSI LYCEE / H,309,BIYEM-ASSI BLOC 11 ET,elecam-bv-2025-centre,e7f45f43af4f5287d99342df0b21853cb6ae923463331345126fc79a961816eb,needs_review,371,371,123771,124271,500
ELECAM-2025-CE-MFOUNDI-YAOUNDE-VI-0013,13,CE,CENTRE,CE-MFOUNDI,MFOUNDI,CE-MFOUNDI-YAOUNDE-VI,YAOUNDE VI,COMPLEXE SCOLAIRE MARC ESSO / A,328,BIYEM-ASSI BLOC 12 ET,elecam-bv-2025-centre,e7f45f43af4f5287d99342df0b21853cb6ae923463331345126fc79a961816eb,needs_review,371,371,123771,124271,500
ELECAM-2025-CE-MFOUNDI-YAOUNDE-VI-0014,14,CE,CENTRE,CE-MFOUNDI,MFOUNDI,CE-MFOUNDI-YAOUNDE-VI,YAOUNDE VI,COMPLEXE SCOLAIRE MARC ESSO / B,340,BIYEM-ASSI BLOC 12 ET,elecam-bv-2025-centre,e7f45f43af4f5287d99342df0b21853cb6ae923463331345126fc79a961816eb,needs_review,371,371,123771,124271,500
ELECAM-2025-CE-MFOUNDI-YAOUNDE-VI-0015,15,CE,CENTRE,CE-MFOUNDI,MFOUNDI,CE-MFOUNDI-YAOUNDE-VI,YAOUNDE VI,COMPLEXE SCOLAIRE MARC ESSO / C,348,BIYEM-ASSI BLOC 12 ET,elecam-bv-2025-centre,e7f45f43af4f5287d99342df0b21853cb6ae923463331345126fc79a961816eb,needs_review,371,371,123771,124271,500
ELECAM-2025-CE-MFOUNDI-YAOUNDE-VI-0016,16,CE,CENTRE,CE-MFOUNDI,MFOUNDI,CE-MFOUNDI-YAOUNDE-VI,YAOUNDE VI,COMPLEXE SCOLAIRE MARC ESSO / D,357,BIYEM-ASSI BLOC 12 ET,elecam-bv-2025-centre,e7f45f43af4f5287d99342df0b21853cb6ae923463331345126fc79a961816eb,needs_review,371,371,123771,124271,500
ELECAM-2025-CE-MFOUNDI-YAOUNDE-VI-0017,17,CE,CENTRE,CE-MFOUNDI,MFOUNDI,CE-MFOUNDI-YAOUNDE-VI,YAOUNDE VI,COMPLEXE SCOLAIRE MARC ESSO / E,412,BIYEM-ASSI BLOC 12 ET,elecam-bv-2025-centre,e7f45f43af4f5287d99342df0b21853cb6ae923463331345126fc79a961816eb,needs_review,371,371,123771,124271,500
ELECAM-2025-CE-MFOUNDI-YAOUNDE-VI-0018,18,CE,CENTRE,CE-MFOUNDI,MFOUNDI,CE-MFOUNDI-YAOUNDE-VI,YAOUNDE VI,COMPLEXE SCOLAIRE MARC ESSO / F,316,BIYEM-ASSI BLOC 12 ET,elecam-bv-2025-centre,e7f45f43af4f5287d99342df0b21853cb6ae923463331345126fc79a961816eb,needs_review,371,371,123771,124271,500
ELECAM-2025-CE-MFOUNDI-YAOUNDE-VI-0019,19,CE,CENTRE,CE-MFOUNDI,MFOUNDI,CE-MFOUNDI-YAOUNDE-VI,YAOUNDE VI,COMPLEXE SCOLAIRE MARC ESSO / G,397,BIYEM-ASSI BLOC 12 ET,elecam-bv-2025-centre,e7f45f43af4f5287d99342df0b21853cb6ae923463331345126fc79a961816eb,needs_review,371,371,123771,124271,500
ELECAM-2025-CE-MFOUNDI-YAOUNDE-VI-0020,20,CE,CENTRE,CE-MFOUNDI,MFOUNDI,CE-MFOUNDI-YAOUNDE-VI,YAOUNDE VI,COLLEGE FLEMING / A,372,BIYEM-ASSI BLOC 12 ET,elecam-bv-2025-centre,e7f45f43af4f5287d99342df0b21853cb6ae923463331345126fc79a961816eb,needs_review,371,371,123771,124271,500
ELECAM-2025-CE-MFOUNDI-YAOUNDE-VI-0021,21,CE,CENTRE,CE-MFOUNDI,MFOUNDI,CE-MFOUNDI-YAOUNDE-VI,YAOUNDE VI,COLLEGE FLEMING / B,370,BIYEM-ASSI BLOC 12 ET,elecam-bv-2025-centre,e7f45f43af4f5287d99342df0b21853cb6ae923463331345126fc79a961816eb,needs_review,371,371,123771,124271,500
ELECAM-2025-CE-MFOUNDI-YAOUNDE-VI-0022,22,CE,CENTRE,CE-MFOUNDI,MFOUNDI,CE-MFOUNDI-YAOUNDE-VI,YAOUNDE VI,COLLEGE FLEMING / C,382,BIYEM-ASSI BLOC 12 ET,elecam-bv-2025-centre,e7f45f43af4f5287d99342df0b21853cb6ae923463331345126fc79a961816eb,needs_review,371,371,123771,124271,500
ELECAM-2025-CE-MFOUNDI-YAOUNDE-VI-0023,23,CE,CENTRE,CE-MFOUNDI,MFOUNDI,CE-MFOUNDI-YAOUNDE-VI,YAOUNDE VI,COLLEGE FLEMING / D,351,BIYEM-ASSI BLOC 12 ET,elecam-bv-2025-centre,e7f45f43af4f5287d99342df0b21853cb6ae923463331345126fc79a961816eb,needs_review,371,371,123771,124271,500
ELECAM-2025-CE-MFOUNDI-YAOUNDE-VI-0024,24,CE,CENTRE,CE-MFOUNDI,MFOUNDI,CE-MFOUNDI-YAOUNDE-VI,YAOUNDE VI,COLLEGE FLEMING / E,359,BIYEM-ASSI BLOC 12 ET,elecam-bv-2025-centre,e7f45f43af4f5287d99342df0b21853cb6ae923463331345126fc79a961816eb,needs_review,371,371,123771,124271,500
ELECAM-2025-CE-MFOUNDI-YAOUNDE-VI-0025,25,CE,CENTRE,CE-MFOUNDI,MFOUNDI,CE-MFOUNDI-YAOUNDE-VI,YAOUNDE VI,COLLEGE FLEMING / F,392,BIYEM-ASSI BLOC 12 ET,elecam-bv-2025-centre,e7f45f43af4f5287d99342df0b21853cb6ae923463331345126fc79a961816eb,needs_review,371,371,123771,124271,500
ELECAM-2025-CE-MFOUNDI-YAOUNDE-VI-0026,26,CE,CENTRE,CE-MFOUNDI,MFOUNDI,CE-MFOUNDI-YAOUNDE-VI,YAOUNDE VI,COLLEGE FLEMING / G,396,BIYEM-ASSI BLOC 12 ET,elecam-bv-2025-centre,e7f45f43af4f5287d99342df0b21853cb6ae923463331345126fc79a961816eb,needs_review,371,371,123771,124271,500
ELECAM-2025-CE-MFOUNDI-YAOUNDE-VI-0027,27,CE,CENTRE,CE-MFOUNDI,MFOUNDI,CE-MFOUNDI-YAOUNDE-VI,YAOUNDE VI,COLLEGE FLEMING / H,403,BIYEM-ASSI BLOC 12 ET,elecam-bv-2025-centre,e7f45f43af4f5287d99342df0b21853cb6ae923463331345126fc79a961816eb,needs_review,371,371,123771,124271,500
ELECAM-2025-CE-MFOUNDI-YAOUNDE-VI-0028,28,CE,CENTRE,CE-MFOUNDI,MFOUNDI,CE-MFOUNDI-YAOUNDE-VI,YAOUNDE VI,COLLEGE FLEMING / I,260,BIYEM-ASSI BLOC 12 ET,elecam-bv-2025-centre,e7f45f43af4f5287d99342df0b21853cb6ae923463331345126fc79a961816eb,needs_review,371,371,123771,124271,500
ELECAM-2025-CE-MFOUNDI-YAOUNDE-VI-0029,29,CE,CENTRE,CE-MFOUNDI,MFOUNDI,CE-MFOUNDI-YAOUNDE-VI,YAOUNDE VI,BIYEM-ASSI ECOLE / A,310,BIYEM-ASSI BLOC,elecam-bv-2025-centre,e7f45f43af4f5287d99342df0b21853cb6ae923463331345126fc79a961816eb,needs_review,371,371,123771,124271,500
ELECAM-2025-CE-MFOUNDI-YAOUNDE-VI-0030,30,CE,CENTRE,CE-MFOUNDI,MFOUNDI,CE-MFOUNDI-YAOUNDE-VI,YAOUNDE VI,BIYEM-ASSI ECOLE / B,304,BIYEM-ASSI BLOC,elecam-bv-2025-centre,e7f45f43af4f5287d99342df0b21853cb6ae923463331345126fc79a961816eb,needs_review,371,371,123771,124271,500
ELECAM-2025-CE-MFOUNDI-YAOUNDE-VI-0031,31,CE,CENTRE,CE-MFOUNDI,MFOUNDI,CE-MFOUNDI-YAOUNDE-VI,YAOUNDE VI,BIYEM-ASSI ECOLE / C,323,BIYEM-ASSI BLOC,elecam-bv-2025-centre,e7f45f43af4f5287d99342df0b21853cb6ae923463331345126fc79a961816eb,needs_review,371,371,123771,124271,500
ELECAM-2025-CE-MFOUNDI-YAOUNDE-VI-0032,32,CE,CENTRE,CE-MFOUNDI,MFOUNDI,CE-MFOUNDI-YAOUNDE-VI,YAOUNDE VI,BIYEM-ASSI ECOLE / D,289,BIYEM-ASSI BLOC,elecam-bv-2025-centre,e7f45f43af4f5287d99342df0b21853cb6ae923463331345126fc79a961816eb,needs_review,371,371,123771,124271,500
ELECAM-2025-CE-MFOUNDI-YAOUNDE-VI-0033,33,CE,CENTRE,CE-MFOUNDI,MFOUNDI,CE-MFOUNDI-YAOUNDE-VI,YAOUNDE VI,BIYEM-ASSI ECOLE / E,303,BIYEM-ASSI BLOC,elecam-bv-2025-centre,e7f45f43af4f5287d99342df0b21853cb6ae923463331345126fc79a961816eb,needs_review,371,371,123771,124271,500
ELECAM-2025-CE-MFOUNDI-YAOUNDE-VI-0034,34,CE,CENTRE,CE-MFOUNDI,MFOUNDI,CE-MFOUNDI-YAOUNDE-VI,YAOUNDE VI,BIYEM-ASSI ECOLE / F,336,BIYEM-ASSI BLOC,elecam-bv-2025-centre,e7f45f43af4f5287d99342df0b21853cb6ae923463331345126fc79a961816eb,needs_review,371,371,123771,124271,500
ELECAM-2025-CE-MFOUNDI-YAOUNDE-VI-0035,35,CE,CENTRE,CE-MFOUNDI,MFOUNDI,CE-MFOUNDI-YAOUNDE-VI,YAOUNDE VI,BIYEM-ASSI ECOLE / G,337,BIYEM-ASSI BLOC,elecam-bv-2025-centre,e7f45f43af4f5287d99342df0b21853cb6ae923463331345126fc79a961816eb,needs_review,371,371,123771,124271,500
ELECAM-2025-CE-MFOUNDI-YAOUNDE-VI-0036,36,CE,CENTRE,CE-MFOUNDI,MFOUNDI,CE-MFOUNDI-YAOUNDE-VI,YAOUNDE VI,BIYEM-ASSI ECOLE / H,283,BIYEM-ASSI BLOC,elecam-bv-2025-centre,e7f45f43af4f5287d99342df0b21853cb6ae923463331345126fc79a961816eb,needs_review,371,371,123771,124271,500
ELECAM-2025-CE-MFOUNDI-YAOUNDE-VI-0037,37,CE,CENTRE,CE-MFOUNDI,MFOUNDI,CE-MFOUNDI-YAOUNDE-VI,YAOUNDE VI,BIYEM-ASSI ECOLE / I,313,BIYEM-ASSI BLOC,elecam-bv-2025-centre,e7f45f43af4f5287d99342df0b21853cb6ae923463331345126fc79a961816eb,needs_review,371,371,123771,124271,500
ELECAM-2025-CE-MFOUNDI-YAOUNDE-VI-0038,38,CE,CENTRE,CE-MFOUNDI,MFOUNDI,CE-MFOUNDI-YAOUNDE-VI,YAOUNDE VI,BIYEM-ASSI ECOLE / J,380,BIYEM-ASSI BLOC,elecam-bv-2025-centre,e7f45f43af4f5287d99342df0b21853cb6ae923463331345126fc79a961816eb,needs_review,371,371,123771,124271,500
ELECAM-2025-CE-MFOUNDI-YAOUNDE-VI-0039,39,CE,CENTRE,CE-MFOUNDI,MFOUNDI,CE-MFOUNDI-YAOUNDE-VI,YAOUNDE VI,BIYEM-ASSI ECOLE / K,325,BIYEM-ASSI BLOC,elecam-bv-2025-centre,e7f45f43af4f5287d99342df0b21853cb6ae923463331345126fc79a961816eb,needs_review,371,371,123771,124271,500
ELECAM-2025-CE-MFOUNDI-YAOUNDE-VI-0040,40,CE,CENTRE,CE-MFOUNDI,MFOUNDI,CE-MFOUNDI-YAOUNDE-VI,YAOUNDE VI,BIYEM-ASSI ECOLE / L,376,BIYEM-ASSI BLOC,elecam-bv-2025-centre,e7f45f43af4f5287d99342df0b21853cb6ae923463331345126fc79a961816eb,needs_review,371,371,123771,124271,500
ELECAM-2025-CE-MFOUNDI-YAOUNDE-VI-0041,41,CE,CENTRE,CE-MFOUNDI,MFOUNDI,CE-MFOUNDI-YAOUNDE-VI,YAOUNDE VI,BIYEM-ASSI ECOLE / M,220,BIYEM-ASSI BLOC,elecam-bv-2025-centre,e7f45f43af4f5287d99342df0b21853cb6ae923463331345126fc79a961816eb,needs_review,371,371,123771,124271,500
ELECAM-2025-CE-MFOUNDI-YAOUNDE-VI-0042,42,CE,CENTRE,CE-MFOUNDI,MFOUNDI,CE-MFOUNDI-YAOUNDE-VI,YAOUNDE VI,ECOLE PRIVEE LES PIGEONS / A,291,BIYEM-ASSI BLOC,elecam-bv-2025-centre,e7f45f43af4f5287d99342df0b21853cb6ae923463331345126fc79a961816eb,needs_review,371,371,123771,124271,500
ELECAM-2025-CE-MFOUNDI-YAOUNDE-VI-0043,43,CE,CENTRE,CE-MFOUNDI,MFOUNDI,CE-MFOUNDI-YAOUNDE-VI,YAOUNDE VI,ECOLE PRIVEE LES PIGEONS / B,287,BIYEM-ASSI BLOC,elecam-bv-2025-centre,e7f45f43af4f5287d99342df0b21853cb6ae923463331345126fc79a961816eb,needs_review,371,371,123771,124271,500
ELECAM-2025-CE-MFOUNDI-YAOUNDE-VI-0044,44,CE,CENTRE,CE-MFOUNDI,MFOUNDI,CE-MFOUNDI-YAOUNDE-VI,YAOUNDE VI,ECOLE PRIVEE LES PIGEONS / C,289,BIYEM-ASSI BLOC,elecam-bv-2025-centre,e7f45f43af4f5287d99342df0b21853cb6ae923463331345126fc79a961816eb,needs_review,371,371,123771,124271,500
ELECAM-2025-CE-MFOUNDI-YAOUNDE-VI-0045,45,CE,CENTRE,CE-MFOUNDI,MFOUNDI,CE-MFOUNDI-YAOUNDE-VI,YAOUNDE VI,ECOLE MAT ANGLOPHONE / A,304,BIYEM-ASSI BLOC,elecam-bv-2025-centre,e7f45f43af4f5287d99342df0b21853cb6ae923463331345126fc79a961816eb,needs_review,371,371,123771,124271,500
ELECAM-2025-CE-MFOUNDI-YAOUNDE-VI-0046,46,CE,CENTRE,CE-MFOUNDI,MFOUNDI,CE-MFOUNDI-YAOUNDE-VI,YAOUNDE VI,ECOLE MAT ANGLOPHONE / B,384,BIYEM-ASSI BLOC,elecam-bv-2025-centre,e7f45f43af4f5287d99342df0b21853cb6ae923463331345126fc79a961816eb,needs_review,371,371,123771,124271,500
ELECAM-2025-CE-MFOUNDI-YAOUNDE-VI-0047,47,CE,CENTRE,CE-MFOUNDI,MFOUNDI,CE-MFOUNDI-YAOUNDE-VI,YAOUNDE VI,ECOLE BILINGUE BIYEM-ASSI / A,319,BIYEM-ASSI BLOC,elecam-bv-2025-centre,e7f45f43af4f5287d99342df0b21853cb6ae923463331345126fc79a961816eb,needs_review,371,371,123771,124271,500
ELECAM-2025-CE-MFOUNDI-YAOUNDE-VI-0048,48,CE,CENTRE,CE-MFOUNDI,MFOUNDI,CE-MFOUNDI-YAOUNDE-VI,YAOUNDE VI,ECOLE BILINGUE BIYEM-ASSI / B,268,BIYEM-ASSI BLOC,elecam-bv-2025-centre,e7f45f43af4f5287d99342df0b21853cb6ae923463331345126fc79a961816eb,needs_review,371,371,123771,124271,500
ELECAM-2025-CE-MFOUNDI-YAOUNDE-VI-0049,49,CE,CENTRE,CE-MFOUNDI,MFOUNDI,CE-MFOUNDI-YAOUNDE-VI,YAOUNDE VI,ECOLE BILINGUE BIYEM-ASSI / C,316,BIYEM-ASSI BLOC,elecam-bv-2025-centre,e7f45f43af4f5287d99342df0b21853cb6ae923463331345126fc79a961816eb,needs_review,371,371,123771,124271,500
ELECAM-2025-CE-MFOUNDI-YAOUNDE-VI-0050,50,CE,CENTRE,CE-MFOUNDI,MFOUNDI,CE-MFOUNDI-YAOUNDE-VI,YAOUNDE VI,ECOLE BILINGUE BIYEM-ASSI / D,388,BIYEM-ASSI BLOC,elecam-bv-2025-centre,e7f45f43af4f5287d99342df0b21853cb6ae923463331345126fc79a961816eb,needs_review,371,371,123771,124271,500
ELECAM-2025-CE-MFOUNDI-YAOUNDE-VI-0051,51,CE,CENTRE,CE-MFOUNDI,MFOUNDI,CE-MFOUNDI-YAOUNDE-VI,YAOUNDE VI,ECOLE BILINGUE BIYEM-ASSI / E,382,BIYEM-ASSI BLOC,elecam-bv-2025-centre,e7f45f43af4f5287d99342df0b21853cb6ae923463331345126fc79a961816eb,needs_review,371,371,123771,124271,500
ELECAM-2025-CE-MFOUNDI-YAOUNDE-VI-0052,52,CE,CENTRE,CE-MFOUNDI,MFOUNDI,CE-MFOUNDI-YAOUNDE-VI,YAOUNDE VI,ECOLE BILINGUE BIYEM-ASSI / F,400,BIYEM-ASSI BLOC,elecam-bv-2025-centre,e7f45f43af4f5287d99342df0b21853cb6ae923463331345126fc79a961816eb,needs_review,371,371,123771,124271,500
ELECAM-2025-CE-MFOUNDI-YAOUNDE-VI-0053,53,CE,CENTRE,CE-MFOUNDI,MFOUNDI,CE-MFOUNDI-YAOUNDE-VI,YAOUNDE VI,ECOLE PUBLIQUE BILINGUE BIYEM-ASSI / A,331,BIYEM-ASSI BLOC,elecam-bv-2025-centre,e7f45f43af4f5287d99342df0b21853cb6ae923463331345126fc79a961816eb,needs_review,371,371,123771,124271,500
ELECAM-2025-CE-MFOUNDI-YAOUNDE-VI-0054,54,CE,CENTRE,CE-MFOUNDI,MFOUNDI,CE-MFOUNDI-YAOUNDE-VI,YAOUNDE VI,ECOLE PUBLIQUE BILINGUE BIYEM-ASSI / B,364,BIYEM-ASSI BLOC,elecam-bv-2025-centre,e7f45f43af4f5287d99342df0b21853cb6ae923463331345126fc79a961816eb,needs_review,371,371,123771,124271,500
ELECAM-2025-CE-MFOUNDI-YAOUNDE-VI-0055,55,CE,CENTRE,CE-MFOUNDI,MFOUNDI,CE-MFOUNDI-YAOUNDE-VI,YAOUNDE VI,ECOLE PUBLIQUE BILINGUE BIYEM-ASSI / C,322,BIYEM-ASSI BLOC,elecam-bv-2025-centre,e7f45f43af4f5287d99342df0b21853cb6ae923463331345126fc79a961816eb,needs_review,371,371,123771,124271,500
ELECAM-2025-CE-MFOUNDI-YAOUNDE-VI-0056,56,CE,CENTRE,CE-MFOUNDI,MFOUNDI,CE-MFOUNDI-YAOUNDE-VI,YAOUNDE VI,ECOLE PUBLIQUE BILINGUE BIYEM-ASSI / D,396,BIYEM-ASSI BLOC,elecam-bv-2025-centre,e7f45f43af4f5287d99342df0b21853cb6ae923463331345126fc79a961816eb,needs_review,371,371,123771,124271,500
ELECAM-2025-CE-MFOUNDI-YAOUNDE-VI-0057,57,CE,CENTRE,CE-MFOUNDI,MFOUNDI,CE-MFOUNDI-YAOUNDE-VI,YAOUNDE VI,ECOLE PUBLIQUE BILINGUE BIYEM-ASSI / E,367,BIYEM-ASSI BLOC,elecam-bv-2025-centre,e7f45f43af4f5287d99342df0b21853cb6ae923463331345126fc79a961816eb,needs_review,371,371,123771,124271,500
ELECAM-2025-CE-MFOUNDI-YAOUNDE-VI-0058,58,CE,CENTRE,CE-MFOUNDI,MFOUNDI,CE-MFOUNDI-YAOUNDE-VI,YAOUNDE VI,COLLEGE EBANDA / A,307,BIYEM-ASSI CHAPELLE,elecam-bv-2025-centre,e7f45f43af4f5287d99342df0b21853cb6ae923463331345126fc79a961816eb,needs_review,371,371,123771,124271,500
ELECAM-2025-CE-MFOUNDI-YAOUNDE-VI-0059,59,CE,CENTRE,CE-MFOUNDI,MFOUNDI,CE-MFOUNDI-YAOUNDE-VI,YAOUNDE VI,COLLEGE EBANDA / B,319,BIYEM-ASSI CHAPELLE,elecam-bv-2025-centre,e7f45f43af4f5287d99342df0b21853cb6ae923463331345126fc79a961816eb,needs_review,371,371,123771,124271,500
ELECAM-2025-CE-MFOUNDI-YAOUNDE-VI-0060,60,CE,CENTRE,CE-MFOUNDI,MFOUNDI,CE-MFOUNDI-YAOUNDE-VI,YAOUNDE VI,COLLEGE EBANDA / C,312,BIYEM-ASSI CHAPELLE,elecam-bv-2025-centre,e7f45f43af4f5287d99342df0b21853cb6ae923463331345126fc79a961816eb,needs_review,371,371,123771,124271,500
ELECAM-2025-CE-MFOUNDI-YAOUNDE-VI-0061,61,CE,CENTRE,CE-MFOUNDI,MFOUNDI,CE-MFOUNDI-YAOUNDE-VI,YAOUNDE VI,COLLEGE EBANDA / D,307,BIYEM-ASSI CHAPELLE,elecam-bv-2025-centre,e7f45f43af4f5287d99342df0b21853cb6ae923463331345126fc79a961816eb,needs_review,371,371,123771,124271,500
ELECAM-2025-CE-MFOUNDI-YAOUNDE-VI-0062,62,CE,CENTRE,CE-MFOUNDI,MFOUNDI,CE-MFOUNDI-YAOUNDE-VI,YAOUNDE VI,COLLEGE EBANDA / E,325,BIYEM-ASSI CHAPELLE,elecam-bv-2025-centre,e7f45f43af4f5287d99342df0b21853cb6ae923463331345126fc79a961816eb,needs_review,371,371,123771,124271,500
ELECAM-2025-CE-MFOUNDI-YAOUNDE-VI-0063,63,CE,CENTRE,CE-MFOUNDI,MFOUNDI,CE-MFOUNDI-YAOUNDE-VI,YAOUNDE VI,COLLEGE EBANDA / F,309,BIYEM-ASSI CHAPELLE,elecam-bv-2025-centre,e7f45f43af4f5287d99342df0b21853cb6ae923463331345126fc79a961816eb,needs_review,371,371,123771,124271,500
ELECAM-2025-CE-MFOUNDI-YAOUNDE-VI-0064,64,CE,CENTRE,CE-MFOUNDI,MFOUNDI,CE-MFOUNDI-YAOUNDE-VI,YAOUNDE VI,COLLEGE EBANDA / G,359,BIYEM-ASSI CHAPELLE,elecam-bv-2025-centre,e7f45f43af4f5287d99342df0b21853cb6ae923463331345126fc79a961816eb,needs_review,371,371,123771,124271,500
ELECAM-2025-CE-MFOUNDI-YAOUNDE-VI-0065,65,CE,CENTRE,CE-MFOUNDI,MFOUNDI,CE-MFOUNDI-YAOUNDE-VI,YAOUNDE VI,COLLEGE EBANDA / H,243,BIYEM-ASSI CHAPELLE,elecam-bv-2025-centre,e7f45f43af4f5287d99342df0b21853cb6ae923463331345126fc79a961816eb,needs_review,371,371,123771,124271,500
ELECAM-2025-CE-MFOUNDI-YAOUNDE-VI-0066,66,CE,CENTRE,CE-MFOUNDI,MFOUNDI,CE-MFOUNDI-YAOUNDE-VI,YAOUNDE VI,COLLEGE LE SAVOIR / A,306,BIYEM-ASSI MAIRIE,elecam-bv-2025-centre,e7f45f43af4f5287d99342df0b21853cb6ae923463331345126fc79a961816eb,needs_review,371,371,123771,124271,500
ELECAM-2025-CE-MFOUNDI-YAOUNDE-VI-0067,67,CE,CENTRE,CE-MFOUNDI,MFOUNDI,CE-MFOUNDI-YAOUNDE-VI,YAOUNDE VI,COLLEGE LE SAVOIR / B,327,BIYEM-ASSI MAIRIE,elecam-bv-2025-centre,e7f45f43af4f5287d99342df0b21853cb6ae923463331345126fc79a961816eb,needs_review,371,371,123771,124271,500
ELECAM-2025-CE-MFOUNDI-YAOUNDE-VI-0068,68,CE,CENTRE,CE-MFOUNDI,MFOUNDI,CE-MFOUNDI-YAOUNDE-VI,YAOUNDE VI,COLLEGE LE SAVOIR / C,261,BIYEM-ASSI MAIRIE,elecam-bv-2025-centre,e7f45f43af4f5287d99342df0b21853cb6ae923463331345126fc79a961816eb,needs_review,371,371,123771,124271,500
ELECAM-2025-CE-MFOUNDI-YAOUNDE-VI-0069,69,CE,CENTRE,CE-MFOUNDI,MFOUNDI,CE-MFOUNDI-YAOUNDE-VI,YAOUNDE VI,ENSTP / A,354,ELIG EFFA,elecam-bv-2025-centre,e7f45f43af4f5287d99342df0b21853cb6ae923463331345126fc79a961816eb,needs_review,371,371,123771,124271,500
ELECAM-2025-CE-MFOUNDI-YAOUNDE-VI-0070,70,CE,CENTRE,CE-MFOUNDI,MFOUNDI,CE-MFOUNDI-YAOUNDE-VI,YAOUNDE VI,ENSTP / B,330,ELIG EFFA,elecam-bv-2025-centre,e7f45f43af4f5287d99342df0b21853cb6ae923463331345126fc79a961816eb,needs_review,371,371,123771,124271,500
ELECAM-2025-CE-MFOUNDI-YAOUNDE-VI-0071,71,CE,CENTRE,CE-MFOUNDI,MFOUNDI,CE-MFOUNDI-YAOUNDE-VI,YAOUNDE VI,ENSTP / C,327,ELIG EFFA,elecam-bv-2025-centre,e7f45f43af4f5287d99342df0b21853cb6ae923463331345126fc79a961816eb,needs_review,371,371,123771,124271,500
ELECAM-2025-CE-MFOUNDI-YAOUNDE-VI-0072,72,CE,CENTRE,CE-MFOUNDI,MFOUNDI,CE-MFOUNDI-YAOUNDE-VI,YAOUNDE VI,ENSTP / D,312,ELIG EFFA,elecam-bv-2025-centre,e7f45f43af4f5287d99342df0b21853cb6ae923463331345126fc79a961816eb,needs_review,371,371,123771,124271,500
ELECAM-2025-CE-MFOUNDI-YAOUNDE-VI-0073,73,CE,CENTRE,CE-MFOUNDI,MFOUNDI,CE-MFOUNDI-YAOUNDE-VI,YAOUNDE VI,ENSTP / E,311,ELIG EFFA,elecam-bv-2025-centre,e7f45f43af4f5287d99342df0b21853cb6ae923463331345126fc79a961816eb,needs_review,371,371,123771,124271,500
ELECAM-2025-CE-MFOUNDI-YAOUNDE-VI-0074,74,CE,CENTRE,CE-MFOUNDI,MFOUNDI,CE-MFOUNDI-YAOUNDE-VI,YAOUNDE VI,ENSTP / F,326,ELIG EFFA,elecam-bv-2025-centre,e7f45f43af4f5287d99342df0b21853cb6ae923463331345126fc79a961816eb,needs_review,371,371,123771,124271,500
ELECAM-2025-CE-MFOUNDI-YAOUNDE-VI-0075,75,CE,CENTRE,CE-MFOUNDI,MFOUNDI,CE-MFOUNDI-YAOUNDE-VI,YAOUNDE VI,ENSTP / G,378,ELIG EFFA,elecam-bv-2025-centre,e7f45f43af4f5287d99342df0b21853cb6ae923463331345126fc79a961816eb,needs_review,371,371,123771,124271,500
ELECAM-2025-CE-MFOUNDI-YAOUNDE-VI-0076,76,CE,CENTRE,CE-MFOUNDI,MFOUNDI,CE-MFOUNDI-YAOUNDE-VI,YAOUNDE VI,ENSTP / H,384,ELIG EFFA,elecam-bv-2025-centre,e7f45f43af4f5287d99342df0b21853cb6ae923463331345126fc79a961816eb,needs_review,371,371,123771,124271,500
ELECAM-2025-CE-MFOUNDI-YAOUNDE-VI-0077,77,CE,CENTRE,CE-MFOUNDI,MFOUNDI,CE-MFOUNDI-YAOUNDE-VI,YAOUNDE VI,ENSTP / I,126,ELIG EFFA,elecam-bv-2025-centre,e7f45f43af4f5287d99342df0b21853cb6ae923463331345126fc79a961816eb,needs_review,371,371,123771,124271,500
ELECAM-2025-CE-MFOUNDI-YAOUNDE-VI-0078,78,CE,CENTRE,CE-MFOUNDI,MFOUNDI,CE-MFOUNDI-YAOUNDE-VI,YAOUNDE VI,COLLEGE IPONI / A,368,ETOUG-EBE,elecam-bv-2025-centre,e7f45f43af4f5287d99342df0b21853cb6ae923463331345126fc79a961816eb,needs_review,371,371,123771,124271,500
ELECAM-2025-CE-MFOUNDI-YAOUNDE-VI-0079,79,CE,CENTRE,CE-MFOUNDI,MFOUNDI,CE-MFOUNDI-YAOUNDE-VI,YAOUNDE VI,COLLEGE IPONI / B,369,ETOUG-EBE,elecam-bv-2025-centre,e7f45f43af4f5287d99342df0b21853cb6ae923463331345126fc79a961816eb,needs_review,371,371,123771,124271,500
ELECAM-2025-CE-MFOUNDI-YAOUNDE-VI-0080,80,CE,CENTRE,CE-MFOUNDI,MFOUNDI,CE-MFOUNDI-YAOUNDE-VI,YAOUNDE VI,COLLEGE IPONI / C,345,ETOUG-EBE,elecam-bv-2025-centre,e7f45f43af4f5287d99342df0b21853cb6ae923463331345126fc79a961816eb,needs_review,371,371,123771,124271,500
ELECAM-2025-CE-MFOUNDI-YAOUNDE-VI-0081,81,CE,CENTRE,CE-MFOUNDI,MFOUNDI,CE-MFOUNDI-YAOUNDE-VI,YAOUNDE VI,COLLEGE IPONI / D,335,ETOUG-EBE,elecam-bv-2025-centre,e7f45f43af4f5287d99342df0b21853cb6ae923463331345126fc79a961816eb,needs_review,371,371,123771,124271,500
ELECAM-2025-CE-MFOUNDI-YAOUNDE-VI-0082,82,CE,CENTRE,CE-MFOUNDI,MFOUNDI,CE-MFOUNDI-YAOUNDE-VI,YAOUNDE VI,COLLEGE IPONI / E,360,ETOUG-EBE,elecam-bv-2025-centre,e7f45f43af4f5287d99342df0b21853cb6ae923463331345126fc79a961816eb,needs_review,371,371,123771,124271,500
ELECAM-2025-CE-MFOUNDI-YAOUNDE-VI-0083,83,CE,CENTRE,CE-MFOUNDI,MFOUNDI,CE-MFOUNDI-YAOUNDE-VI,YAOUNDE VI,COLLEGE IPONI / F,368,ETOUG-EBE,elecam-bv-2025-centre,e7f45f43af4f5287d99342df0b21853cb6ae923463331345126fc79a961816eb,needs_review,371,371,123771,124271,500
ELECAM-2025-CE-MFOUNDI-YAOUNDE-VI-0084,84,CE,CENTRE,CE-MFOUNDI,MFOUNDI,CE-MFOUNDI-YAOUNDE-VI,YAOUNDE VI,COLLEGE IPONI / G,352,ETOUG-EBE,elecam-bv-2025-centre,e7f45f43af4f5287d99342df0b21853cb6ae923463331345126fc79a961816eb,needs_review,371,371,123771,124271,500
ELECAM-2025-CE-MFOUNDI-YAOUNDE-VI-0085,85,CE,CENTRE,CE-MFOUNDI,MFOUNDI,CE-MFOUNDI-YAOUNDE-VI,YAOUNDE VI,COLLEGE IPONI / H,383,ETOUG-EBE,elecam-bv-2025-centre,e7f45f43af4f5287d99342df0b21853cb6ae923463331345126fc79a961816eb,needs_review,371,371,123771,124271,500
ELECAM-2025-CE-MFOUNDI-YAOUNDE-VI-0086,86,CE,CENTRE,CE-MFOUNDI,MFOUNDI,CE-MFOUNDI-YAOUNDE-VI,YAOUNDE VI,COLLEGE IPONI / I,384,ETOUG-EBE,elecam-bv-2025-centre,e7f45f43af4f5287d99342df0b21853cb6ae923463331345126fc79a961816eb,needs_review,371,371,123771,124271,500
ELECAM-2025-CE-MFOUNDI-YAOUNDE-VI-0087,87,CE,CENTRE,CE-MFOUNDI,MFOUNDI,CE-MFOUNDI-YAOUNDE-VI,YAOUNDE VI,COLLEGE IPONI / J,377,ETOUG-EBE,elecam-bv-2025-centre,e7f45f43af4f5287d99342df0b21853cb6ae923463331345126fc79a961816eb,needs_review,371,371,123771,124271,500
ELECAM-2025-CE-MFOUNDI-YAOUNDE-VI-0088,88,CE,CENTRE,CE-MFOUNDI,MFOUNDI,CE-MFOUNDI-YAOUNDE-VI,YAOUNDE VI,COLLEGE IPONI / K,220,ETOUG-EBE,elecam-bv-2025-centre,e7f45f43af4f5287d99342df0b21853cb6ae923463331345126fc79a961816eb,needs_review,371,371,123771,124271,500
ELECAM-2025-CE-MFOUNDI-YAOUNDE-VI-0089,89,CE,CENTRE,CE-MFOUNDI,MFOUNDI,CE-MFOUNDI-YAOUNDE-VI,YAOUNDE VI,ECOLE PRIVEE LA LUMIERE / A,372,ETOUG-EBE 2 BLOC,elecam-bv-2025-centre,e7f45f43af4f5287d99342df0b21853cb6ae923463331345126fc79a961816eb,needs_review,371,371,123771,124271,500
ELECAM-2025-CE-MFOUNDI-YAOUNDE-VI-0090,90,CE,CENTRE,CE-MFOUNDI,MFOUNDI,CE-MFOUNDI-YAOUNDE-VI,YAOUNDE VI,ECOLE PRIVEE LA LUMIERE / B,363,ETOUG-EBE 2 BLOC,elecam-bv-2025-centre,e7f45f43af4f5287d99342df0b21853cb6ae923463331345126fc79a961816eb,needs_review,371,371,123771,124271,500
ELECAM-2025-CE-MFOUNDI-YAOUNDE-VI-0091,91,CE,CENTRE,CE-MFOUNDI,MFOUNDI,CE-MFOUNDI-YAOUNDE-VI,YAOUNDE VI,ECOLE PRIVEE LA LUMIERE / C,374,ETOUG-EBE 2 BLOC,elecam-bv-2025-centre,e7f45f43af4f5287d99342df0b21853cb6ae923463331345126fc79a961816eb,needs_review,371,371,123771,124271,500
ELECAM-2025-CE-MFOUNDI-YAOUNDE-VI-0092,92,CE,CENTRE,CE-MFOUNDI,MFOUNDI,CE-MFOUNDI-YAOUNDE-VI,YAOUNDE VI,ECOLE PRIVEE LA LUMIERE / D,348,ETOUG-EBE 2 BLOC,elecam-bv-2025-centre,e7f45f43af4f5287d99342df0b21853cb6ae923463331345126fc79a961816eb,needs_review,371,371,123771,124271,500
ELECAM-2025-CE-MFOUNDI-YAOUNDE-VI-0093,93,CE,CENTRE,CE-MFOUNDI,MFOUNDI,CE-MFOUNDI-YAOUNDE-VI,YAOUNDE VI,ECOLE PRIVEE LA LUMIERE / E,336,ETOUG-EBE 2 BLOC,elecam-bv-2025-centre,e7f45f43af4f5287d99342df0b21853cb6ae923463331345126fc79a961816eb,needs_review,371,371,123771,124271,500
ELECAM-2025-CE-MFOUNDI-YAOUNDE-VI-0094,94,CE,CENTRE,CE-MFOUNDI,MFOUNDI,CE-MFOUNDI-YAOUNDE-VI,YAOUNDE VI,ECOLE PRIVEE LA LUMIERE / F,324,ETOUG-EBE 2 BLOC,elecam-bv-2025-centre,e7f45f43af4f5287d99342df0b21853cb6ae923463331345126fc79a961816eb,needs_review,371,371,123771,124271,500
ELECAM-2025-CE-MFOUNDI-YAOUNDE-VI-0095,95,CE,CENTRE,CE-MFOUNDI,MFOUNDI,CE-MFOUNDI-YAOUNDE-VI,YAOUNDE VI,ECOLE PRIVEE LA LUMIERE / G,294,ETOUG-EBE 2 BLOC,elecam-bv-2025-centre,e7f45f43af4f5287d99342df0b21853cb6ae923463331345126fc79a961816eb,needs_review,371,371,123771,124271,500
ELECAM-2025-CE-MFOUNDI-YAOUNDE-VI-0096,96,CE,CENTRE,CE-MFOUNDI,MFOUNDI,CE-MFOUNDI-YAOUNDE-VI,YAOUNDE VI,ECOLE PRIVEE LA LUMIERE / H,321,ETOUG-EBE 2 BLOC,elecam-bv-2025-centre,e7f45f43af4f5287d99342df0b21853cb6ae923463331345126fc79a961816eb,needs_review,371,371,123771,124271,500
ELECAM-2025-CE-MFOUNDI-YAOUNDE-VI-0097,97,CE,CENTRE,CE-MFOUNDI,MFOUNDI,CE-MFOUNDI-YAOUNDE-VI,YAOUNDE VI,ECOLE PRIVEE LA LUMIERE / I,363,ETOUG-EBE 2 BLOC,elecam-bv-2025-centre,e7f45f43af4f5287d99342df0b21853cb6ae923463331345126fc79a961816eb,needs_review,371,371,123771,124271,500
ELECAM-2025-CE-MFOUNDI-YAOUNDE-VI-0098,98,CE,CENTRE,CE-MFOUNDI,MFOUNDI,CE-MFOUNDI-YAOUNDE-VI,YAOUNDE VI,ECOLE PRIVEE LA LUMIERE / J,374,ETOUG-EBE 2 BLOC,elecam-bv-2025-centre,e7f45f43af4f5287d99342df0b21853cb6ae923463331345126fc79a961816eb,needs_review,371,371,123771,124271,500
ELECAM-2025-CE-MFOUNDI-YAOUNDE-VI-0099,99,CE,CENTRE,CE-MFOUNDI,MFOUNDI,CE-MFOUNDI-YAOUNDE-VI,YAOUNDE VI,ECOLE PRIVEE LA LUMIERE / K,381,ETOUG-EBE 2 BLOC,elecam-bv-2025-centre,e7f45f43af4f5287d99342df0b21853cb6ae923463331345126fc79a961816eb,needs_review,371,371,123771,124271,500
ELECAM-2025-CE-MFOUNDI-YAOUNDE-VI-0100,100,CE,CENTRE,CE-MFOUNDI,MFOUNDI,CE-MFOUNDI-YAOUNDE-VI,YAOUNDE VI,ECOLE PRIVEE LA LUMIERE / L,380,ETOUG-EBE 2 BLOC,elecam-bv-2025-centre,e7f45f43af4f5287d99342df0b21853cb6ae923463331345126fc79a961816eb,needs_review,371,371,123771,124271,500
ELECAM-2025-CE-MFOUNDI-YAOUNDE-VI-0101,101,CE,CENTRE,CE-MFOUNDI,MFOUNDI,CE-MFOUNDI-YAOUNDE-VI,YAOUNDE VI,ECOLE PRIVEE LA LUMIERE / M,401,ETOUG-EBE 2 BLOC,elecam-bv-2025-centre,e7f45f43af4f5287d99342df0b21853cb6ae923463331345126fc79a961816eb,needs_review,371,371,123771,124271,500
ELECAM-2025-CE-MFOUNDI-YAOUNDE-VI-0102,102,CE,CENTRE,CE-MFOUNDI,MFOUNDI,CE-MFOUNDI-YAOUNDE-VI,YAOUNDE VI,ECOLE PRIVEE LA LUMIERE / N,430,ETOUG-EBE 2 BLOC,elecam-bv-2025-centre,e7f45f43af4f5287d99342df0b21853cb6ae923463331345126fc79a961816eb,needs_review,371,371,123771,124271,500
ELECAM-2025-CE-MFOUNDI-YAOUNDE-VI-0103,103,CE,CENTRE,CE-MFOUNDI,MFOUNDI,CE-MFOUNDI-YAOUNDE-VI,YAOUNDE VI,COLLEGE LES AIGLONS / A,352,ETOUG-EBE I AKOA-NDOE,elecam-bv-2025-centre,e7f45f43af4f5287d99342df0b21853cb6ae923463331345126fc79a961816eb,needs_review,371,371,123771,124271,500
ELECAM-2025-CE-MFOUNDI-YAOUNDE-VI-0104,104,CE,CENTRE,CE-MFOUNDI,MFOUNDI,CE-MFOUNDI-YAOUNDE-VI,YAOUNDE VI,COLLEGE LES AIGLONS / B,358,ETOUG-EBE I AKOA-NDOE,elecam-bv-2025-centre,e7f45f43af4f5287d99342df0b21853cb6ae923463331345126fc79a961816eb,needs_review,371,371,123771,124271,500
ELECAM-2025-CE-MFOUNDI-YAOUNDE-VI-0105,105,CE,CENTRE,CE-MFOUNDI,MFOUNDI,CE-MFOUNDI-YAOUNDE-VI,YAOUNDE VI,COLLEGE LES AIGLONS / C,331,ETOUG-EBE I AKOA-NDOE,elecam-bv-2025-centre,e7f45f43af4f5287d99342df0b21853cb6ae923463331345126fc79a961816eb,needs_review,371,371,123771,124271,500
ELECAM-2025-CE-MFOUNDI-YAOUNDE-VI-0106,106,CE,CENTRE,CE-MFOUNDI,MFOUNDI,CE-MFOUNDI-YAOUNDE-VI,YAOUNDE VI,COLLEGE LES AIGLONS / D,341,ETOUG-EBE I AKOA-NDOE,elecam-bv-2025-centre,e7f45f43af4f5287d99342df0b21853cb6ae923463331345126fc79a961816eb,needs_review,371,371,123771,124271,500
ELECAM-2025-CE-MFOUNDI-YAOUNDE-VI-0107,107,CE,CENTRE,CE-MFOUNDI,MFOUNDI,CE-MFOUNDI-YAOUNDE-VI,YAOUNDE VI,COLLEGE LES AIGLONS / E,390,ETOUG-EBE I AKOA-NDOE,elecam-bv-2025-centre,e7f45f43af4f5287d99342df0b21853cb6ae923463331345126fc79a961816eb,needs_review,371,371,123771,124271,500
ELECAM-2025-CE-MFOUNDI-YAOUNDE-VI-0108,108,CE,CENTRE,CE-MFOUNDI,MFOUNDI,CE-MFOUNDI-YAOUNDE-VI,YAOUNDE VI,COLLEGE LES AIGLONS / F,379,ETOUG-EBE I AKOA-NDOE,elecam-bv-2025-centre,e7f45f43af4f5287d99342df0b21853cb6ae923463331345126fc79a961816eb,needs_review,371,371,123771,124271,500
ELECAM-2025-CE-MFOUNDI-YAOUNDE-VI-0109,109,CE,CENTRE,CE-MFOUNDI,MFOUNDI,CE-MFOUNDI-YAOUNDE-VI,YAOUNDE VI,COLLEGE LES AIGLONS / G,388,ETOUG-EBE I AKOA-NDOE,elecam-bv-2025-centre,e7f45f43af4f5287d99342df0b21853cb6ae923463331345126fc79a961816eb,needs_review,371,371,123771,124271,500
ELECAM-2025-CE-MFOUNDI-YAOUNDE-VI-0110,110,CE,CENTRE,CE-MFOUNDI,MFOUNDI,CE-MFOUNDI-YAOUNDE-VI,YAOUNDE VI,COLLEGE LES AIGLONS / H,395,ETOUG-EBE I AKOA-NDOE,elecam-bv-2025-centre,e7f45f43af4f5287d99342df0b21853cb6ae923463331345126fc79a961816eb,needs_review,371,371,123771,124271,500
ELECAM-2025-CE-MFOUNDI-YAOUNDE-VI-0111,111,CE,CENTRE,CE-MFOUNDI,MFOUNDI,CE-MFOUNDI-YAOUNDE-VI,YAOUNDE VI,COLLEGE LES AIGLONS / I,361,ETOUG-EBE I AKOA-NDOE,elecam-bv-2025-centre,e7f45f43af4f5287d99342df0b21853cb6ae923463331345126fc79a961816eb,needs_review,371,371,123771,124271,500
ELECAM-2025-CE-MFOUNDI-YAOUNDE-VI-0112,112,CE,CENTRE,CE-MFOUNDI,MFOUNDI,CE-MFOUNDI-YAOUNDE-VI,YAOUNDE VI,COLLEGE LES AIGLONS / J,449,ETOUG-EBE I AKOA-NDOE,elecam-bv-2025-centre,e7f45f43af4f5287d99342df0b21853cb6ae923463331345126fc79a961816eb,needs_review,371,371,123771,124271,500
ELECAM-2025-CE-MFOUNDI-YAOUNDE-VI-0113,113,CE,CENTRE,CE-MFOUNDI,MFOUNDI,CE-MFOUNDI-YAOUNDE-VI,YAOUNDE VI,COLLEGE ESPERANCE AKOA-NDOE II / A,341,ETOUG-EBE I AKOA-NDOE,elecam-bv-2025-centre,e7f45f43af4f5287d99342df0b21853cb6ae923463331345126fc79a961816eb,needs_review,371,371,123771,124271,500
ELECAM-2025-CE-MFOUNDI-YAOUNDE-VI-0114,114,CE,CENTRE,CE-MFOUNDI,MFOUNDI,CE-MFOUNDI-YAOUNDE-VI,YAOUNDE VI,COLLEGE ESPERANCE AKOA-NDOE II / B,367,ETOUG-EBE I AKOA-NDOE,elecam-bv-2025-centre,e7f45f43af4f5287d99342df0b21853cb6ae923463331345126fc79a961816eb,needs_review,371,371,123771,124271,500
ELECAM-2025-CE-MFOUNDI-YAOUNDE-VI-0115,115,CE,CENTRE,CE-MFOUNDI,MFOUNDI,CE-MFOUNDI-YAOUNDE-VI,YAOUNDE VI,COLLEGE ESPERANCE AKOA-NDOE II / C,337,ETOUG-EBE I AKOA-NDOE,elecam-bv-2025-centre,e7f45f43af4f5287d99342df0b21853cb6ae923463331345126fc79a961816eb,needs_review,371,371,123771,124271,500
ELECAM-2025-CE-MFOUNDI-YAOUNDE-VI-0116,116,CE,CENTRE,CE-MFOUNDI,MFOUNDI,CE-MFOUNDI-YAOUNDE-VI,YAOUNDE VI,COLLEGE ESPERANCE AKOA-NDOE II / D,384,ETOUG-EBE I AKOA-NDOE,elecam-bv-2025-centre,e7f45f43af4f5287d99342df0b21853cb6ae923463331345126fc79a961816eb,needs_review,371,371,123771,124271,500
ELECAM-2025-CE-MFOUNDI-YAOUNDE-VI-0117,117,CE,CENTRE,CE-MFOUNDI,MFOUNDI,CE-MFOUNDI-YAOUNDE-VI,YAOUNDE VI,COLLEGE ESPERANCE AKOA-NDOE II / E,241,ETOUG-EBE I AKOA-NDOE,elecam-bv-2025-centre,e7f45f43af4f5287d99342df0b21853cb6ae923463331345126fc79a961816eb,needs_review,371,371,123771,124271,500
ELECAM-2025-CE-MFOUNDI-YAOUNDE-VI-0118,118,CE,CENTRE,CE-MFOUNDI,MFOUNDI,CE-MFOUNDI-YAOUNDE-VI,YAOUNDE VI,COLLEGE ESPERANCE AKOA-NDOE II / F,371,ETOUG-EBE I AKOA-NDOE,elecam-bv-2025-centre,e7f45f43af4f5287d99342df0b21853cb6ae923463331345126fc79a961816eb,needs_review,371,371,123771,124271,500
ELECAM-2025-CE-MFOUNDI-YAOUNDE-VI-0119,119,CE,CENTRE,CE-MFOUNDI,MFOUNDI,CE-MFOUNDI-YAOUNDE-VI,YAOUNDE VI,ETOUG-EBE CENTRE / A,331,ETOUG-EBE BLOC,elecam-bv-2025-centre,e7f45f43af4f5287d99342df0b21853cb6ae923463331345126fc79a961816eb,needs_review,371,371,123771,124271,500
ELECAM-2025-CE-MFOUNDI-YAOUNDE-VI-0120,120,CE,CENTRE,CE-MFOUNDI,MFOUNDI,CE-MFOUNDI-YAOUNDE-VI,YAOUNDE VI,ETOUG-EBE CENTRE / B,305,ETOUG-EBE BLOC,elecam-bv-2025-centre,e7f45f43af4f5287d99342df0b21853cb6ae923463331345126fc79a961816eb,needs_review,371,371,123771,124271,500
ELECAM-2025-CE-MFOUNDI-YAOUNDE-VI-0121,121,CE,CENTRE,CE-MFOUNDI,MFOUNDI,CE-MFOUNDI-YAOUNDE-VI,YAOUNDE VI,ETOUG-EBE CENTRE / C,318,ETOUG-EBE BLOC,elecam-bv-2025-centre,e7f45f43af4f5287d99342df0b21853cb6ae923463331345126fc79a961816eb,needs_review,371,371,123771,124271,500
ELECAM-2025-CE-MFOUNDI-YAOUNDE-VI-0122,122,CE,CENTRE,CE-MFOUNDI,MFOUNDI,CE-MFOUNDI-YAOUNDE-VI,YAOUNDE VI,ETOUG-EBE CENTRE / D,316,ETOUG-EBE BLOC,elecam-bv-2025-centre,e7f45f43af4f5287d99342df0b21853cb6ae923463331345126fc79a961816eb,needs_review,371,371,123771,124271,500
ELECAM-2025-CE-MFOUNDI-YAOUNDE-VI-0123,123,CE,CENTRE,CE-MFOUNDI,MFOUNDI,CE-MFOUNDI-YAOUNDE-VI,YAOUNDE VI,ETOUG-EBE CENTRE / E,327,ETOUG-EBE BLOC,elecam-bv-2025-centre,e7f45f43af4f5287d99342df0b21853cb6ae923463331345126fc79a961816eb,needs_review,371,371,123771,124271,500
ELECAM-2025-CE-MFOUNDI-YAOUNDE-VI-0124,124,CE,CENTRE,CE-MFOUNDI,MFOUNDI,CE-MFOUNDI-YAOUNDE-VI,YAOUNDE VI,ETOUG-EBE CENTRE / F,333,ETOUG-EBE BLOC,elecam-bv-2025-centre,e7f45f43af4f5287d99342df0b21853cb6ae923463331345126fc79a961816eb,needs_review,371,371,123771,124271,500
ELECAM-2025-CE-MFOUNDI-YAOUNDE-VI-0125,125,CE,CENTRE,CE-MFOUNDI,MFOUNDI,CE-MFOUNDI-YAOUNDE-VI,YAOUNDE VI,ETOUG-EBE CENTRE / G,340,ETOUG-EBE BLOC,elecam-bv-2025-centre,e7f45f43af4f5287d99342df0b21853cb6ae923463331345126fc79a961816eb,needs_review,371,371,123771,124271,500
ELECAM-2025-CE-MFOUNDI-YAOUNDE-VI-0126,126,CE,CENTRE,CE-MFOUNDI,MFOUNDI,CE-MFOUNDI-YAOUNDE-VI,YAOUNDE VI,ETOUG-EBE CENTRE / H,296,ETOUG-EBE BLOC,elecam-bv-2025-centre,e7f45f43af4f5287d99342df0b21853cb6ae923463331345126fc79a961816eb,needs_review,371,371,123771,124271,500
ELECAM-2025-CE-MFOUNDI-YAOUNDE-VI-0127,127,CE,CENTRE,CE-MFOUNDI,MFOUNDI,CE-MFOUNDI-YAOUNDE-VI,YAOUNDE VI,ETOUG-EBE CENTRE / I,326,ETOUG-EBE BLOC,elecam-bv-2025-centre,e7f45f43af4f5287d99342df0b21853cb6ae923463331345126fc79a961816eb,needs_review,371,371,123771,124271,500
ELECAM-2025-CE-MFOUNDI-YAOUNDE-VI-0128,128,CE,CENTRE,CE-MFOUNDI,MFOUNDI,CE-MFOUNDI-YAOUNDE-VI,YAOUNDE VI,ETOUG-EBE CENTRE / J,377,ETOUG-EBE BLOC,elecam-bv-2025-centre,e7f45f43af4f5287d99342df0b21853cb6ae923463331345126fc79a961816eb,needs_review,371,371,123771,124271,500
ELECAM-2025-CE-MFOUNDI-YAOUNDE-VI-0129,129,CE,CENTRE,CE-MFOUNDI,MFOUNDI,CE-MFOUNDI-YAOUNDE-VI,YAOUNDE VI,ETOUG-EBE CENTRE / K,381,ETOUG-EBE BLOC,elecam-bv-2025-centre,e7f45f43af4f5287d99342df0b21853cb6ae923463331345126fc79a961816eb,needs_review,371,371,123771,124271,500
ELECAM-2025-CE-MFOUNDI-YAOUNDE-VI-0130,130,CE,CENTRE,CE-MFOUNDI,MFOUNDI,CE-MFOUNDI-YAOUNDE-VI,YAOUNDE VI,ETOUG-EBE CENTRE / L,383,ETOUG-EBE BLOC,elecam-bv-2025-centre,e7f45f43af4f5287d99342df0b21853cb6ae923463331345126fc79a961816eb,needs_review,371,371,123771,124271,500
ELECAM-2025-CE-MFOUNDI-YAOUNDE-VI-0131,131,CE,CENTRE,CE-MFOUNDI,MFOUNDI,CE-MFOUNDI-YAOUNDE-VI,YAOUNDE VI,ETOUG-EBE CENTRE / M,414,ETOUG-EBE BLOC,elecam-bv-2025-centre,e7f45f43af4f5287d99342df0b21853cb6ae923463331345126fc79a961816eb,needs_review,371,371,123771,124271,500
ELECAM-2025-CE-MFOUNDI-YAOUNDE-VI-0132,132,CE,CENTRE,CE-MFOUNDI,MFOUNDI,CE-MFOUNDI-YAOUNDE-VI,YAOUNDE VI,COLLEGE MEVICK / A,357,ETOUG-EBE BLOC,elecam-bv-2025-centre,e7f45f43af4f5287d99342df0b21853cb6ae923463331345126fc79a961816eb,needs_review,371,371,123771,124271,500
ELECAM-2025-CE-MFOUNDI-YAOUNDE-VI-0133,133,CE,CENTRE,CE-MFOUNDI,MFOUNDI,CE-MFOUNDI-YAOUNDE-VI,YAOUNDE VI,COLLEGE MEVICK / B,334,ETOUG-EBE BLOC,elecam-bv-2025-centre,e7f45f43af4f5287d99342df0b21853cb6ae923463331345126fc79a961816eb,needs_review,371,371,123771,124271,500
ELECAM-2025-CE-MFOUNDI-YAOUNDE-VI-0134,134,CE,CENTRE,CE-MFOUNDI,MFOUNDI,CE-MFOUNDI-YAOUNDE-VI,YAOUNDE VI,COLLEGE MEVICK / C,348,ETOUG-EBE BLOC,elecam-bv-2025-centre,e7f45f43af4f5287d99342df0b21853cb6ae923463331345126fc79a961816eb,needs_review,371,371,123771,124271,500
ELECAM-2025-CE-MFOUNDI-YAOUNDE-VI-0135,135,CE,CENTRE,CE-MFOUNDI,MFOUNDI,CE-MFOUNDI-YAOUNDE-VI,YAOUNDE VI,COLLEGE MEVICK / D,345,ETOUG-EBE BLOC,elecam-bv-2025-centre,e7f45f43af4f5287d99342df0b21853cb6ae923463331345126fc79a961816eb,needs_review,371,371,123771,124271,500
ELECAM-2025-CE-MFOUNDI-YAOUNDE-VI-0136,136,CE,CENTRE,CE-MFOUNDI,MFOUNDI,CE-MFOUNDI-YAOUNDE-VI,YAOUNDE VI,COLLEGE MEVICK / E,350,ETOUG-EBE BLOC,elecam-bv-2025-centre,e7f45f43af4f5287d99342df0b21853cb6ae923463331345126fc79a961816eb,needs_review,371,371,123771,124271,500
ELECAM-2025-CE-MFOUNDI-YAOUNDE-VI-0137,137,CE,CENTRE,CE-MFOUNDI,MFOUNDI,CE-MFOUNDI-YAOUNDE-VI,YAOUNDE VI,COLLEGE MEVICK / F,347,ETOUG-EBE BLOC,elecam-bv-2025-centre,e7f45f43af4f5287d99342df0b21853cb6ae923463331345126fc79a961816eb,needs_review,371,371,123771,124271,500
ELECAM-2025-CE-MFOUNDI-YAOUNDE-VI-0138,138,CE,CENTRE,CE-MFOUNDI,MFOUNDI,CE-MFOUNDI-YAOUNDE-VI,YAOUNDE VI,COLLEGE MEVICK / G,420,ETOUG-EBE BLOC,elecam-bv-2025-centre,e7f45f43af4f5287d99342df0b21853cb6ae923463331345126fc79a961816eb,needs_review,371,371,123771,124271,500
ELECAM-2025-CE-MFOUNDI-YAOUNDE-VI-0139,139,CE,CENTRE,CE-MFOUNDI,MFOUNDI,CE-MFOUNDI-YAOUNDE-VI,YAOUNDE VI,COLLEGE MEVICK / H,191,ETOUG-EBE BLOC,elecam-bv-2025-centre,e7f45f43af4f5287d99342df0b21853cb6ae923463331345126fc79a961816eb,needs_review,371,371,123771,124271,500
ELECAM-2025-CE-MFOUNDI-YAOUNDE-VI-0140,140,CE,CENTRE,CE-MFOUNDI,MFOUNDI,CE-MFOUNDI-YAOUNDE-VI,YAOUNDE VI,ENIEG PRIVEE DE NKOLZIE / A,312,ETOUG-EBE I NKOLZIE,elecam-bv-2025-centre,e7f45f43af4f5287d99342df0b21853cb6ae923463331345126fc79a961816eb,needs_review,371,371,123771,124271,500
ELECAM-2025-CE-MFOUNDI-YAOUNDE-VI-0141,141,CE,CENTRE,CE-MFOUNDI,MFOUNDI,CE-MFOUNDI-YAOUNDE-VI,YAOUNDE VI,ENIEG PRIVEE DE NKOLZIE / B,322,ETOUG-EBE I NKOLZIE,elecam-bv-2025-centre,e7f45f43af4f5287d99342df0b21853cb6ae923463331345126fc79a961816eb,needs_review,371,371,123771,124271,500
ELECAM-2025-CE-MFOUNDI-YAOUNDE-VI-0142,142,CE,CENTRE,CE-MFOUNDI,MFOUNDI,CE-MFOUNDI-YAOUNDE-VI,YAOUNDE VI,ENIEG PRIVEE DE NKOLZIE / C,313,ETOUG-EBE I NKOLZIE,elecam-bv-2025-centre,e7f45f43af4f5287d99342df0b21853cb6ae923463331345126fc79a961816eb,needs_review,371,371,123771,124271,500
ELECAM-2025-CE-MFOUNDI-YAOUNDE-VI-0143,143,CE,CENTRE,CE-MFOUNDI,MFOUNDI,CE-MFOUNDI-YAOUNDE-VI,YAOUNDE VI,ENIEG PRIVEE DE NKOLZIE / D,174,ETOUG-EBE I NKOLZIE,elecam-bv-2025-centre,e7f45f43af4f5287d99342df0b21853cb6ae923463331345126fc79a961816eb,needs_review,371,371,123771,124271,500
ELECAM-2025-CE-MFOUNDI-YAOUNDE-VI-0144,144,CE,CENTRE,CE-MFOUNDI,MFOUNDI,CE-MFOUNDI-YAOUNDE-VI,YAOUNDE VI,ECOLE PUBLIQUE NKOM-NKANA MENDONG /,360,ETOUG-EBE I NKOM-NKANA,elecam-bv-2025-centre,e7f45f43af4f5287d99342df0b21853cb6ae923463331345126fc79a961816eb,needs_review,371,371,123771,124271,500
ELECAM-2025-CE-MFOUNDI-YAOUNDE-VI-0145,145,CE,CENTRE,CE-MFOUNDI,MFOUNDI,CE-MFOUNDI-YAOUNDE-VI,YAOUNDE VI,ECOLE PUBLIQUE NKOM-NKANA MENDONG /,361,ETOUG-EBE I NKOM-NKANA,elecam-bv-2025-centre,e7f45f43af4f5287d99342df0b21853cb6ae923463331345126fc79a961816eb,needs_review,371,371,123771,124271,500
ELECAM-2025-CE-MFOUNDI-YAOUNDE-VI-0146,146,CE,CENTRE,CE-MFOUNDI,MFOUNDI,CE-MFOUNDI-YAOUNDE-VI,YAOUNDE VI,ECOLE PUBLIQUE NKOM-NKANA MENDONG /,367,ETOUG-EBE I NKOM-NKANA,elecam-bv-2025-centre,e7f45f43af4f5287d99342df0b21853cb6ae923463331345126fc79a961816eb,needs_review,371,371,123771,124271,500
ELECAM-2025-CE-MFOUNDI-YAOUNDE-VI-0147,147,CE,CENTRE,CE-MFOUNDI,MFOUNDI,CE-MFOUNDI-YAOUNDE-VI,YAOUNDE VI,ECOLE PUBLIQUE NKOM-NKANA MENDONG /,415,ETOUG-EBE I NKOM-NKANA,elecam-bv-2025-centre,e7f45f43af4f5287d99342df0b21853cb6ae923463331345126fc79a961816eb,needs_review,371,371,123771,124271,500
ELECAM-2025-CE-MFOUNDI-YAOUNDE-VI-0148,148,CE,CENTRE,CE-MFOUNDI,MFOUNDI,CE-MFOUNDI-YAOUNDE-VI,YAOUNDE VI,CENTRE CATHOLIQUE UNIVERSITAIRE / A,290,BIYEM-ASSI BLOC,elecam-bv-2025-centre,e7f45f43af4f5287d99342df0b21853cb6ae923463331345126fc79a961816eb,needs_review,371,371,123771,124271,500
ELECAM-2025-CE-MFOUNDI-YAOUNDE-VI-0149,149,CE,CENTRE,CE-MFOUNDI,MFOUNDI,CE-MFOUNDI-YAOUNDE-VI,YAOUNDE VI,CENTRE CATHOLIQUE UNIVERSITAIRE / B,283,BIYEM-ASSI BLOC,elecam-bv-2025-centre,e7f45f43af4f5287d99342df0b21853cb6ae923463331345126fc79a961816eb,needs_review,371,371,123771,124271,500
ELECAM-2025-CE-MFOUNDI-YAOUNDE-VI-0150,150,CE,CENTRE,CE-MFOUNDI,MFOUNDI,CE-MFOUNDI-YAOUNDE-VI,YAOUNDE VI,CENTRE CATHOLIQUE UNIVERSITAIRE / C,279,BIYEM-ASSI BLOC,elecam-bv-2025-centre,e7f45f43af4f5287d99342df0b21853cb6ae923463331345126fc79a961816eb,needs_review,371,371,123771,124271,500
ELECAM-2025-CE-MFOUNDI-YAOUNDE-VI-0151,151,CE,CENTRE,CE-MFOUNDI,MFOUNDI,CE-MFOUNDI-YAOUNDE-VI,YAOUNDE VI,CENTRE CATHOLIQUE UNIVERSITAIRE / D,319,BIYEM-ASSI BLOC,elecam-bv-2025-centre,e7f45f43af4f5287d99342df0b21853cb6ae923463331345126fc79a961816eb,needs_review,371,371,123771,124271,500
ELECAM-2025-CE-MFOUNDI-YAOUNDE-VI-0152,152,CE,CENTRE,CE-MFOUNDI,MFOUNDI,CE-MFOUNDI-YAOUNDE-VI,YAOUNDE VI,CENTRE CATHOLIQUE UNIVERSITAIRE / E,374,BIYEM-ASSI BLOC,elecam-bv-2025-centre,e7f45f43af4f5287d99342df0b21853cb6ae923463331345126fc79a961816eb,needs_review,371,371,123771,124271,500
ELECAM-2025-CE-MFOUNDI-YAOUNDE-VI-0153,153,CE,CENTRE,CE-MFOUNDI,MFOUNDI,CE-MFOUNDI-YAOUNDE-VI,YAOUNDE VI,CENTRE CATHOLIQUE UNIVERSITAIRE / F,575,BIYEM-ASSI BLOC,elecam-bv-2025-centre,e7f45f43af4f5287d99342df0b21853cb6ae923463331345126fc79a961816eb,needs_review,371,371,123771,124271,500
ELECAM-2025-CE-MFOUNDI-YAOUNDE-VI-0154,154,CE,CENTRE,CE-MFOUNDI,MFOUNDI,CE-MFOUNDI-YAOUNDE-VI,YAOUNDE VI,ECOLE PRIVEE LES LAPEREAUX / A,341,MELEN,elecam-bv-2025-centre,e7f45f43af4f5287d99342df0b21853cb6ae923463331345126fc79a961816eb,needs_review,371,371,123771,124271,500
ELECAM-2025-CE-MFOUNDI-YAOUNDE-VI-0155,155,CE,CENTRE,CE-MFOUNDI,MFOUNDI,CE-MFOUNDI-YAOUNDE-VI,YAOUNDE VI,ECOLE PRIVEE LES LAPEREAUX / B,254,MELEN,elecam-bv-2025-centre,e7f45f43af4f5287d99342df0b21853cb6ae923463331345126fc79a961816eb,needs_review,371,371,123771,124271,500
ELECAM-2025-CE-MFOUNDI-YAOUNDE-VI-0156,156,CE,CENTRE,CE-MFOUNDI,MFOUNDI,CE-MFOUNDI-YAOUNDE-VI,YAOUNDE VI,ECOLE PRIVEE LES LAPEREAUX / C,265,MELEN,elecam-bv-2025-centre,e7f45f43af4f5287d99342df0b21853cb6ae923463331345126fc79a961816eb,needs_review,371,371,123771,124271,500
ELECAM-2025-CE-MFOUNDI-YAOUNDE-VI-0157,157,CE,CENTRE,CE-MFOUNDI,MFOUNDI,CE-MFOUNDI-YAOUNDE-VI,YAOUNDE VI,ECOLE PRIVEE LES LAPEREAUX / D,235,MELEN,elecam-bv-2025-centre,e7f45f43af4f5287d99342df0b21853cb6ae923463331345126fc79a961816eb,needs_review,371,371,123771,124271,500
ELECAM-2025-CE-MFOUNDI-YAOUNDE-VI-0158,158,CE,CENTRE,CE-MFOUNDI,MFOUNDI,CE-MFOUNDI-YAOUNDE-VI,YAOUNDE VI,ISEIG / A,364,MELEN,elecam-bv-2025-centre,e7f45f43af4f5287d99342df0b21853cb6ae923463331345126fc79a961816eb,needs_review,371,371,123771,124271,500
ELECAM-2025-CE-MFOUNDI-YAOUNDE-VI-0159,159,CE,CENTRE,CE-MFOUNDI,MFOUNDI,CE-MFOUNDI-YAOUNDE-VI,YAOUNDE VI,ISEIG / B,323,MELEN,elecam-bv-2025-centre,e7f45f43af4f5287d99342df0b21853cb6ae923463331345126fc79a961816eb,needs_review,371,371,123771,124271,500
ELECAM-2025-CE-MFOUNDI-YAOUNDE-VI-0160,160,CE,CENTRE,CE-MFOUNDI,MFOUNDI,CE-MFOUNDI-YAOUNDE-VI,YAOUNDE VI,ISEIG / C,353,MELEN,elecam-bv-2025-centre,e7f45f43af4f5287d99342df0b21853cb6ae923463331345126fc79a961816eb,needs_review,371,371,123771,124271,500
ELECAM-2025-CE-MFOUNDI-YAOUNDE-VI-0161,161,CE,CENTRE,CE-MFOUNDI,MFOUNDI,CE-MFOUNDI-YAOUNDE-VI,YAOUNDE VI,ISEIG / D,381,MELEN,elecam-bv-2025-centre,e7f45f43af4f5287d99342df0b21853cb6ae923463331345126fc79a961816eb,needs_review,371,371,123771,124271,500
ELECAM-2025-CE-MFOUNDI-YAOUNDE-VI-0162,162,CE,CENTRE,CE-MFOUNDI,MFOUNDI,CE-MFOUNDI-YAOUNDE-VI,YAOUNDE VI,ECOLE PRIVEE LES PETITS CHAPERONS / A,228,GENDARMERIE NATIONALE,elecam-bv-2025-centre,e7f45f43af4f5287d99342df0b21853cb6ae923463331345126fc79a961816eb,needs_review,371,371,123771,124271,500
ELECAM-2025-CE-MFOUNDI-YAOUNDE-VI-0163,163,CE,CENTRE,CE-MFOUNDI,MFOUNDI,CE-MFOUNDI-YAOUNDE-VI,YAOUNDE VI,ECOLE PRIVEE LES PETITS CHAPERONS / B,306,GENDARMERIE NATIONALE,elecam-bv-2025-centre,e7f45f43af4f5287d99342df0b21853cb6ae923463331345126fc79a961816eb,needs_review,371,371,123771,124271,500
ELECAM-2025-CE-MFOUNDI-YAOUNDE-VI-0164,164,CE,CENTRE,CE-MFOUNDI,MFOUNDI,CE-MFOUNDI-YAOUNDE-VI,YAOUNDE VI,ECOLE PRIVEE LES PETITS CHAPERONS / C,264,GENDARMERIE NATIONALE,elecam-bv-2025-centre,e7f45f43af4f5287d99342df0b21853cb6ae923463331345126fc79a961816eb,needs_review,371,371,123771,124271,500
ELECAM-2025-CE-MFOUNDI-YAOUNDE-VI-0165,165,CE,CENTRE,CE-MFOUNDI,MFOUNDI,CE-MFOUNDI-YAOUNDE-VI,YAOUNDE VI,ECOLE PRIVEE LES PETITS CHAPERONS / D,215,GENDARMERIE NATIONALE,elecam-bv-2025-centre,e7f45f43af4f5287d99342df0b21853cb6ae923463331345126fc79a961816eb,needs_review,371,371,123771,124271,500
ELECAM-2025-CE-MFOUNDI-YAOUNDE-VI-0166,166,CE,CENTRE,CE-MFOUNDI,MFOUNDI,CE-MFOUNDI-YAOUNDE-VI,YAOUNDE VI,HOLY INFANT SCHOOL / A,350,MELEN,elecam-bv-2025-centre,e7f45f43af4f5287d99342df0b21853cb6ae923463331345126fc79a961816eb,needs_review,371,371,123771,124271,500
ELECAM-2025-CE-MFOUNDI-YAOUNDE-VI-0167,167,CE,CENTRE,CE-MFOUNDI,MFOUNDI,CE-MFOUNDI-YAOUNDE-VI,YAOUNDE VI,HOLY INFANT SCHOOL / B,314,MELEN,elecam-bv-2025-centre,e7f45f43af4f5287d99342df0b21853cb6ae923463331345126fc79a961816eb,needs_review,371,371,123771,124271,500
ELECAM-2025-CE-MFOUNDI-YAOUNDE-VI-0168,168,CE,CENTRE,CE-MFOUNDI,MFOUNDI,CE-MFOUNDI-YAOUNDE-VI,YAOUNDE VI,HOLY INFANT SCHOOL / C,347,MELEN,elecam-bv-2025-centre,e7f45f43af4f5287d99342df0b21853cb6ae923463331345126fc79a961816eb,needs_review,371,371,123771,124271,500
ELECAM-2025-CE-MFOUNDI-YAOUNDE-VI-0169,169,CE,CENTRE,CE-MFOUNDI,MFOUNDI,CE-MFOUNDI-YAOUNDE-VI,YAOUNDE VI,HOLY INFANT SCHOOL / D,336,MELEN,elecam-bv-2025-centre,e7f45f43af4f5287d99342df0b21853cb6ae923463331345126fc79a961816eb,needs_review,371,371,123771,124271,500
ELECAM-2025-CE-MFOUNDI-YAOUNDE-VI-0170,170,CE,CENTRE,CE-MFOUNDI,MFOUNDI,CE-MFOUNDI-YAOUNDE-VI,YAOUNDE VI,HOLY INFANT SCHOOL / E,346,MELEN,elecam-bv-2025-centre,e7f45f43af4f5287d99342df0b21853cb6ae923463331345126fc79a961816eb,needs_review,371,371,123771,124271,500
ELECAM-2025-CE-MFOUNDI-YAOUNDE-VI-0171,171,CE,CENTRE,CE-MFOUNDI,MFOUNDI,CE-MFOUNDI-YAOUNDE-VI,YAOUNDE VI,HOLY INFANT SCHOOL / F,334,MELEN,elecam-bv-2025-centre,e7f45f43af4f5287d99342df0b21853cb6ae923463331345126fc79a961816eb,needs_review,371,371,123771,124271,500
ELECAM-2025-CE-MFOUNDI-YAOUNDE-VI-0172,172,CE,CENTRE,CE-MFOUNDI,MFOUNDI,CE-MFOUNDI-YAOUNDE-VI,YAOUNDE VI,HOLY INFANT SCHOOL / G,284,MELEN,elecam-bv-2025-centre,e7f45f43af4f5287d99342df0b21853cb6ae923463331345126fc79a961816eb,needs_review,371,371,123771,124271,500
ELECAM-2025-CE-MFOUNDI-YAOUNDE-VI-0173,173,CE,CENTRE,CE-MFOUNDI,MFOUNDI,CE-MFOUNDI-YAOUNDE-VI,YAOUNDE VI,HOLY INFANT SCHOOL / H,303,MELEN,elecam-bv-2025-centre,e7f45f43af4f5287d99342df0b21853cb6ae923463331345126fc79a961816eb,needs_review,371,371,123771,124271,500
ELECAM-2025-CE-MFOUNDI-YAOUNDE-VI-0174,174,CE,CENTRE,CE-MFOUNDI,MFOUNDI,CE-MFOUNDI-YAOUNDE-VI,YAOUNDE VI,HOLY INFANT SCHOOL / I,381,MELEN,elecam-bv-2025-centre,e7f45f43af4f5287d99342df0b21853cb6ae923463331345126fc79a961816eb,needs_review,371,371,123771,124271,500
ELECAM-2025-CE-MFOUNDI-YAOUNDE-VI-0175,175,CE,CENTRE,CE-MFOUNDI,MFOUNDI,CE-MFOUNDI-YAOUNDE-VI,YAOUNDE VI,HOLY INFANT SCHOOL / J,151,MELEN,elecam-bv-2025-centre,e7f45f43af4f5287d99342df0b21853cb6ae923463331345126fc79a961816eb,needs_review,371,371,123771,124271,500
ELECAM-2025-CE-MFOUNDI-YAOUNDE-VI-0176,176,CE,CENTRE,CE-MFOUNDI,MFOUNDI,CE-MFOUNDI-YAOUNDE-VI,YAOUNDE VI,HILL SIDE SCHOOL / A,285,MELEN 7A ET 7B,elecam-bv-2025-centre,e7f45f43af4f5287d99342df0b21853cb6ae923463331345126fc79a961816eb,needs_review,371,371,123771,124271,500
ELECAM-2025-CE-MFOUNDI-YAOUNDE-VI-0177,177,CE,CENTRE,CE-MFOUNDI,MFOUNDI,CE-MFOUNDI-YAOUNDE-VI,YAOUNDE VI,HILL SIDE SCHOOL / B,343,MELEN 7A ET 7B,elecam-bv-2025-centre,e7f45f43af4f5287d99342df0b21853cb6ae923463331345126fc79a961816eb,needs_review,371,371,123771,124271,500
ELECAM-2025-CE-MFOUNDI-YAOUNDE-VI-0178,178,CE,CENTRE,CE-MFOUNDI,MFOUNDI,CE-MFOUNDI-YAOUNDE-VI,YAOUNDE VI,HILL SIDE SCHOOL / C,70,MELEN 7A ET 7B,elecam-bv-2025-centre,e7f45f43af4f5287d99342df0b21853cb6ae923463331345126fc79a961816eb,needs_review,371,371,123771,124271,500
ELECAM-2025-CE-MFOUNDI-YAOUNDE-VI-0179,179,CE,CENTRE,CE-MFOUNDI,MFOUNDI,CE-MFOUNDI-YAOUNDE-VI,YAOUNDE VI,E. M. PRIVEE FOUDA MEKINDA / A,327,MELEN 8 C,elecam-bv-2025-centre,e7f45f43af4f5287d99342df0b21853cb6ae923463331345126fc79a961816eb,needs_review,371,371,123771,124271,500
ELECAM-2025-CE-MFOUNDI-YAOUNDE-VI-0180,180,CE,CENTRE,CE-MFOUNDI,MFOUNDI,CE-MFOUNDI-YAOUNDE-VI,YAOUNDE VI,E. M. PRIVEE FOUDA MEKINDA / B,322,MELEN 8 C,elecam-bv-2025-centre,e7f45f43af4f5287d99342df0b21853cb6ae923463331345126fc79a961816eb,needs_review,371,371,123771,124271,500
ELECAM-2025-CE-MFOUNDI-YAOUNDE-VI-0181,181,CE,CENTRE,CE-MFOUNDI,MFOUNDI,CE-MFOUNDI-YAOUNDE-VI,YAOUNDE VI,E. M. PRIVEE FOUDA MEKINDA / C,314,MELEN 8 C,elecam-bv-2025-centre,e7f45f43af4f5287d99342df0b21853cb6ae923463331345126fc79a961816eb,needs_review,371,371,123771,124271,500
ELECAM-2025-CE-MFOUNDI-YAOUNDE-VI-0182,182,CE,CENTRE,CE-MFOUNDI,MFOUNDI,CE-MFOUNDI-YAOUNDE-VI,YAOUNDE VI,E. M. PRIVEE FOUDA MEKINDA / D,309,MELEN 8 C,elecam-bv-2025-centre,e7f45f43af4f5287d99342df0b21853cb6ae923463331345126fc79a961816eb,needs_review,371,371,123771,124271,500
ELECAM-2025-CE-MFOUNDI-YAOUNDE-VI-0183,183,CE,CENTRE,CE-MFOUNDI,MFOUNDI,CE-MFOUNDI-YAOUNDE-VI,YAOUNDE VI,E. M. PRIVEE FOUDA MEKINDA / E,317,MELEN 8 C,elecam-bv-2025-centre,e7f45f43af4f5287d99342df0b21853cb6ae923463331345126fc79a961816eb,needs_review,371,371,123771,124271,500
ELECAM-2025-CE-MFOUNDI-YAOUNDE-VI-0184,184,CE,CENTRE,CE-MFOUNDI,MFOUNDI,CE-MFOUNDI-YAOUNDE-VI,YAOUNDE VI,E. M. PRIVEE FOUDA MEKINDA / F,366,MELEN 8 C,elecam-bv-2025-centre,e7f45f43af4f5287d99342df0b21853cb6ae923463331345126fc79a961816eb,needs_review,371,371,123771,124271,500
ELECAM-2025-CE-MFOUNDI-YAOUNDE-VI-0185,185,CE,CENTRE,CE-MFOUNDI,MFOUNDI,CE-MFOUNDI-YAOUNDE-VI,YAOUNDE VI,E. M. PRIVEE FOUDA MEKINDA / G,368,MELEN 8 C,elecam-bv-2025-centre,e7f45f43af4f5287d99342df0b21853cb6ae923463331345126fc79a961816eb,needs_review,371,371,123771,124271,500
ELECAM-2025-CE-MFOUNDI-YAOUNDE-VI-0186,186,CE,CENTRE,CE-MFOUNDI,MFOUNDI,CE-MFOUNDI-YAOUNDE-VI,YAOUNDE VI,E. M. PRIVEE FOUDA MEKINDA / H,292,MELEN 8 C,elecam-bv-2025-centre,e7f45f43af4f5287d99342df0b21853cb6ae923463331345126fc79a961816eb,needs_review,371,371,123771,124271,500
ELECAM-2025-CE-MFOUNDI-YAOUNDE-VI-0187,187,CE,CENTRE,CE-MFOUNDI,MFOUNDI,CE-MFOUNDI-YAOUNDE-VI,YAOUNDE VI,E. M. PRIVEE FOUDA MEKINDA / I,349,MELEN 8 C,elecam-bv-2025-centre,e7f45f43af4f5287d99342df0b21853cb6ae923463331345126fc79a961816eb,needs_review,371,371,123771,124271,500
ELECAM-2025-CE-MFOUNDI-YAOUNDE-VI-0188,188,CE,CENTRE,CE-MFOUNDI,MFOUNDI,CE-MFOUNDI-YAOUNDE-VI,YAOUNDE VI,E. M. PRIVEE FOUDA MEKINDA / J,351,MELEN 8 C,elecam-bv-2025-centre,e7f45f43af4f5287d99342df0b21853cb6ae923463331345126fc79a961816eb,needs_review,371,371,123771,124271,500
ELECAM-2025-CE-MFOUNDI-YAOUNDE-VI-0189,189,CE,CENTRE,CE-MFOUNDI,MFOUNDI,CE-MFOUNDI-YAOUNDE-VI,YAOUNDE VI,E. M. PRIVEE FOUDA MEKINDA / K,362,MELEN 8 C,elecam-bv-2025-centre,e7f45f43af4f5287d99342df0b21853cb6ae923463331345126fc79a961816eb,needs_review,371,371,123771,124271,500
ELECAM-2025-CE-MFOUNDI-YAOUNDE-VI-0190,190,CE,CENTRE,CE-MFOUNDI,MFOUNDI,CE-MFOUNDI-YAOUNDE-VI,YAOUNDE VI,E. M. PRIVEE FOUDA MEKINDA / L,69,MELEN 8 C,elecam-bv-2025-centre,e7f45f43af4f5287d99342df0b21853cb6ae923463331345126fc79a961816eb,needs_review,371,371,123771,124271,500
ELECAM-2025-CE-MFOUNDI-YAOUNDE-VI-0191,191,CE,CENTRE,CE-MFOUNDI,MFOUNDI,CE-MFOUNDI-YAOUNDE-VI,YAOUNDE VI,ECOLE PRIVEE CATHOLIQUE DE MELEN 9 / A,307,MELEN,elecam-bv-2025-centre,e7f45f43af4f5287d99342df0b21853cb6ae923463331345126fc79a961816eb,needs_review,371,371,123771,124271,500
ELECAM-2025-CE-MFOUNDI-YAOUNDE-VI-0192,192,CE,CENTRE,CE-MFOUNDI,MFOUNDI,CE-MFOUNDI-YAOUNDE-VI,YAOUNDE VI,ECOLE PRIVEE CATHOLIQUE DE MELEN 9 / B,294,MELEN,elecam-bv-2025-centre,e7f45f43af4f5287d99342df0b21853cb6ae923463331345126fc79a961816eb,needs_review,371,371,123771,124271,500
ELECAM-2025-CE-MFOUNDI-YAOUNDE-VI-0193,193,CE,CENTRE,CE-MFOUNDI,MFOUNDI,CE-MFOUNDI-YAOUNDE-VI,YAOUNDE VI,ECOLE PRIVEE CATHOLIQUE DE MELEN 9 / C,302,MELEN,elecam-bv-2025-centre,e7f45f43af4f5287d99342df0b21853cb6ae923463331345126fc79a961816eb,needs_review,371,371,123771,124271,500
ELECAM-2025-CE-MFOUNDI-YAOUNDE-VI-0194,194,CE,CENTRE,CE-MFOUNDI,MFOUNDI,CE-MFOUNDI-YAOUNDE-VI,YAOUNDE VI,ECOLE PRIVEE CATHOLIQUE DE MELEN 9 / D,308,MELEN,elecam-bv-2025-centre,e7f45f43af4f5287d99342df0b21853cb6ae923463331345126fc79a961816eb,needs_review,371,371,123771,124271,500
ELECAM-2025-CE-MFOUNDI-YAOUNDE-VI-0195,195,CE,CENTRE,CE-MFOUNDI,MFOUNDI,CE-MFOUNDI-YAOUNDE-VI,YAOUNDE VI,ECOLE PRIVEE CATHOLIQUE DE MELEN 9 / E,295,MELEN,elecam-bv-2025-centre,e7f45f43af4f5287d99342df0b21853cb6ae923463331345126fc79a961816eb,needs_review,371,371,123771,124271,500
ELECAM-2025-CE-MFOUNDI-YAOUNDE-VI-0196,196,CE,CENTRE,CE-MFOUNDI,MFOUNDI,CE-MFOUNDI-YAOUNDE-VI,YAOUNDE VI,ECOLE PRIVEE CATHOLIQUE DE MELEN 9 / F,325,MELEN,elecam-bv-2025-centre,e7f45f43af4f5287d99342df0b21853cb6ae923463331345126fc79a961816eb,needs_review,371,371,123771,124271,500
ELECAM-2025-CE-MFOUNDI-YAOUNDE-VI-0197,197,CE,CENTRE,CE-MFOUNDI,MFOUNDI,CE-MFOUNDI-YAOUNDE-VI,YAOUNDE VI,ECOLE PRIVEE CATHOLIQUE DE MELEN 9 / G,313,MELEN,elecam-bv-2025-centre,e7f45f43af4f5287d99342df0b21853cb6ae923463331345126fc79a961816eb,needs_review,371,371,123771,124271,500
ELECAM-2025-CE-MFOUNDI-YAOUNDE-VI-0198,198,CE,CENTRE,CE-MFOUNDI,MFOUNDI,CE-MFOUNDI-YAOUNDE-VI,YAOUNDE VI,ECOLE PRIVEE CATHOLIQUE DE MELEN 9 / H,303,MELEN,elecam-bv-2025-centre,e7f45f43af4f5287d99342df0b21853cb6ae923463331345126fc79a961816eb,needs_review,371,371,123771,124271,500
ELECAM-2025-CE-MFOUNDI-YAOUNDE-VI-0199,199,CE,CENTRE,CE-MFOUNDI,MFOUNDI,CE-MFOUNDI-YAOUNDE-VI,YAOUNDE VI,ECOLE PRIVEE CATHOLIQUE DE MELEN 9 / I,348,MELEN,elecam-bv-2025-centre,e7f45f43af4f5287d99342df0b21853cb6ae923463331345126fc79a961816eb,needs_review,371,371,123771,124271,500
ELECAM-2025-CE-MFOUNDI-YAOUNDE-VI-0200,200,CE,CENTRE,CE-MFOUNDI,MFOUNDI,CE-MFOUNDI-YAOUNDE-VI,YAOUNDE VI,ECOLE PRIVEE CATHOLIQUE DE MELEN 9 / J,125,MELEN,elecam-bv-2025-centre,e7f45f43af4f5287d99342df0b21853cb6ae923463331345126fc79a961816eb,needs_review,371,371,123771,124271,500
ELECAM-2025-CE-MFOUNDI-YAOUNDE-VI-0201,201,CE,CENTRE,CE-MFOUNDI,MFOUNDI,CE-MFOUNDI-YAOUNDE-VI,YAOUNDE VI,ECOLE PUBLIQUE DE MENDONG / A,331,MENDONG CAMP SIC,elecam-bv-2025-centre,e7f45f43af4f5287d99342df0b21853cb6ae923463331345126fc79a961816eb,needs_review,371,371,123771,124271,500
ELECAM-2025-CE-MFOUNDI-YAOUNDE-VI-0202,202,CE,CENTRE,CE-MFOUNDI,MFOUNDI,CE-MFOUNDI-YAOUNDE-VI,YAOUNDE VI,ECOLE PUBLIQUE DE MENDONG / B,335,MENDONG CAMP SIC,elecam-bv-2025-centre,e7f45f43af4f5287d99342df0b21853cb6ae923463331345126fc79a961816eb,needs_review,371,371,123771,124271,500
ELECAM-2025-CE-MFOUNDI-YAOUNDE-VI-0203,203,CE,CENTRE,CE-MFOUNDI,MFOUNDI,CE-MFOUNDI-YAOUNDE-VI,YAOUNDE VI,ECOLE PUBLIQUE DE MENDONG / C,338,MENDONG CAMP SIC,elecam-bv-2025-centre,e7f45f43af4f5287d99342df0b21853cb6ae923463331345126fc79a961816eb,needs_review,371,371,123771,124271,500
ELECAM-2025-CE-MFOUNDI-YAOUNDE-VI-0204,204,CE,CENTRE,CE-MFOUNDI,MFOUNDI,CE-MFOUNDI-YAOUNDE-VI,YAOUNDE VI,ECOLE PUBLIQUE DE MENDONG / D,327,MENDONG CAMP SIC,elecam-bv-2025-centre,e7f45f43af4f5287d99342df0b21853cb6ae923463331345126fc79a961816eb,needs_review,371,371,123771,124271,500
ELECAM-2025-CE-MFOUNDI-YAOUNDE-VI-0205,205,CE,CENTRE,CE-MFOUNDI,MFOUNDI,CE-MFOUNDI-YAOUNDE-VI,YAOUNDE VI,ECOLE PUBLIQUE DE MENDONG / E,333,MENDONG CAMP SIC,elecam-bv-2025-centre,e7f45f43af4f5287d99342df0b21853cb6ae923463331345126fc79a961816eb,needs_review,371,371,123771,124271,500
ELECAM-2025-CE-MFOUNDI-YAOUNDE-VI-0206,206,CE,CENTRE,CE-MFOUNDI,MFOUNDI,CE-MFOUNDI-YAOUNDE-VI,YAOUNDE VI,ECOLE PUBLIQUE DE MENDONG / F,327,MENDONG CAMP SIC,elecam-bv-2025-centre,e7f45f43af4f5287d99342df0b21853cb6ae923463331345126fc79a961816eb,needs_review,371,371,123771,124271,500
ELECAM-2025-CE-MFOUNDI-YAOUNDE-VI-0207,207,CE,CENTRE,CE-MFOUNDI,MFOUNDI,CE-MFOUNDI-YAOUNDE-VI,YAOUNDE VI,ECOLE PUBLIQUE DE MENDONG / G,331,MENDONG CAMP SIC,elecam-bv-2025-centre,e7f45f43af4f5287d99342df0b21853cb6ae923463331345126fc79a961816eb,needs_review,371,371,123771,124271,500
ELECAM-2025-CE-MFOUNDI-YAOUNDE-VI-0208,208,CE,CENTRE,CE-MFOUNDI,MFOUNDI,CE-MFOUNDI-YAOUNDE-VI,YAOUNDE VI,ECOLE PUBLIQUE DE MENDONG / H,334,MENDONG CAMP SIC,elecam-bv-2025-centre,e7f45f43af4f5287d99342df0b21853cb6ae923463331345126fc79a961816eb,needs_review,371,371,123771,124271,500
ELECAM-2025-CE-MFOUNDI-YAOUNDE-VI-0209,209,CE,CENTRE,CE-MFOUNDI,MFOUNDI,CE-MFOUNDI-YAOUNDE-VI,YAOUNDE VI,ECOLE PUBLIQUE DE MENDONG / I,310,MENDONG CAMP SIC,elecam-bv-2025-centre,e7f45f43af4f5287d99342df0b21853cb6ae923463331345126fc79a961816eb,needs_review,371,371,123771,124271,500
ELECAM-2025-CE-MFOUNDI-YAOUNDE-VI-0210,210,CE,CENTRE,CE-MFOUNDI,MFOUNDI,CE-MFOUNDI-YAOUNDE-VI,YAOUNDE VI,ECOLE PUBLIQUE DE MENDONG / J,340,MENDONG CAMP SIC,elecam-bv-2025-centre,e7f45f43af4f5287d99342df0b21853cb6ae923463331345126fc79a961816eb,needs_review,371,371,123771,124271,500
ELECAM-2025-CE-MFOUNDI-YAOUNDE-VI-0211,211,CE,CENTRE,CE-MFOUNDI,MFOUNDI,CE-MFOUNDI-YAOUNDE-VI,YAOUNDE VI,ECOLE PUBLIQUE DE MENDONG / K,306,MENDONG CAMP SIC,elecam-bv-2025-centre,e7f45f43af4f5287d99342df0b21853cb6ae923463331345126fc79a961816eb,needs_review,371,371,123771,124271,500
ELECAM-2025-CE-MFOUNDI-YAOUNDE-VI-0212,212,CE,CENTRE,CE-MFOUNDI,MFOUNDI,CE-MFOUNDI-YAOUNDE-VI,YAOUNDE VI,ECOLE PUBLIQUE DE MENDONG / L,276,MENDONG CAMP SIC,elecam-bv-2025-centre,e7f45f43af4f5287d99342df0b21853cb6ae923463331345126fc79a961816eb,needs_review,371,371,123771,124271,500
ELECAM-2025-CE-MFOUNDI-YAOUNDE-VI-0213,213,CE,CENTRE,CE-MFOUNDI,MFOUNDI,CE-MFOUNDI-YAOUNDE-VI,YAOUNDE VI,ECOLE PUBLIQUE DE MENDONG / M,383,MENDONG CAMP SIC,elecam-bv-2025-centre,e7f45f43af4f5287d99342df0b21853cb6ae923463331345126fc79a961816eb,needs_review,371,371,123771,124271,500
ELECAM-2025-CE-MFOUNDI-YAOUNDE-VI-0214,214,CE,CENTRE,CE-MFOUNDI,MFOUNDI,CE-MFOUNDI-YAOUNDE-VI,YAOUNDE VI,ECOLE PUBLIQUE DE MENDONG / N,381,MENDONG CAMP SIC,elecam-bv-2025-centre,e7f45f43af4f5287d99342df0b21853cb6ae923463331345126fc79a961816eb,needs_review,371,371,123771,124271,500
ELECAM-2025-CE-MFOUNDI-YAOUNDE-VI-0215,215,CE,CENTRE,CE-MFOUNDI,MFOUNDI,CE-MFOUNDI-YAOUNDE-VI,YAOUNDE VI,ECOLE PUBLIQUE DE MENDONG / O,379,MENDONG CAMP SIC,elecam-bv-2025-centre,e7f45f43af4f5287d99342df0b21853cb6ae923463331345126fc79a961816eb,needs_review,371,371,123771,124271,500
ELECAM-2025-CE-MFOUNDI-YAOUNDE-VI-0216,216,CE,CENTRE,CE-MFOUNDI,MFOUNDI,CE-MFOUNDI-YAOUNDE-VI,YAOUNDE VI,ECOLE PUBLIQUE DE MENDONG / P,327,MENDONG CAMP SIC,elecam-bv-2025-centre,e7f45f43af4f5287d99342df0b21853cb6ae923463331345126fc79a961816eb,needs_review,371,371,123771,124271,500
ELECAM-2025-CE-MFOUNDI-YAOUNDE-VI-0217,217,CE,CENTRE,CE-MFOUNDI,MFOUNDI,CE-MFOUNDI-YAOUNDE-VI,YAOUNDE VI,ECOLE PUBLIQUE DE MENDONG / Q,378,MENDONG CAMP SIC,elecam-bv-2025-centre,e7f45f43af4f5287d99342df0b21853cb6ae923463331345126fc79a961816eb,needs_review,371,371,123771,124271,500
ELECAM-2025-CE-MFOUNDI-YAOUNDE-VI-0218,218,CE,CENTRE,CE-MFOUNDI,MFOUNDI,CE-MFOUNDI-YAOUNDE-VI,YAOUNDE VI,LYCEE MENDONG / A,334,BIYEM-ASSI BLOC,elecam-bv-2025-centre,e7f45f43af4f5287d99342df0b21853cb6ae923463331345126fc79a961816eb,needs_review,371,371,123771,124271,500
ELECAM-2025-CE-MFOUNDI-YAOUNDE-VI-0219,219,CE,CENTRE,CE-MFOUNDI,MFOUNDI,CE-MFOUNDI-YAOUNDE-VI,YAOUNDE VI,LYCEE MENDONG / B,334,BIYEM-ASSI BLOC,elecam-bv-2025-centre,e7f45f43af4f5287d99342df0b21853cb6ae923463331345126fc79a961816eb,needs_review,371,371,123771,124271,500
ELECAM-2025-CE-MFOUNDI-YAOUNDE-VI-0220,220,CE,CENTRE,CE-MFOUNDI,MFOUNDI,CE-MFOUNDI-YAOUNDE-VI,YAOUNDE VI,LYCEE MENDONG / C,378,BIYEM-ASSI BLOC,elecam-bv-2025-centre,e7f45f43af4f5287d99342df0b21853cb6ae923463331345126fc79a961816eb,needs_review,371,371,123771,124271,500
ELECAM-2025-CE-MFOUNDI-YAOUNDE-VI-0221,221,CE,CENTRE,CE-MFOUNDI,MFOUNDI,CE-MFOUNDI-YAOUNDE-VI,YAOUNDE VI,LYCEE MENDONG / D,324,BIYEM-ASSI BLOC,elecam-bv-2025-centre,e7f45f43af4f5287d99342df0b21853cb6ae923463331345126fc79a961816eb,needs_review,371,371,123771,124271,500
ELECAM-2025-CE-MFOUNDI-YAOUNDE-VI-0222,222,CE,CENTRE,CE-MFOUNDI,MFOUNDI,CE-MFOUNDI-YAOUNDE-VI,YAOUNDE VI,LYCEE MENDONG / E,351,BIYEM-ASSI BLOC,elecam-bv-2025-centre,e7f45f43af4f5287d99342df0b21853cb6ae923463331345126fc79a961816eb,needs_review,371,371,123771,124271,500
ELECAM-2025-CE-MFOUNDI-YAOUNDE-VI-0223,223,CE,CENTRE,CE-MFOUNDI,MFOUNDI,CE-MFOUNDI-YAOUNDE-VI,YAOUNDE VI,LYCEE MENDONG / F,335,BIYEM-ASSI BLOC,elecam-bv-2025-centre,e7f45f43af4f5287d99342df0b21853cb6ae923463331345126fc79a961816eb,needs_review,371,371,123771,124271,500
ELECAM-2025-CE-MFOUNDI-YAOUNDE-VI-0224,224,CE,CENTRE,CE-MFOUNDI,MFOUNDI,CE-MFOUNDI-YAOUNDE-VI,YAOUNDE VI,LYCEE MENDONG / G,356,BIYEM-ASSI BLOC,elecam-bv-2025-centre,e7f45f43af4f5287d99342df0b21853cb6ae923463331345126fc79a961816eb,needs_review,371,371,123771,124271,500
ELECAM-2025-CE-MFOUNDI-YAOUNDE-VI-0225,225,CE,CENTRE,CE-MFOUNDI,MFOUNDI,CE-MFOUNDI-YAOUNDE-VI,YAOUNDE VI,LYCEE MENDONG / H,375,BIYEM-ASSI BLOC,elecam-bv-2025-centre,e7f45f43af4f5287d99342df0b21853cb6ae923463331345126fc79a961816eb,needs_review,371,371,123771,124271,500
ELECAM-2025-CE-MFOUNDI-YAOUNDE-VI-0226,226,CE,CENTRE,CE-MFOUNDI,MFOUNDI,CE-MFOUNDI-YAOUNDE-VI,YAOUNDE VI,LYCEE MENDONG / I,385,BIYEM-ASSI BLOC,elecam-bv-2025-centre,e7f45f43af4f5287d99342df0b21853cb6ae923463331345126fc79a961816eb,needs_review,371,371,123771,124271,500
ELECAM-2025-CE-MFOUNDI-YAOUNDE-VI-0227,227,CE,CENTRE,CE-MFOUNDI,MFOUNDI,CE-MFOUNDI-YAOUNDE-VI,YAOUNDE VI,LYCEE MENDONG / J,371,BIYEM-ASSI BLOC,elecam-bv-2025-centre,e7f45f43af4f5287d99342df0b21853cb6ae923463331345126fc79a961816eb,needs_review,371,371,123771,124271,500
ELECAM-2025-CE-MFOUNDI-YAOUNDE-VI-0228,228,CE,CENTRE,CE-MFOUNDI,MFOUNDI,CE-MFOUNDI-YAOUNDE-VI,YAOUNDE VI,LYCEE MENDONG / K,428,BIYEM-ASSI BLOC,elecam-bv-2025-centre,e7f45f43af4f5287d99342df0b21853cb6ae923463331345126fc79a961816eb,needs_review,371,371,123771,124271,500
ELECAM-2025-CE-MFOUNDI-YAOUNDE-VI-0229,229,CE,CENTRE,CE-MFOUNDI,MFOUNDI,CE-MFOUNDI-YAOUNDE-VI,YAOUNDE VI,OPERA LES SEMENCES / A,376,MENDONG VILLAGE A,elecam-bv-2025-centre,e7f45f43af4f5287d99342df0b21853cb6ae923463331345126fc79a961816eb,needs_review,371,371,123771,124271,500
ELECAM-2025-CE-MFOUNDI-YAOUNDE-VI-0230,230,CE,CENTRE,CE-MFOUNDI,MFOUNDI,CE-MFOUNDI-YAOUNDE-VI,YAOUNDE VI,OPERA LES SEMENCES / B,332,MENDONG VILLAGE A,elecam-bv-2025-centre,e7f45f43af4f5287d99342df0b21853cb6ae923463331345126fc79a961816eb,needs_review,371,371,123771,124271,500
ELECAM-2025-CE-MFOUNDI-YAOUNDE-VI-0231,231,CE,CENTRE,CE-MFOUNDI,MFOUNDI,CE-MFOUNDI-YAOUNDE-VI,YAOUNDE VI,OPERA LES SEMENCES / C,361,MENDONG VILLAGE A,elecam-bv-2025-centre,e7f45f43af4f5287d99342df0b21853cb6ae923463331345126fc79a961816eb,needs_review,371,371,123771,124271,500
ELECAM-2025-CE-MFOUNDI-YAOUNDE-VI-0232,232,CE,CENTRE,CE-MFOUNDI,MFOUNDI,CE-MFOUNDI-YAOUNDE-VI,YAOUNDE VI,OPERA LES SEMENCES / D,287,MENDONG VILLAGE A,elecam-bv-2025-centre,e7f45f43af4f5287d99342df0b21853cb6ae923463331345126fc79a961816eb,needs_review,371,371,123771,124271,500
ELECAM-2025-CE-MFOUNDI-YAOUNDE-VI-0233,233,CE,CENTRE,CE-MFOUNDI,MFOUNDI,CE-MFOUNDI-YAOUNDE-VI,YAOUNDE VI,OPERA LES SEMENCES / E,284,MENDONG VILLAGE A,elecam-bv-2025-centre,e7f45f43af4f5287d99342df0b21853cb6ae923463331345126fc79a961816eb,needs_review,371,371,123771,124271,500
ELECAM-2025-CE-MFOUNDI-YAOUNDE-VI-0234,234,CE,CENTRE,CE-MFOUNDI,MFOUNDI,CE-MFOUNDI-YAOUNDE-VI,YAOUNDE VI,OPERA LES SEMENCES / F,376,MENDONG VILLAGE A,elecam-bv-2025-centre,e7f45f43af4f5287d99342df0b21853cb6ae923463331345126fc79a961816eb,needs_review,371,371,123771,124271,500
ELECAM-2025-CE-MFOUNDI-YAOUNDE-VI-0235,235,CE,CENTRE,CE-MFOUNDI,MFOUNDI,CE-MFOUNDI-YAOUNDE-VI,YAOUNDE VI,OPERA LES SEMENCES / G,285,MENDONG VILLAGE A,elecam-bv-2025-centre,e7f45f43af4f5287d99342df0b21853cb6ae923463331345126fc79a961816eb,needs_review,371,371,123771,124271,500
ELECAM-2025-CE-MFOUNDI-YAOUNDE-VI-0236,236,CE,CENTRE,CE-MFOUNDI,MFOUNDI,CE-MFOUNDI-YAOUNDE-VI,YAOUNDE VI,OPERA LES SEMENCES / H,282,MENDONG VILLAGE A,elecam-bv-2025-centre,e7f45f43af4f5287d99342df0b21853cb6ae923463331345126fc79a961816eb,needs_review,371,371,123771,124271,500
ELECAM-2025-CE-MFOUNDI-YAOUNDE-VI-0237,237,CE,CENTRE,CE-MFOUNDI,MFOUNDI,CE-MFOUNDI-YAOUNDE-VI,YAOUNDE VI,COMPLEXE SCOLAIRE COSBIE / A,335,MENDONG VILLAGE A,elecam-bv-2025-centre,e7f45f43af4f5287d99342df0b21853cb6ae923463331345126fc79a961816eb,needs_review,371,371,123771,124271,500
ELECAM-2025-CE-MFOUNDI-YAOUNDE-VI-0238,238,CE,CENTRE,CE-MFOUNDI,MFOUNDI,CE-MFOUNDI-YAOUNDE-VI,YAOUNDE VI,COMPLEXE SCOLAIRE COSBIE / B,323,MENDONG VILLAGE A,elecam-bv-2025-centre,e7f45f43af4f5287d99342df0b21853cb6ae923463331345126fc79a961816eb,needs_review,371,371,123771,124271,500
ELECAM-2025-CE-MFOUNDI-YAOUNDE-VI-0239,239,CE,CENTRE,CE-MFOUNDI,MFOUNDI,CE-MFOUNDI-YAOUNDE-VI,YAOUNDE VI,COMPLEXE SCOLAIRE COSBIE / C,362,MENDONG VILLAGE A,elecam-bv-2025-centre,e7f45f43af4f5287d99342df0b21853cb6ae923463331345126fc79a961816eb,needs_review,371,371,123771,124271,500
ELECAM-2025-CE-MFOUNDI-YAOUNDE-VI-0240,240,CE,CENTRE,CE-MFOUNDI,MFOUNDI,CE-MFOUNDI-YAOUNDE-VI,YAOUNDE VI,COMPLEXE SCOLAIRE COSBIE / D,338,MENDONG VILLAGE A,elecam-bv-2025-centre,e7f45f43af4f5287d99342df0b21853cb6ae923463331345126fc79a961816eb,needs_review,371,371,123771,124271,500
ELECAM-2025-CE-MFOUNDI-YAOUNDE-VI-0241,241,CE,CENTRE,CE-MFOUNDI,MFOUNDI,CE-MFOUNDI-YAOUNDE-VI,YAOUNDE VI,COMPLEXE SCOLAIRE COSBIE / E,341,MENDONG VILLAGE A,elecam-bv-2025-centre,e7f45f43af4f5287d99342df0b21853cb6ae923463331345126fc79a961816eb,needs_review,371,371,123771,124271,500
ELECAM-2025-CE-MFOUNDI-YAOUNDE-VI-0242,242,CE,CENTRE,CE-MFOUNDI,MFOUNDI,CE-MFOUNDI-YAOUNDE-VI,YAOUNDE VI,COMPLEXE SCOLAIRE COSBIE / F,361,MENDONG VILLAGE A,elecam-bv-2025-centre,e7f45f43af4f5287d99342df0b21853cb6ae923463331345126fc79a961816eb,needs_review,371,371,123771,124271,500
ELECAM-2025-CE-MFOUNDI-YAOUNDE-VI-0243,243,CE,CENTRE,CE-MFOUNDI,MFOUNDI,CE-MFOUNDI-YAOUNDE-VI,YAOUNDE VI,COMPLEXE SCOLAIRE COSBIE / G,381,MENDONG VILLAGE A,elecam-bv-2025-centre,e7f45f43af4f5287d99342df0b21853cb6ae923463331345126fc79a961816eb,needs_review,371,371,123771,124271,500
ELECAM-2025-CE-MFOUNDI-YAOUNDE-VI-0244,244,CE,CENTRE,CE-MFOUNDI,MFOUNDI,CE-MFOUNDI-YAOUNDE-VI,YAOUNDE VI,COMPLEXE SCOLAIRE COSBIE / H,385,MENDONG VILLAGE A,elecam-bv-2025-centre,e7f45f43af4f5287d99342df0b21853cb6ae923463331345126fc79a961816eb,needs_review,371,371,123771,124271,500
ELECAM-2025-CE-MFOUNDI-YAOUNDE-VI-0245,245,CE,CENTRE,CE-MFOUNDI,MFOUNDI,CE-MFOUNDI-YAOUNDE-VI,YAOUNDE VI,COMPLEXE SCOLAIRE COSBIE / I,381,MENDONG VILLAGE A,elecam-bv-2025-centre,e7f45f43af4f5287d99342df0b21853cb6ae923463331345126fc79a961816eb,needs_review,371,371,123771,124271,500
ELECAM-2025-CE-MFOUNDI-YAOUNDE-VI-0246,246,CE,CENTRE,CE-MFOUNDI,MFOUNDI,CE-MFOUNDI-YAOUNDE-VI,YAOUNDE VI,COMPLEXE SCOLAIRE COSBIE / J,433,MENDONG VILLAGE A,elecam-bv-2025-centre,e7f45f43af4f5287d99342df0b21853cb6ae923463331345126fc79a961816eb,needs_review,371,371,123771,124271,500
ELECAM-2025-CE-MFOUNDI-YAOUNDE-VI-0247,247,CE,CENTRE,CE-MFOUNDI,MFOUNDI,CE-MFOUNDI-YAOUNDE-VI,YAOUNDE VI,COMPLEXE SCOLAIRE COSBIE / K,428,MENDONG VILLAGE A,elecam-bv-2025-centre,e7f45f43af4f5287d99342df0b21853cb6ae923463331345126fc79a961816eb,needs_review,371,371,123771,124271,500
ELECAM-2025-CE-MFOUNDI-YAOUNDE-VI-0248,248,CE,CENTRE,CE-MFOUNDI,MFOUNDI,CE-MFOUNDI-YAOUNDE-VI,YAOUNDE VI,GROUPE SCOL. BIL. ROSY ET LES PETITS / A,357,MENDONG VILLAGE B,elecam-bv-2025-centre,e7f45f43af4f5287d99342df0b21853cb6ae923463331345126fc79a961816eb,needs_review,371,371,123771,124271,500
ELECAM-2025-CE-MFOUNDI-YAOUNDE-VI-0249,249,CE,CENTRE,CE-MFOUNDI,MFOUNDI,CE-MFOUNDI-YAOUNDE-VI,YAOUNDE VI,GROUPE SCOL. BIL. ROSY ET LES PETITS / B,342,MENDONG VILLAGE B,elecam-bv-2025-centre,e7f45f43af4f5287d99342df0b21853cb6ae923463331345126fc79a961816eb,needs_review,371,371,123771,124271,500
ELECAM-2025-CE-MFOUNDI-YAOUNDE-VI-0250,250,CE,CENTRE,CE-MFOUNDI,MFOUNDI,CE-MFOUNDI-YAOUNDE-VI,YAOUNDE VI,GROUPE SCOL. BIL. ROSY ET LES PETITS / C,396,MENDONG VILLAGE B,elecam-bv-2025-centre,e7f45f43af4f5287d99342df0b21853cb6ae923463331345126fc79a961816eb,needs_review,371,371,123771,124271,500
ELECAM-2025-CE-MFOUNDI-YAOUNDE-VI-0251,251,CE,CENTRE,CE-MFOUNDI,MFOUNDI,CE-MFOUNDI-YAOUNDE-VI,YAOUNDE VI,GROUPE SCOL. BIL. ROSY ET LES PETITS / D,350,MENDONG VILLAGE B,elecam-bv-2025-centre,e7f45f43af4f5287d99342df0b21853cb6ae923463331345126fc79a961816eb,needs_review,371,371,123771,124271,500
ELECAM-2025-CE-MFOUNDI-YAOUNDE-VI-0252,252,CE,CENTRE,CE-MFOUNDI,MFOUNDI,CE-MFOUNDI-YAOUNDE-VI,YAOUNDE VI,ECOLE JERUSALEM / A,371,"MVOG BETSI EBA BLOC 2, 4 ET",elecam-bv-2025-centre,e7f45f43af4f5287d99342df0b21853cb6ae923463331345126fc79a961816eb,needs_review,371,371,123771,124271,500
ELECAM-2025-CE-MFOUNDI-YAOUNDE-VI-0253,253,CE,CENTRE,CE-MFOUNDI,MFOUNDI,CE-MFOUNDI-YAOUNDE-VI,YAOUNDE VI,ECOLE JERUSALEM / B,320,"MVOG BETSI EBA BLOC 2, 4 ET",elecam-bv-2025-centre,e7f45f43af4f5287d99342df0b21853cb6ae923463331345126fc79a961816eb,needs_review,371,371,123771,124271,500
ELECAM-2025-CE-MFOUNDI-YAOUNDE-VI-0254,254,CE,CENTRE,CE-MFOUNDI,MFOUNDI,CE-MFOUNDI-YAOUNDE-VI,YAOUNDE VI,ECOLE JERUSALEM / C,348,"MVOG BETSI EBA BLOC 2, 4 ET",elecam-bv-2025-centre,e7f45f43af4f5287d99342df0b21853cb6ae923463331345126fc79a961816eb,needs_review,371,371,123771,124271,500
ELECAM-2025-CE-MFOUNDI-YAOUNDE-VI-0255,255,CE,CENTRE,CE-MFOUNDI,MFOUNDI,CE-MFOUNDI-YAOUNDE-VI,YAOUNDE VI,ECOLE JERUSALEM / D,331,"MVOG BETSI EBA BLOC 2, 4 ET",elecam-bv-2025-centre,e7f45f43af4f5287d99342df0b21853cb6ae923463331345126fc79a961816eb,needs_review,371,371,123771,124271,500
ELECAM-2025-CE-MFOUNDI-YAOUNDE-VI-0256,256,CE,CENTRE,CE-MFOUNDI,MFOUNDI,CE-MFOUNDI-YAOUNDE-VI,YAOUNDE VI,ECOLE JERUSALEM / E,374,"MVOG BETSI EBA BLOC 2, 4 ET",elecam-bv-2025-centre,e7f45f43af4f5287d99342df0b21853cb6ae923463331345126fc79a961816eb,needs_review,371,371,123771,124271,500
ELECAM-2025-CE-MFOUNDI-YAOUNDE-VI-0257,257,CE,CENTRE,CE-MFOUNDI,MFOUNDI,CE-MFOUNDI-YAOUNDE-VI,YAOUNDE VI,ECOLE JERUSALEM / F,330,"MVOG BETSI EBA BLOC 2, 4 ET",elecam-bv-2025-centre,e7f45f43af4f5287d99342df0b21853cb6ae923463331345126fc79a961816eb,needs_review,371,371,123771,124271,500
ELECAM-2025-CE-MFOUNDI-YAOUNDE-VI-0258,258,CE,CENTRE,CE-MFOUNDI,MFOUNDI,CE-MFOUNDI-YAOUNDE-VI,YAOUNDE VI,ECOLE PRIVEE VICTOR HUGO / A,332,MVOG BETSI EBA BLOC,elecam-bv-2025-centre,e7f45f43af4f5287d99342df0b21853cb6ae923463331345126fc79a961816eb,needs_review,371,371,123771,124271,500
ELECAM-2025-CE-MFOUNDI-YAOUNDE-VI-0259,259,CE,CENTRE,CE-MFOUNDI,MFOUNDI,CE-MFOUNDI-YAOUNDE-VI,YAOUNDE VI,ECOLE PRIVEE VICTOR HUGO / B,359,MVOG BETSI EBA BLOC,elecam-bv-2025-centre,e7f45f43af4f5287d99342df0b21853cb6ae923463331345126fc79a961816eb,needs_review,371,371,123771,124271,500
ELECAM-2025-CE-MFOUNDI-YAOUNDE-VI-0260,260,CE,CENTRE,CE-MFOUNDI,MFOUNDI,CE-MFOUNDI-YAOUNDE-VI,YAOUNDE VI,ECOLE PRIVEE VICTOR HUGO / C,356,MVOG BETSI EBA BLOC,elecam-bv-2025-centre,e7f45f43af4f5287d99342df0b21853cb6ae923463331345126fc79a961816eb,needs_review,371,371,123771,124271,500
ELECAM-2025-CE-MFOUNDI-YAOUNDE-VI-0261,261,CE,CENTRE,CE-MFOUNDI,MFOUNDI,CE-MFOUNDI-YAOUNDE-VI,YAOUNDE VI,ECOLE PRIVEE VICTOR HUGO / D,370,MVOG BETSI EBA BLOC,elecam-bv-2025-centre,e7f45f43af4f5287d99342df0b21853cb6ae923463331345126fc79a961816eb,needs_review,371,371,123771,124271,500
ELECAM-2025-CE-MFOUNDI-YAOUNDE-VI-0262,262,CE,CENTRE,CE-MFOUNDI,MFOUNDI,CE-MFOUNDI-YAOUNDE-VI,YAOUNDE VI,ECOLE PRIVEE VICTOR HUGO / E,352,MVOG BETSI EBA BLOC,elecam-bv-2025-centre,e7f45f43af4f5287d99342df0b21853cb6ae923463331345126fc79a961816eb,needs_review,371,371,123771,124271,500
ELECAM-2025-CE-MFOUNDI-YAOUNDE-VI-0263,263,CE,CENTRE,CE-MFOUNDI,MFOUNDI,CE-MFOUNDI-YAOUNDE-VI,YAOUNDE VI,ECOLE PRIVEE VICTOR HUGO / F,172,MVOG BETSI EBA BLOC,elecam-bv-2025-centre,e7f45f43af4f5287d99342df0b21853cb6ae923463331345126fc79a961816eb,needs_review,371,371,123771,124271,500
ELECAM-2025-CE-MFOUNDI-YAOUNDE-VI-0264,264,CE,CENTRE,CE-MFOUNDI,MFOUNDI,CE-MFOUNDI-YAOUNDE-VI,YAOUNDE VI,ECOLE PUBLIQUE DE MVOG-BETSI / A,335,"MVOG-BETSI EBA BLOC 1, 2, 3, 4,",elecam-bv-2025-centre,e7f45f43af4f5287d99342df0b21853cb6ae923463331345126fc79a961816eb,needs_review,371,371,123771,124271,500
ELECAM-2025-CE-MFOUNDI-YAOUNDE-VI-0265,265,CE,CENTRE,CE-MFOUNDI,MFOUNDI,CE-MFOUNDI-YAOUNDE-VI,YAOUNDE VI,ECOLE PUBLIQUE DE MVOG-BETSI / B,313,"MVOG-BETSI EBA BLOC 1, 2, 3, 4,",elecam-bv-2025-centre,e7f45f43af4f5287d99342df0b21853cb6ae923463331345126fc79a961816eb,needs_review,371,371,123771,124271,500
ELECAM-2025-CE-MFOUNDI-YAOUNDE-VI-0266,266,CE,CENTRE,CE-MFOUNDI,MFOUNDI,CE-MFOUNDI-YAOUNDE-VI,YAOUNDE VI,ECOLE PUBLIQUE DE MVOG-BETSI / C,302,"MVOG-BETSI EBA BLOC 1, 2, 3, 4,",elecam-bv-2025-centre,e7f45f43af4f5287d99342df0b21853cb6ae923463331345126fc79a961816eb,needs_review,371,371,123771,124271,500
ELECAM-2025-CE-MFOUNDI-YAOUNDE-VI-0267,267,CE,CENTRE,CE-MFOUNDI,MFOUNDI,CE-MFOUNDI-YAOUNDE-VI,YAOUNDE VI,ECOLE PUBLIQUE DE MVOG-BETSI / D,289,"MVOG-BETSI EBA BLOC 1, 2, 3, 4,",elecam-bv-2025-centre,e7f45f43af4f5287d99342df0b21853cb6ae923463331345126fc79a961816eb,needs_review,371,371,123771,124271,500
ELECAM-2025-CE-MFOUNDI-YAOUNDE-VI-0268,268,CE,CENTRE,CE-MFOUNDI,MFOUNDI,CE-MFOUNDI-YAOUNDE-VI,YAOUNDE VI,ECOLE PUBLIQUE DE MVOG-BETSI / E,313,"MVOG-BETSI EBA BLOC 1, 2, 3, 4,",elecam-bv-2025-centre,e7f45f43af4f5287d99342df0b21853cb6ae923463331345126fc79a961816eb,needs_review,371,371,123771,124271,500
ELECAM-2025-CE-MFOUNDI-YAOUNDE-VI-0269,269,CE,CENTRE,CE-MFOUNDI,MFOUNDI,CE-MFOUNDI-YAOUNDE-VI,YAOUNDE VI,ECOLE PUBLIQUE DE MVOG-BETSI / F,386,"MVOG-BETSI EBA BLOC 1, 2, 3, 4,",elecam-bv-2025-centre,e7f45f43af4f5287d99342df0b21853cb6ae923463331345126fc79a961816eb,needs_review,371,371,123771,124271,500
ELECAM-2025-CE-MFOUNDI-YAOUNDE-VI-0270,270,CE,CENTRE,CE-MFOUNDI,MFOUNDI,CE-MFOUNDI-YAOUNDE-VI,YAOUNDE VI,ECOLE PUBLIQUE DE MVOG-BETSI / G,233,"MVOG-BETSI EBA BLOC 1, 2, 3, 4,",elecam-bv-2025-centre,e7f45f43af4f5287d99342df0b21853cb6ae923463331345126fc79a961816eb,needs_review,371,371,123771,124271,500
ELECAM-2025-CE-MFOUNDI-YAOUNDE-VI-0271,271,CE,CENTRE,CE-MFOUNDI,MFOUNDI,CE-MFOUNDI-YAOUNDE-VI,YAOUNDE VI,ECOLE PUBLIQUE DE MVOG-BETSI / H,335,"MVOG-BETSI EBA BLOC 1, 2, 3, 4,",elecam-bv-2025-centre,e7f45f43af4f5287d99342df0b21853cb6ae923463331345126fc79a961816eb,needs_review,371,371,123771,124271,500
ELECAM-2025-CE-MFOUNDI-YAOUNDE-VI-0272,272,CE,CENTRE,CE-MFOUNDI,MFOUNDI,CE-MFOUNDI-YAOUNDE-VI,YAOUNDE VI,LYCEE BILINGUE D'ETOUG-EBE / A,329,CARREFOUR ETOUG-EBE,elecam-bv-2025-centre,e7f45f43af4f5287d99342df0b21853cb6ae923463331345126fc79a961816eb,needs_review,371,371,123771,124271,500
ELECAM-2025-CE-MFOUNDI-YAOUNDE-VI-0273,273,CE,CENTRE,CE-MFOUNDI,MFOUNDI,CE-MFOUNDI-YAOUNDE-VI,YAOUNDE VI,LYCEE BILINGUE D'ETOUG-EBE / B,342,CARREFOUR ETOUG-EBE,elecam-bv-2025-centre,e7f45f43af4f5287d99342df0b21853cb6ae923463331345126fc79a961816eb,needs_review,371,371,123771,124271,500
ELECAM-2025-CE-MFOUNDI-YAOUNDE-VI-0274,274,CE,CENTRE,CE-MFOUNDI,MFOUNDI,CE-MFOUNDI-YAOUNDE-VI,YAOUNDE VI,LYCEE BILINGUE D'ETOUG-EBE / C,311,CARREFOUR ETOUG-EBE,elecam-bv-2025-centre,e7f45f43af4f5287d99342df0b21853cb6ae923463331345126fc79a961816eb,needs_review,371,371,123771,124271,500
ELECAM-2025-CE-MFOUNDI-YAOUNDE-VI-0275,275,CE,CENTRE,CE-MFOUNDI,MFOUNDI,CE-MFOUNDI-YAOUNDE-VI,YAOUNDE VI,LYCEE BILINGUE D'ETOUG-EBE / D,329,CARREFOUR ETOUG-EBE,elecam-bv-2025-centre,e7f45f43af4f5287d99342df0b21853cb6ae923463331345126fc79a961816eb,needs_review,371,371,123771,124271,500
ELECAM-2025-CE-MFOUNDI-YAOUNDE-VI-0276,276,CE,CENTRE,CE-MFOUNDI,MFOUNDI,CE-MFOUNDI-YAOUNDE-VI,YAOUNDE VI,LYCEE BILINGUE D'ETOUG-EBE / E,299,CARREFOUR ETOUG-EBE,elecam-bv-2025-centre,e7f45f43af4f5287d99342df0b21853cb6ae923463331345126fc79a961816eb,needs_review,371,371,123771,124271,500
ELECAM-2025-CE-MFOUNDI-YAOUNDE-VI-0277,277,CE,CENTRE,CE-MFOUNDI,MFOUNDI,CE-MFOUNDI-YAOUNDE-VI,YAOUNDE VI,LYCEE BILINGUE D'ETOUG-EBE / F,314,CARREFOUR ETOUG-EBE,elecam-bv-2025-centre,e7f45f43af4f5287d99342df0b21853cb6ae923463331345126fc79a961816eb,needs_review,371,371,123771,124271,500
ELECAM-2025-CE-MFOUNDI-YAOUNDE-VI-0278,278,CE,CENTRE,CE-MFOUNDI,MFOUNDI,CE-MFOUNDI-YAOUNDE-VI,YAOUNDE VI,LYCEE BILINGUE D'ETOUG-EBE / G,348,CARREFOUR ETOUG-EBE,elecam-bv-2025-centre,e7f45f43af4f5287d99342df0b21853cb6ae923463331345126fc79a961816eb,needs_review,371,371,123771,124271,500
ELECAM-2025-CE-MFOUNDI-YAOUNDE-VI-0279,279,CE,CENTRE,CE-MFOUNDI,MFOUNDI,CE-MFOUNDI-YAOUNDE-VI,YAOUNDE VI,LYCEE BILINGUE D'ETOUG-EBE / H,305,CARREFOUR ETOUG-EBE,elecam-bv-2025-centre,e7f45f43af4f5287d99342df0b21853cb6ae923463331345126fc79a961816eb,needs_review,371,371,123771,124271,500
ELECAM-2025-CE-MFOUNDI-YAOUNDE-VI-0280,280,CE,CENTRE,CE-MFOUNDI,MFOUNDI,CE-MFOUNDI-YAOUNDE-VI,YAOUNDE VI,LYCEE BILINGUE D'ETOUG-EBE / I,322,CARREFOUR ETOUG-EBE,elecam-bv-2025-centre,e7f45f43af4f5287d99342df0b21853cb6ae923463331345126fc79a961816eb,needs_review,371,371,123771,124271,500
ELECAM-2025-CE-MFOUNDI-YAOUNDE-VI-0281,281,CE,CENTRE,CE-MFOUNDI,MFOUNDI,CE-MFOUNDI-YAOUNDE-VI,YAOUNDE VI,LYCEE BILINGUE D'ETOUG-EBE / J,300,CARREFOUR ETOUG-EBE,elecam-bv-2025-centre,e7f45f43af4f5287d99342df0b21853cb6ae923463331345126fc79a961816eb,needs_review,371,371,123771,124271,500
ELECAM-2025-CE-MFOUNDI-YAOUNDE-VI-0282,282,CE,CENTRE,CE-MFOUNDI,MFOUNDI,CE-MFOUNDI-YAOUNDE-VI,YAOUNDE VI,LYCEE BILINGUE D'ETOUG-EBE / K,352,CARREFOUR ETOUG-EBE,elecam-bv-2025-centre,e7f45f43af4f5287d99342df0b21853cb6ae923463331345126fc79a961816eb,needs_review,371,371,123771,124271,500
ELECAM-2025-CE-MFOUNDI-YAOUNDE-VI-0283,283,CE,CENTRE,CE-MFOUNDI,MFOUNDI,CE-MFOUNDI-YAOUNDE-VI,YAOUNDE VI,LYCEE BILINGUE D'ETOUG-EBE / L,385,CARREFOUR ETOUG-EBE,elecam-bv-2025-centre,e7f45f43af4f5287d99342df0b21853cb6ae923463331345126fc79a961816eb,needs_review,371,371,123771,124271,500
ELECAM-2025-CE-MFOUNDI-YAOUNDE-VI-0284,284,CE,CENTRE,CE-MFOUNDI,MFOUNDI,CE-MFOUNDI-YAOUNDE-VI,YAOUNDE VI,LYCEE BILINGUE D'ETOUG-EBE / M,385,CARREFOUR ETOUG-EBE,elecam-bv-2025-centre,e7f45f43af4f5287d99342df0b21853cb6ae923463331345126fc79a961816eb,needs_review,371,371,123771,124271,500
ELECAM-2025-CE-MFOUNDI-YAOUNDE-VI-0285,285,CE,CENTRE,CE-MFOUNDI,MFOUNDI,CE-MFOUNDI-YAOUNDE-VI,YAOUNDE VI,LYCEE BILINGUE D'ETOUG-EBE / N,278,CARREFOUR ETOUG-EBE,elecam-bv-2025-centre,e7f45f43af4f5287d99342df0b21853cb6ae923463331345126fc79a961816eb,needs_review,371,371,123771,124271,500
ELECAM-2025-CE-MFOUNDI-YAOUNDE-VI-0286,286,CE,CENTRE,CE-MFOUNDI,MFOUNDI,CE-MFOUNDI-YAOUNDE-VI,YAOUNDE VI,LINDA ET LES CHATONS / A,235,NKOLBIKOK,elecam-bv-2025-centre,e7f45f43af4f5287d99342df0b21853cb6ae923463331345126fc79a961816eb,needs_review,371,371,123771,124271,500
ELECAM-2025-CE-MFOUNDI-YAOUNDE-VI-0287,287,CE,CENTRE,CE-MFOUNDI,MFOUNDI,CE-MFOUNDI-YAOUNDE-VI,YAOUNDE VI,LINDA ET LES CHATONS / B,261,NKOLBIKOK,elecam-bv-2025-centre,e7f45f43af4f5287d99342df0b21853cb6ae923463331345126fc79a961816eb,needs_review,371,371,123771,124271,500
ELECAM-2025-CE-MFOUNDI-YAOUNDE-VI-0288,288,CE,CENTRE,CE-MFOUNDI,MFOUNDI,CE-MFOUNDI-YAOUNDE-VI,YAOUNDE VI,LINDA ET LES CHATONS / C,304,NKOLBIKOK,elecam-bv-2025-centre,e7f45f43af4f5287d99342df0b21853cb6ae923463331345126fc79a961816eb,needs_review,371,371,123771,124271,500
ELECAM-2025-CE-MFOUNDI-YAOUNDE-VI-0289,289,CE,CENTRE,CE-MFOUNDI,MFOUNDI,CE-MFOUNDI-YAOUNDE-VI,YAOUNDE VI,LINDA ET LES CHATONS / D,256,NKOLBIKOK,elecam-bv-2025-centre,e7f45f43af4f5287d99342df0b21853cb6ae923463331345126fc79a961816eb,needs_review,371,371,123771,124271,500
ELECAM-2025-CE-MFOUNDI-YAOUNDE-VI-0290,290,CE,CENTRE,CE-MFOUNDI,MFOUNDI,CE-MFOUNDI-YAOUNDE-VI,YAOUNDE VI,LINDA ET LES CHATONS / E,298,NKOLBIKOK,elecam-bv-2025-centre,e7f45f43af4f5287d99342df0b21853cb6ae923463331345126fc79a961816eb,needs_review,371,371,123771,124271,500
ELECAM-2025-CE-MFOUNDI-YAOUNDE-VI-0291,291,CE,CENTRE,CE-MFOUNDI,MFOUNDI,CE-MFOUNDI-YAOUNDE-VI,YAOUNDE VI,ECOLE PRIVEE TOCHE / A,331,NKOLBIKOK,elecam-bv-2025-centre,e7f45f43af4f5287d99342df0b21853cb6ae923463331345126fc79a961816eb,needs_review,371,371,123771,124271,500
ELECAM-2025-CE-MFOUNDI-YAOUNDE-VI-0292,292,CE,CENTRE,CE-MFOUNDI,MFOUNDI,CE-MFOUNDI-YAOUNDE-VI,YAOUNDE VI,ECOLE PRIVEE TOCHE / B,351,NKOLBIKOK,elecam-bv-2025-centre,e7f45f43af4f5287d99342df0b21853cb6ae923463331345126fc79a961816eb,needs_review,371,371,123771,124271,500
ELECAM-2025-CE-MFOUNDI-YAOUNDE-VI-0293,293,CE,CENTRE,CE-MFOUNDI,MFOUNDI,CE-MFOUNDI-YAOUNDE-VI,YAOUNDE VI,COLLEGE JEAN JAURES / A,372,SIMBOCK BLOC,elecam-bv-2025-centre,e7f45f43af4f5287d99342df0b21853cb6ae923463331345126fc79a961816eb,needs_review,371,371,123771,124271,500
ELECAM-2025-CE-MFOUNDI-YAOUNDE-VI-0294,294,CE,CENTRE,CE-MFOUNDI,MFOUNDI,CE-MFOUNDI-YAOUNDE-VI,YAOUNDE VI,COLLEGE JEAN JAURES / B,348,SIMBOCK BLOC,elecam-bv-2025-centre,e7f45f43af4f5287d99342df0b21853cb6ae923463331345126fc79a961816eb,needs_review,371,371,123771,124271,500
ELECAM-2025-CE-MFOUNDI-YAOUNDE-VI-0295,295,CE,CENTRE,CE-MFOUNDI,MFOUNDI,CE-MFOUNDI-YAOUNDE-VI,YAOUNDE VI,COLLEGE JEAN JAURES / C,351,SIMBOCK BLOC,elecam-bv-2025-centre,e7f45f43af4f5287d99342df0b21853cb6ae923463331345126fc79a961816eb,needs_review,371,371,123771,124271,500
ELECAM-2025-CE-MFOUNDI-YAOUNDE-VI-0296,296,CE,CENTRE,CE-MFOUNDI,MFOUNDI,CE-MFOUNDI-YAOUNDE-VI,YAOUNDE VI,COLLEGE JEAN JAURES / D,357,SIMBOCK BLOC,elecam-bv-2025-centre,e7f45f43af4f5287d99342df0b21853cb6ae923463331345126fc79a961816eb,needs_review,371,371,123771,124271,500
ELECAM-2025-CE-MFOUNDI-YAOUNDE-VI-0297,297,CE,CENTRE,CE-MFOUNDI,MFOUNDI,CE-MFOUNDI-YAOUNDE-VI,YAOUNDE VI,COLLEGE JEAN JAURES / E,355,SIMBOCK BLOC,elecam-bv-2025-centre,e7f45f43af4f5287d99342df0b21853cb6ae923463331345126fc79a961816eb,needs_review,371,371,123771,124271,500
ELECAM-2025-CE-MFOUNDI-YAOUNDE-VI-0298,298,CE,CENTRE,CE-MFOUNDI,MFOUNDI,CE-MFOUNDI-YAOUNDE-VI,YAOUNDE VI,COLLEGE JEAN JAURES / F,388,SIMBOCK BLOC,elecam-bv-2025-centre,e7f45f43af4f5287d99342df0b21853cb6ae923463331345126fc79a961816eb,needs_review,371,371,123771,124271,500
ELECAM-2025-CE-MFOUNDI-YAOUNDE-VI-0299,299,CE,CENTRE,CE-MFOUNDI,MFOUNDI,CE-MFOUNDI-YAOUNDE-VI,YAOUNDE VI,COLLEGE JEAN JAURES / G,388,SIMBOCK BLOC,elecam-bv-2025-centre,e7f45f43af4f5287d99342df0b21853cb6ae923463331345126fc79a961816eb,needs_review,371,371,123771,124271,500
ELECAM-2025-CE-MFOUNDI-YAOUNDE-VI-0300,300,CE,CENTRE,CE-MFOUNDI,MFOUNDI,CE-MFOUNDI-YAOUNDE-VI,YAOUNDE VI,COLLEGE JEAN JAURES / H,386,SIMBOCK BLOC,elecam-bv-2025-centre,e7f45f43af4f5287d99342df0b21853cb6ae923463331345126fc79a961816eb,needs_review,371,371,123771,124271,500
ELECAM-2025-CE-MFOUNDI-YAOUNDE-VI-0301,301,CE,CENTRE,CE-MFOUNDI,MFOUNDI,CE-MFOUNDI-YAOUNDE-VI,YAOUNDE VI,COLLEGE JEAN JAURES / I,379,SIMBOCK BLOC,elecam-bv-2025-centre,e7f45f43af4f5287d99342df0b21853cb6ae923463331345126fc79a961816eb,needs_review,371,371,123771,124271,500
ELECAM-2025-CE-MFOUNDI-YAOUNDE-VI-0302,302,CE,CENTRE,CE-MFOUNDI,MFOUNDI,CE-MFOUNDI-YAOUNDE-VI,YAOUNDE VI,COLLEGE JEAN JAURES / J,345,SIMBOCK BLOC,elecam-bv-2025-centre,e7f45f43af4f5287d99342df0b21853cb6ae923463331345126fc79a961816eb,needs_review,371,371,123771,124271,500
ELECAM-2025-CE-MFOUNDI-YAOUNDE-VI-0303,303,CE,CENTRE,CE-MFOUNDI,MFOUNDI,CE-MFOUNDI-YAOUNDE-VI,YAOUNDE VI,COLLEGE JEAN JAURES / K,428,SIMBOCK BLOC,elecam-bv-2025-centre,e7f45f43af4f5287d99342df0b21853cb6ae923463331345126fc79a961816eb,needs_review,371,371,123771,124271,500
ELECAM-2025-CE-MFOUNDI-YAOUNDE-VI-0304,304,CE,CENTRE,CE-MFOUNDI,MFOUNDI,CE-MFOUNDI-YAOUNDE-VI,YAOUNDE VI,COLLEGE JEAN JAURES / L,397,SIMBOCK BLOC,elecam-bv-2025-centre,e7f45f43af4f5287d99342df0b21853cb6ae923463331345126fc79a961816eb,needs_review,371,371,123771,124271,500
ELECAM-2025-CE-MFOUNDI-YAOUNDE-VI-0305,305,CE,CENTRE,CE-MFOUNDI,MFOUNDI,CE-MFOUNDI-YAOUNDE-VI,YAOUNDE VI,COLLEGE LA GRACE / A,370,SIMBOCK,elecam-bv-2025-centre,e7f45f43af4f5287d99342df0b21853cb6ae923463331345126fc79a961816eb,needs_review,371,371,123771,124271,500
ELECAM-2025-CE-MFOUNDI-YAOUNDE-VI-0306,306,CE,CENTRE,CE-MFOUNDI,MFOUNDI,CE-MFOUNDI-YAOUNDE-VI,YAOUNDE VI,COLLEGE LA GRACE / B,364,SIMBOCK,elecam-bv-2025-centre,e7f45f43af4f5287d99342df0b21853cb6ae923463331345126fc79a961816eb,needs_review,371,371,123771,124271,500
ELECAM-2025-CE-MFOUNDI-YAOUNDE-VI-0307,307,CE,CENTRE,CE-MFOUNDI,MFOUNDI,CE-MFOUNDI-YAOUNDE-VI,YAOUNDE VI,COLLEGE LA GRACE / C,356,SIMBOCK,elecam-bv-2025-centre,e7f45f43af4f5287d99342df0b21853cb6ae923463331345126fc79a961816eb,needs_review,371,371,123771,124271,500
ELECAM-2025-CE-MFOUNDI-YAOUNDE-VI-0308,308,CE,CENTRE,CE-MFOUNDI,MFOUNDI,CE-MFOUNDI-YAOUNDE-VI,YAOUNDE VI,COLLEGE LA GRACE / D,384,SIMBOCK,elecam-bv-2025-centre,e7f45f43af4f5287d99342df0b21853cb6ae923463331345126fc79a961816eb,needs_review,371,371,123771,124271,500
ELECAM-2025-CE-MFOUNDI-YAOUNDE-VI-0309,309,CE,CENTRE,CE-MFOUNDI,MFOUNDI,CE-MFOUNDI-YAOUNDE-VI,YAOUNDE VI,COLLEGE LA GRACE / E,383,SIMBOCK,elecam-bv-2025-centre,e7f45f43af4f5287d99342df0b21853cb6ae923463331345126fc79a961816eb,needs_review,371,371,123771,124271,500
ELECAM-2025-CE-MFOUNDI-YAOUNDE-VI-0310,310,CE,CENTRE,CE-MFOUNDI,MFOUNDI,CE-MFOUNDI-YAOUNDE-VI,YAOUNDE VI,COLLEGE LA GRACE / F,348,SIMBOCK,elecam-bv-2025-centre,e7f45f43af4f5287d99342df0b21853cb6ae923463331345126fc79a961816eb,needs_review,371,371,123771,124271,500
ELECAM-2025-CE-MFOUNDI-YAOUNDE-VI-0311,311,CE,CENTRE,CE-MFOUNDI,MFOUNDI,CE-MFOUNDI-YAOUNDE-VI,YAOUNDE VI,COLLEGE LA GRACE / G,368,SIMBOCK,elecam-bv-2025-centre,e7f45f43af4f5287d99342df0b21853cb6ae923463331345126fc79a961816eb,needs_review,371,371,123771,124271,500
ELECAM-2025-CE-MFOUNDI-YAOUNDE-VI-0312,312,CE,CENTRE,CE-MFOUNDI,MFOUNDI,CE-MFOUNDI-YAOUNDE-VI,YAOUNDE VI,COLLEGE LA GRACE / H,383,SIMBOCK,elecam-bv-2025-centre,e7f45f43af4f5287d99342df0b21853cb6ae923463331345126fc79a961816eb,needs_review,371,371,123771,124271,500
ELECAM-2025-CE-MFOUNDI-YAOUNDE-VI-0313,313,CE,CENTRE,CE-MFOUNDI,MFOUNDI,CE-MFOUNDI-YAOUNDE-VI,YAOUNDE VI,COLLEGE LA GRACE / I,377,SIMBOCK,elecam-bv-2025-centre,e7f45f43af4f5287d99342df0b21853cb6ae923463331345126fc79a961816eb,needs_review,371,371,123771,124271,500
ELECAM-2025-CE-MFOUNDI-YAOUNDE-VI-0314,314,CE,CENTRE,CE-MFOUNDI,MFOUNDI,CE-MFOUNDI-YAOUNDE-VI,YAOUNDE VI,COLLEGE LA GRACE / J,388,SIMBOCK,elecam-bv-2025-centre,e7f45f43af4f5287d99342df0b21853cb6ae923463331345126fc79a961816eb,needs_review,371,371,123771,124271,500
ELECAM-2025-CE-MFOUNDI-YAOUNDE-VI-0315,315,CE,CENTRE,CE-MFOUNDI,MFOUNDI,CE-MFOUNDI-YAOUNDE-VI,YAOUNDE VI,COLLEGE LA GRACE / K,387,SIMBOCK,elecam-bv-2025-centre,e7f45f43af4f5287d99342df0b21853cb6ae923463331345126fc79a961816eb,needs_review,371,371,123771,124271,500
ELECAM-2025-CE-MFOUNDI-YAOUNDE-VI-0316,316,CE,CENTRE,CE-MFOUNDI,MFOUNDI,CE-MFOUNDI-YAOUNDE-VI,YAOUNDE VI,COLLEGE LA GRACE / L,370,SIMBOCK,elecam-bv-2025-centre,e7f45f43af4f5287d99342df0b21853cb6ae923463331345126fc79a961816eb,needs_review,371,371,123771,124271,500
ELECAM-2025-CE-MFOUNDI-YAOUNDE-VI-0317,317,CE,CENTRE,CE-MFOUNDI,MFOUNDI,CE-MFOUNDI-YAOUNDE-VI,YAOUNDE VI,COLLEGE LA GRACE / M,327,SIMBOCK,elecam-bv-2025-centre,e7f45f43af4f5287d99342df0b21853cb6ae923463331345126fc79a961816eb,needs_review,371,371,123771,124271,500
ELECAM-2025-CE-MFOUNDI-YAOUNDE-VI-0318,318,CE,CENTRE,CE-MFOUNDI,MFOUNDI,CE-MFOUNDI-YAOUNDE-VI,YAOUNDE VI,ECOLE PUBLIQUE SIMBOCK / A,332,SIMBOCK,elecam-bv-2025-centre,e7f45f43af4f5287d99342df0b21853cb6ae923463331345126fc79a961816eb,needs_review,371,371,123771,124271,500
ELECAM-2025-CE-MFOUNDI-YAOUNDE-VI-0319,319,CE,CENTRE,CE-MFOUNDI,MFOUNDI,CE-MFOUNDI-YAOUNDE-VI,YAOUNDE VI,ECOLE PUBLIQUE SIMBOCK / B,304,SIMBOCK,elecam-bv-2025-centre,e7f45f43af4f5287d99342df0b21853cb6ae923463331345126fc79a961816eb,needs_review,371,371,123771,124271,500
ELECAM-2025-CE-MFOUNDI-YAOUNDE-VI-0320,320,CE,CENTRE,CE-MFOUNDI,MFOUNDI,CE-MFOUNDI-YAOUNDE-VI,YAOUNDE VI,ECOLE PUBLIQUE SIMBOCK / C,384,SIMBOCK,elecam-bv-2025-centre,e7f45f43af4f5287d99342df0b21853cb6ae923463331345126fc79a961816eb,needs_review,371,371,123771,124271,500
ELECAM-2025-CE-MFOUNDI-YAOUNDE-VI-0321,321,CE,CENTRE,CE-MFOUNDI,MFOUNDI,CE-MFOUNDI-YAOUNDE-VI,YAOUNDE VI,ECOLE PUBLIQUE SIMBOCK / D,383,SIMBOCK,elecam-bv-2025-centre,e7f45f43af4f5287d99342df0b21853cb6ae923463331345126fc79a961816eb,needs_review,371,371,123771,124271,500
ELECAM-2025-CE-MFOUNDI-YAOUNDE-VI-0322,322,CE,CENTRE,CE-MFOUNDI,MFOUNDI,CE-MFOUNDI-YAOUNDE-VI,YAOUNDE VI,ECOLE PUBLIQUE SIMBOCK / E,416,SIMBOCK,elecam-bv-2025-centre,e7f45f43af4f5287d99342df0b21853cb6ae923463331345126fc79a961816eb,needs_review,371,371,123771,124271,500
ELECAM-2025-CE-MFOUNDI-YAOUNDE-VI-0323,323,CE,CENTRE,CE-MFOUNDI,MFOUNDI,CE-MFOUNDI-YAOUNDE-VI,YAOUNDE VI,ECOLE FRANKY (MELEN 8 C) / A,391,MELEN 8 C,elecam-bv-2025-centre,e7f45f43af4f5287d99342df0b21853cb6ae923463331345126fc79a961816eb,needs_review,371,371,123771,124271,500
ELECAM-2025-CE-MFOUNDI-YAOUNDE-VI-0324,324,CE,CENTRE,CE-MFOUNDI,MFOUNDI,CE-MFOUNDI-YAOUNDE-VI,YAOUNDE VI,ECOLE FRANKY (MELEN 8 C) / B,371,MELEN 8 C,elecam-bv-2025-centre,e7f45f43af4f5287d99342df0b21853cb6ae923463331345126fc79a961816eb,needs_review,371,371,123771,124271,500
ELECAM-2025-CE-MFOUNDI-YAOUNDE-VI-0325,325,CE,CENTRE,CE-MFOUNDI,MFOUNDI,CE-MFOUNDI-YAOUNDE-VI,YAOUNDE VI,ECOLE FRANKY (MELEN 8 C) / C,388,MELEN 8 C,elecam-bv-2025-centre,e7f45f43af4f5287d99342df0b21853cb6ae923463331345126fc79a961816eb,needs_review,371,371,123771,124271,500
ELECAM-2025-CE-MFOUNDI-YAOUNDE-VI-0326,326,CE,CENTRE,CE-MFOUNDI,MFOUNDI,CE-MFOUNDI-YAOUNDE-VI,YAOUNDE VI,ECOLE BILINGUE LES GOELANDS / A,302,BIYEM-ASSI BLOC,elecam-bv-2025-centre,e7f45f43af4f5287d99342df0b21853cb6ae923463331345126fc79a961816eb,needs_review,371,371,123771,124271,500
ELECAM-2025-CE-MFOUNDI-YAOUNDE-VI-0327,327,CE,CENTRE,CE-MFOUNDI,MFOUNDI,CE-MFOUNDI-YAOUNDE-VI,YAOUNDE VI,ECOLE BILINGUE LES GOELANDS / B,319,BIYEM-ASSI BLOC,elecam-bv-2025-centre,e7f45f43af4f5287d99342df0b21853cb6ae923463331345126fc79a961816eb,needs_review,371,371,123771,124271,500
ELECAM-2025-CE-MFOUNDI-YAOUNDE-VI-0328,328,CE,CENTRE,CE-MFOUNDI,MFOUNDI,CE-MFOUNDI-YAOUNDE-VI,YAOUNDE VI,ECOLE BILINGUE LES GOELANDS / C,343,BIYEM-ASSI BLOC,elecam-bv-2025-centre,e7f45f43af4f5287d99342df0b21853cb6ae923463331345126fc79a961816eb,needs_review,371,371,123771,124271,500
ELECAM-2025-CE-MFOUNDI-YAOUNDE-VI-0329,329,CE,CENTRE,CE-MFOUNDI,MFOUNDI,CE-MFOUNDI-YAOUNDE-VI,YAOUNDE VI,ECOLE BILINGUE LES GOELANDS / D,197,BIYEM-ASSI BLOC,elecam-bv-2025-centre,e7f45f43af4f5287d99342df0b21853cb6ae923463331345126fc79a961816eb,needs_review,371,371,123771,124271,500
ELECAM-2025-CE-MFOUNDI-YAOUNDE-VI-0330,330,CE,CENTRE,CE-MFOUNDI,MFOUNDI,CE-MFOUNDI-YAOUNDE-VI,YAOUNDE VI,ECOLE BILINGUE LES GOELANDS / E,229,BIYEM-ASSI BLOC,elecam-bv-2025-centre,e7f45f43af4f5287d99342df0b21853cb6ae923463331345126fc79a961816eb,needs_review,371,371,123771,124271,500
ELECAM-2025-CE-MFOUNDI-YAOUNDE-VI-0331,331,CE,CENTRE,CE-MFOUNDI,MFOUNDI,CE-MFOUNDI-YAOUNDE-VI,YAOUNDE VI,ECOLE BILINGUE LES CALCEDOINES / A,359,ETOUG-EBE NKOL-NZIE,elecam-bv-2025-centre,e7f45f43af4f5287d99342df0b21853cb6ae923463331345126fc79a961816eb,needs_review,371,371,123771,124271,500
ELECAM-2025-CE-MFOUNDI-YAOUNDE-VI-0332,332,CE,CENTRE,CE-MFOUNDI,MFOUNDI,CE-MFOUNDI-YAOUNDE-VI,YAOUNDE VI,ECOLE BILINGUE LES CALCEDOINES / B,419,ETOUG-EBE NKOL-NZIE,elecam-bv-2025-centre,e7f45f43af4f5287d99342df0b21853cb6ae923463331345126fc79a961816eb,needs_review,371,371,123771,124271,500
ELECAM-2025-CE-MFOUNDI-YAOUNDE-VI-0333,333,CE,CENTRE,CE-MFOUNDI,MFOUNDI,CE-MFOUNDI-YAOUNDE-VI,YAOUNDE VI,ECOLE BILINGUE LES CALCEDOINES / C,421,ETOUG-EBE NKOL-NZIE,elecam-bv-2025-centre,e7f45f43af4f5287d99342df0b21853cb6ae923463331345126fc79a961816eb,needs_review,371,371,123771,124271,500
ELECAM-2025-CE-MFOUNDI-YAOUNDE-VI-0334,334,CE,CENTRE,CE-MFOUNDI,MFOUNDI,CE-MFOUNDI-YAOUNDE-VI,YAOUNDE VI,ECOLE BILINGUE LES CALCEDOINES / D,438,ETOUG-EBE NKOL-NZIE,elecam-bv-2025-centre,e7f45f43af4f5287d99342df0b21853cb6ae923463331345126fc79a961816eb,needs_review,371,371,123771,124271,500
ELECAM-2025-CE-MFOUNDI-YAOUNDE-VI-0335,335,CE,CENTRE,CE-MFOUNDI,MFOUNDI,CE-MFOUNDI-YAOUNDE-VI,YAOUNDE VI,ANGLO-SAXON GENERAL AND TECHNICAL,288,CARREFOUR ETOUG-EBE,elecam-bv-2025-centre,e7f45f43af4f5287d99342df0b21853cb6ae923463331345126fc79a961816eb,needs_review,371,371,123771,124271,500
ELECAM-2025-CE-MFOUNDI-YAOUNDE-VI-0336,336,CE,CENTRE,CE-MFOUNDI,MFOUNDI,CE-MFOUNDI-YAOUNDE-VI,YAOUNDE VI,ANGLO-SAXON GENERAL AND TECHNICAL,282,CARREFOUR ETOUG-EBE,elecam-bv-2025-centre,e7f45f43af4f5287d99342df0b21853cb6ae923463331345126fc79a961816eb,needs_review,371,371,123771,124271,500
ELECAM-2025-CE-MFOUNDI-YAOUNDE-VI-0337,337,CE,CENTRE,CE-MFOUNDI,MFOUNDI,CE-MFOUNDI-YAOUNDE-VI,YAOUNDE VI,JARDIN Z. B. DE MVOG BETSI / A,353,ETOUG-EBE,elecam-bv-2025-centre,e7f45f43af4f5287d99342df0b21853cb6ae923463331345126fc79a961816eb,needs_review,371,371,123771,124271,500
ELECAM-2025-CE-MFOUNDI-YAOUNDE-VI-0338,338,CE,CENTRE,CE-MFOUNDI,MFOUNDI,CE-MFOUNDI-YAOUNDE-VI,YAOUNDE VI,JARDIN Z. B. DE MVOG BETSI / B,331,ETOUG-EBE,elecam-bv-2025-centre,e7f45f43af4f5287d99342df0b21853cb6ae923463331345126fc79a961816eb,needs_review,371,371,123771,124271,500
ELECAM-2025-CE-MFOUNDI-YAOUNDE-VI-0339,339,CE,CENTRE,CE-MFOUNDI,MFOUNDI,CE-MFOUNDI-YAOUNDE-VI,YAOUNDE VI,JARDIN Z. B. DE MVOG BETSI / C,345,ETOUG-EBE,elecam-bv-2025-centre,e7f45f43af4f5287d99342df0b21853cb6ae923463331345126fc79a961816eb,needs_review,371,371,123771,124271,500
ELECAM-2025-CE-MFOUNDI-YAOUNDE-VI-0340,340,CE,CENTRE,CE-MFOUNDI,MFOUNDI,CE-MFOUNDI-YAOUNDE-VI,YAOUNDE VI,JARDIN Z. B. DE MVOG BETSI / D,285,ETOUG-EBE,elecam-bv-2025-centre,e7f45f43af4f5287d99342df0b21853cb6ae923463331345126fc79a961816eb,needs_review,371,371,123771,124271,500
ELECAM-2025-CE-MFOUNDI-YAOUNDE-VI-0341,341,CE,CENTRE,CE-MFOUNDI,MFOUNDI,CE-MFOUNDI-YAOUNDE-VI,YAOUNDE VI,JARDIN Z. B. DE MVOG BETSI / E,340,ETOUG-EBE,elecam-bv-2025-centre,e7f45f43af4f5287d99342df0b21853cb6ae923463331345126fc79a961816eb,needs_review,371,371,123771,124271,500
ELECAM-2025-CE-MFOUNDI-YAOUNDE-VI-0342,342,CE,CENTRE,CE-MFOUNDI,MFOUNDI,CE-MFOUNDI-YAOUNDE-VI,YAOUNDE VI,JARDIN Z. B. DE MVOG BETSI / F,293,ETOUG-EBE,elecam-bv-2025-centre,e7f45f43af4f5287d99342df0b21853cb6ae923463331345126fc79a961816eb,needs_review,371,371,123771,124271,500
ELECAM-2025-CE-MFOUNDI-YAOUNDE-VI-0343,343,CE,CENTRE,CE-MFOUNDI,MFOUNDI,CE-MFOUNDI-YAOUNDE-VI,YAOUNDE VI,JARDIN Z. B. DE MVOG BETSI / G,350,ETOUG-EBE,elecam-bv-2025-centre,e7f45f43af4f5287d99342df0b21853cb6ae923463331345126fc79a961816eb,needs_review,371,371,123771,124271,500
ELECAM-2025-CE-MFOUNDI-YAOUNDE-VI-0344,344,CE,CENTRE,CE-MFOUNDI,MFOUNDI,CE-MFOUNDI-YAOUNDE-VI,YAOUNDE VI,JARDIN Z. B. DE MVOG BETSI / H,336,ETOUG-EBE,elecam-bv-2025-centre,e7f45f43af4f5287d99342df0b21853cb6ae923463331345126fc79a961816eb,needs_review,371,371,123771,124271,500
ELECAM-2025-CE-MFOUNDI-YAOUNDE-VI-0345,345,CE,CENTRE,CE-MFOUNDI,MFOUNDI,CE-MFOUNDI-YAOUNDE-VI,YAOUNDE VI,JARDIN Z. B. DE MVOG BETSI / I,244,ETOUG-EBE,elecam-bv-2025-centre,e7f45f43af4f5287d99342df0b21853cb6ae923463331345126fc79a961816eb,needs_review,371,371,123771,124271,500
ELECAM-2025-CE-MFOUNDI-YAOUNDE-VI-0346,346,CE,CENTRE,CE-MFOUNDI,MFOUNDI,CE-MFOUNDI-YAOUNDE-VI,YAOUNDE VI,JARDIN Z. B. DE MVOG BETSI / J,233,ETOUG-EBE,elecam-bv-2025-centre,e7f45f43af4f5287d99342df0b21853cb6ae923463331345126fc79a961816eb,needs_review,371,371,123771,124271,500
ELECAM-2025-CE-MFOUNDI-YAOUNDE-VI-0347,347,CE,CENTRE,CE-MFOUNDI,MFOUNDI,CE-MFOUNDI-YAOUNDE-VI,YAOUNDE VI,JARDIN Z. B. DE MVOG BETSI / K,302,ETOUG-EBE,elecam-bv-2025-centre,e7f45f43af4f5287d99342df0b21853cb6ae923463331345126fc79a961816eb,needs_review,371,371,123771,124271,500
ELECAM-2025-CE-MFOUNDI-YAOUNDE-VI-0348,348,CE,CENTRE,CE-MFOUNDI,MFOUNDI,CE-MFOUNDI-YAOUNDE-VI,YAOUNDE VI,JARDIN Z. B. DE MVOG BETSI / L,242,ETOUG-EBE,elecam-bv-2025-centre,e7f45f43af4f5287d99342df0b21853cb6ae923463331345126fc79a961816eb,needs_review,371,371,123771,124271,500
ELECAM-2025-CE-MFOUNDI-YAOUNDE-VI-0349,349,CE,CENTRE,CE-MFOUNDI,MFOUNDI,CE-MFOUNDI-YAOUNDE-VI,YAOUNDE VI,JARDIN Z. B. DE MVOG BETSI / M,387,ETOUG-EBE,elecam-bv-2025-centre,e7f45f43af4f5287d99342df0b21853cb6ae923463331345126fc79a961816eb,needs_review,371,371,123771,124271,500
ELECAM-2025-CE-MFOUNDI-YAOUNDE-VI-0350,350,CE,CENTRE,CE-MFOUNDI,MFOUNDI,CE-MFOUNDI-YAOUNDE-VI,YAOUNDE VI,ECOLE PUBLIQUE DE LA GENDARMERIE,255,ELIG EFFA,elecam-bv-2025-centre,e7f45f43af4f5287d99342df0b21853cb6ae923463331345126fc79a961816eb,needs_review,371,371,123771,124271,500
ELECAM-2025-CE-MFOUNDI-YAOUNDE-VI-0351,351,CE,CENTRE,CE-MFOUNDI,MFOUNDI,CE-MFOUNDI-YAOUNDE-VI,YAOUNDE VI,ECOLE PUBLIQUE DE LA GENDARMERIE,243,ELIG EFFA,elecam-bv-2025-centre,e7f45f43af4f5287d99342df0b21853cb6ae923463331345126fc79a961816eb,needs_review,371,371,123771,124271,500
ELECAM-2025-CE-MFOUNDI-YAOUNDE-VI-0352,352,CE,CENTRE,CE-MFOUNDI,MFOUNDI,CE-MFOUNDI-YAOUNDE-VI,YAOUNDE VI,ECOLE PUBLIQUE DE LA GENDARMERIE,250,ELIG EFFA,elecam-bv-2025-centre,e7f45f43af4f5287d99342df0b21853cb6ae923463331345126fc79a961816eb,needs_review,371,371,123771,124271,500
ELECAM-2025-CE-MFOUNDI-YAOUNDE-VI-0353,353,CE,CENTRE,CE-MFOUNDI,MFOUNDI,CE-MFOUNDI-YAOUNDE-VI,YAOUNDE VI,ECOLE PUBLIQUE DE LA GENDARMERIE,234,ELIG EFFA,elecam-bv-2025-centre,e7f45f43af4f5287d99342df0b21853cb6ae923463331345126fc79a961816eb,needs_review,371,371,123771,124271,500
ELECAM-2025-CE-MFOUNDI-YAOUNDE-VI-0354,354,CE,CENTRE,CE-MFOUNDI,MFOUNDI,CE-MFOUNDI-YAOUNDE-VI,YAOUNDE VI,ECOLE PUBLIQUE DE LA GENDARMERIE,306,ELIG EFFA,elecam-bv-2025-centre,e7f45f43af4f5287d99342df0b21853cb6ae923463331345126fc79a961816eb,needs_review,371,371,123771,124271,500
ELECAM-2025-CE-MFOUNDI-YAOUNDE-VI-0355,355,CE,CENTRE,CE-MFOUNDI,MFOUNDI,CE-MFOUNDI-YAOUNDE-VI,YAOUNDE VI,ECOLE PUBLIQUE DE LA GENDARMERIE,289,ELIG EFFA,elecam-bv-2025-centre,e7f45f43af4f5287d99342df0b21853cb6ae923463331345126fc79a961816eb,needs_review,371,371,123771,124271,500
ELECAM-2025-CE-MFOUNDI-YAOUNDE-VI-0356,356,CE,CENTRE,CE-MFOUNDI,MFOUNDI,CE-MFOUNDI-YAOUNDE-VI,YAOUNDE VI,ECOLE PUBLIQUE DE LA GENDARMERIE,325,ELIG EFFA,elecam-bv-2025-centre,e7f45f43af4f5287d99342df0b21853cb6ae923463331345126fc79a961816eb,needs_review,371,371,123771,124271,500
ELECAM-2025-CE-MFOUNDI-YAOUNDE-VI-0357,357,CE,CENTRE,CE-MFOUNDI,MFOUNDI,CE-MFOUNDI-YAOUNDE-VI,YAOUNDE VI,ECOLE PUBLIQUE DE LA GENDARMERIE,342,ELIG EFFA,elecam-bv-2025-centre,e7f45f43af4f5287d99342df0b21853cb6ae923463331345126fc79a961816eb,needs_review,371,371,123771,124271,500
ELECAM-2025-CE-MFOUNDI-YAOUNDE-VI-0358,358,CE,CENTRE,CE-MFOUNDI,MFOUNDI,CE-MFOUNDI-YAOUNDE-VI,YAOUNDE VI,ECOLE PUBLIQUE DE LA GENDARMERIE,325,ELIG EFFA,elecam-bv-2025-centre,e7f45f43af4f5287d99342df0b21853cb6ae923463331345126fc79a961816eb,needs_review,371,371,123771,124271,500
ELECAM-2025-CE-MFOUNDI-YAOUNDE-VI-0359,359,CE,CENTRE,CE-MFOUNDI,MFOUNDI,CE-MFOUNDI-YAOUNDE-VI,YAOUNDE VI,ECOLE PUBLIQUE DE LA GENDARMERIE,348,ELIG EFFA,elecam-bv-2025-centre,e7f45f43af4f5287d99342df0b21853cb6ae923463331345126fc79a961816eb,needs_review,371,371,123771,124271,500
ELECAM-2025-CE-MFOUNDI-YAOUNDE-VI-0360,360,CE,CENTRE,CE-MFOUNDI,MFOUNDI,CE-MFOUNDI-YAOUNDE-VI,YAOUNDE VI,ECOLE PUBLIQUE DE LA GENDARMERIE,302,ELIG EFFA,elecam-bv-2025-centre,e7f45f43af4f5287d99342df0b21853cb6ae923463331345126fc79a961816eb,needs_review,371,371,123771,124271,500
ELECAM-2025-CE-MFOUNDI-YAOUNDE-VI-0361,361,CE,CENTRE,CE-MFOUNDI,MFOUNDI,CE-MFOUNDI-YAOUNDE-VI,YAOUNDE VI,ECOLE PUBLIQUE DE LA GENDARMERIE,323,ELIG EFFA,elecam-bv-2025-centre,e7f45f43af4f5287d99342df0b21853cb6ae923463331345126fc79a961816eb,needs_review,371,371,123771,124271,500
ELECAM-2025-CE-MFOUNDI-YAOUNDE-VI-0362,362,CE,CENTRE,CE-MFOUNDI,MFOUNDI,CE-MFOUNDI-YAOUNDE-VI,YAOUNDE VI,ECOLE MATERNELLE DE LA CNPS / A,323,MENDONG,elecam-bv-2025-centre,e7f45f43af4f5287d99342df0b21853cb6ae923463331345126fc79a961816eb,needs_review,371,371,123771,124271,500
ELECAM-2025-CE-MFOUNDI-YAOUNDE-VI-0363,363,CE,CENTRE,CE-MFOUNDI,MFOUNDI,CE-MFOUNDI-YAOUNDE-VI,YAOUNDE VI,ECOLE MATERNELLE DE LA CNPS / B,374,MENDONG,elecam-bv-2025-centre,e7f45f43af4f5287d99342df0b21853cb6ae923463331345126fc79a961816eb,needs_review,371,371,123771,124271,500
ELECAM-2025-CE-MFOUNDI-YAOUNDE-VI-0364,364,CE,CENTRE,CE-MFOUNDI,MFOUNDI,CE-MFOUNDI-YAOUNDE-VI,YAOUNDE VI,ECOLE MATERNELLE DE LA CNPS / C,479,MENDONG,elecam-bv-2025-centre,e7f45f43af4f5287d99342df0b21853cb6ae923463331345126fc79a961816eb,needs_review,371,371,123771,124271,500
ELECAM-2025-CE-MFOUNDI-YAOUNDE-VI-0365,365,CE,CENTRE,CE-MFOUNDI,MFOUNDI,CE-MFOUNDI-YAOUNDE-VI,YAOUNDE VI,COMPLEXE SCOLAIRE ELGRA / A,420,SIMBOCK,elecam-bv-2025-centre,e7f45f43af4f5287d99342df0b21853cb6ae923463331345126fc79a961816eb,needs_review,371,371,123771,124271,500
ELECAM-2025-CE-MFOUNDI-YAOUNDE-VI-0366,366,CE,CENTRE,CE-MFOUNDI,MFOUNDI,CE-MFOUNDI-YAOUNDE-VI,YAOUNDE VI,COMPLEXE SCOLAIRE ELGRA / B,421,SIMBOCK,elecam-bv-2025-centre,e7f45f43af4f5287d99342df0b21853cb6ae923463331345126fc79a961816eb,needs_review,371,371,123771,124271,500
ELECAM-2025-CE-MFOUNDI-YAOUNDE-VI-0367,367,CE,CENTRE,CE-MFOUNDI,MFOUNDI,CE-MFOUNDI-YAOUNDE-VI,YAOUNDE VI,COMPLEXE SCOLAIRE ELGRA / C,426,SIMBOCK,elecam-bv-2025-centre,e7f45f43af4f5287d99342df0b21853cb6ae923463331345126fc79a961816eb,needs_review,371,371,123771,124271,500
ELECAM-2025-CE-MFOUNDI-YAOUNDE-VI-0368,368,CE,CENTRE,CE-MFOUNDI,MFOUNDI,CE-MFOUNDI-YAOUNDE-VI,YAOUNDE VI,COMPLEXE SCOLAIRE ELGRA / D,425,SIMBOCK,elecam-bv-2025-centre,e7f45f43af4f5287d99342df0b21853cb6ae923463331345126fc79a961816eb,needs_review,371,371,123771,124271,500
ELECAM-2025-CE-MFOUNDI-YAOUNDE-VI-0369,369,CE,CENTRE,CE-MFOUNDI,MFOUNDI,CE-MFOUNDI-YAOUNDE-VI,YAOUNDE VI,COMPLEXE SCOLAIRE ELGRA / E,417,SIMBOCK,elecam-bv-2025-centre,e7f45f43af4f5287d99342df0b21853cb6ae923463331345126fc79a961816eb,needs_review,371,371,123771,124271,500
ELECAM-2025-CE-MFOUNDI-YAOUNDE-VI-0370,370,CE,CENTRE,CE-MFOUNDI,MFOUNDI,CE-MFOUNDI-YAOUNDE-VI,YAOUNDE VI,COMPLEXE SCOLAIRE ELGRA / F,424,SIMBOCK,elecam-bv-2025-centre,e7f45f43af4f5287d99342df0b21853cb6ae923463331345126fc79a961816eb,needs_review,371,371,123771,124271,500
ELECAM-2025-CE-MFOUNDI-YAOUNDE-VI-0371,371,CE,CENTRE,CE-MFOUNDI,MFOUNDI,CE-MFOUNDI-YAOUNDE-VI,YAOUNDE VI,COMPLEXE SCOLAIRE ELGRA / G,211,SIMBOCK,elecam-bv-2025-centre,e7f45f43af4f5287d99342df0b21853cb6ae923463331345126fc79a961816eb,needs_review,371,371,123771,124271,500
ELECAM-2025-CE-NYONG-ET-KELLE-MATOMB-0001,1,CE,CENTRE,CE-NYONG-ET-KELLE,NYONG-ET-KELLE,CE-NYONG-ET-KELLE-MATOMB,MATOMB,ECOLE PUBLIQUE DE BINGONGOG / A,148,BINGONGOG,elecam-bv-2025-centre,e7f45f43af4f5287d99342df0b21853cb6ae923463331345126fc79a961816eb,needs_review,43,43,7012,7112,100
ELECAM-2025-CE-NYONG-ET-KELLE-MATOMB-0002,2,CE,CENTRE,CE-NYONG-ET-KELLE,NYONG-ET-KELLE,CE-NYONG-ET-KELLE-MATOMB,MATOMB,CHAPELLE DE BOMTOL / A,81,BOMTOL,elecam-bv-2025-centre,e7f45f43af4f5287d99342df0b21853cb6ae923463331345126fc79a961816eb,needs_review,43,43,7012,7112,100
ELECAM-2025-CE-NYONG-ET-KELLE-MATOMB-0003,3,CE,CENTRE,CE-NYONG-ET-KELLE,NYONG-ET-KELLE,CE-NYONG-ET-KELLE-MATOMB,MATOMB,ECOLE PUBLIQUE DE BOUMBONE / A,165,BOUMBONE,elecam-bv-2025-centre,e7f45f43af4f5287d99342df0b21853cb6ae923463331345126fc79a961816eb,needs_review,43,43,7012,7112,100
ELECAM-2025-CE-NYONG-ET-KELLE-MATOMB-0004,4,CE,CENTRE,CE-NYONG-ET-KELLE,NYONG-ET-KELLE,CE-NYONG-ET-KELLE-MATOMB,MATOMB,ECOLE PUBLIQUE DE KOMBENG / A,283,KOMBENG,elecam-bv-2025-centre,e7f45f43af4f5287d99342df0b21853cb6ae923463331345126fc79a961816eb,needs_review,43,43,7012,7112,100
ELECAM-2025-CE-NYONG-ET-KELLE-MATOMB-0005,5,CE,CENTRE,CE-NYONG-ET-KELLE,NYONG-ET-KELLE,CE-NYONG-ET-KELLE-MATOMB,MATOMB,ECOLE PUBLIQUE DE LAMAL POUGUE / A,263,LAMAL POUGUE,elecam-bv-2025-centre,e7f45f43af4f5287d99342df0b21853cb6ae923463331345126fc79a961816eb,needs_review,43,43,7012,7112,100
ELECAM-2025-CE-NYONG-ET-KELLE-MATOMB-0006,6,CE,CENTRE,CE-NYONG-ET-KELLE,NYONG-ET-KELLE,CE-NYONG-ET-KELLE-MATOMB,MATOMB,ECOLE PUBLIQUE DE LAMAL POUGUE / B,98,LAMAL POUGUE,elecam-bv-2025-centre,e7f45f43af4f5287d99342df0b21853cb6ae923463331345126fc79a961816eb,needs_review,43,43,7012,7112,100
ELECAM-2025-CE-NYONG-ET-KELLE-MATOMB-0007,7,CE,CENTRE,CE-NYONG-ET-KELLE,NYONG-ET-KELLE,CE-NYONG-ET-KELLE-MATOMB,MATOMB,CHAPELLE DE LEP-MBE / A,76,LEP - MBE,elecam-bv-2025-centre,e7f45f43af4f5287d99342df0b21853cb6ae923463331345126fc79a961816eb,needs_review,43,43,7012,7112,100
ELECAM-2025-CE-NYONG-ET-KELLE-MATOMB-0008,8,CE,CENTRE,CE-NYONG-ET-KELLE,NYONG-ET-KELLE,CE-NYONG-ET-KELLE-MATOMB,MATOMB,ECOLE PUBLIQUE DE LISSE GROUPE I / A,82,LISSE,elecam-bv-2025-centre,e7f45f43af4f5287d99342df0b21853cb6ae923463331345126fc79a961816eb,needs_review,43,43,7012,7112,100
ELECAM-2025-CE-NYONG-ET-KELLE-MATOMB-0009,9,CE,CENTRE,CE-NYONG-ET-KELLE,NYONG-ET-KELLE,CE-NYONG-ET-KELLE-MATOMB,MATOMB,ECOLE PUBLIQUE DE LISSE GROUPE II / A,131,LISSE,elecam-bv-2025-centre,e7f45f43af4f5287d99342df0b21853cb6ae923463331345126fc79a961816eb,needs_review,43,43,7012,7112,100
ELECAM-2025-CE-NYONG-ET-KELLE-MATOMB-0010,10,CE,CENTRE,CE-NYONG-ET-KELLE,NYONG-ET-KELLE,CE-NYONG-ET-KELLE-MATOMB,MATOMB,CASE COMMUNAUTAIRE DE LISSE MBANDJE /,19,LISSE,elecam-bv-2025-centre,e7f45f43af4f5287d99342df0b21853cb6ae923463331345126fc79a961816eb,needs_review,43,43,7012,7112,100
ELECAM-2025-CE-NYONG-ET-KELLE-MATOMB-0011,11,CE,CENTRE,CE-NYONG-ET-KELLE,NYONG-ET-KELLE,CE-NYONG-ET-KELLE-MATOMB,MATOMB,ECOLE PUBLIQUE DE MALMINANG / A,251,MALMINANG,elecam-bv-2025-centre,e7f45f43af4f5287d99342df0b21853cb6ae923463331345126fc79a961816eb,needs_review,43,43,7012,7112,100
ELECAM-2025-CE-NYONG-ET-KELLE-MATOMB-0012,12,CE,CENTRE,CE-NYONG-ET-KELLE,NYONG-ET-KELLE,CE-NYONG-ET-KELLE-MATOMB,MATOMB,ECOLE PUBLIQUE DE MAMBINE / A,192,MAMBINE,elecam-bv-2025-centre,e7f45f43af4f5287d99342df0b21853cb6ae923463331345126fc79a961816eb,needs_review,43,43,7012,7112,100
ELECAM-2025-CE-NYONG-ET-KELLE-MATOMB-0013,13,CE,CENTRE,CE-NYONG-ET-KELLE,NYONG-ET-KELLE,CE-NYONG-ET-KELLE-MATOMB,MATOMB,MANDOGA II - PLACE DU MARCHE / A,108,MANDOGA,elecam-bv-2025-centre,e7f45f43af4f5287d99342df0b21853cb6ae923463331345126fc79a961816eb,needs_review,43,43,7012,7112,100
ELECAM-2025-CE-NYONG-ET-KELLE-MATOMB-0014,14,CE,CENTRE,CE-NYONG-ET-KELLE,NYONG-ET-KELLE,CE-NYONG-ET-KELLE-MATOMB,MATOMB,ECOLE PUBLIQUE DE MANDOGA MAYOS / A,90,MANDOGA MAYOS,elecam-bv-2025-centre,e7f45f43af4f5287d99342df0b21853cb6ae923463331345126fc79a961816eb,needs_review,43,43,7012,7112,100
ELECAM-2025-CE-NYONG-ET-KELLE-MATOMB-0015,15,CE,CENTRE,CE-NYONG-ET-KELLE,NYONG-ET-KELLE,CE-NYONG-ET-KELLE-MATOMB,MATOMB,ECOLE PUBLIQUE DE MANDOUMBA / A,212,MANDOUMBA,elecam-bv-2025-centre,e7f45f43af4f5287d99342df0b21853cb6ae923463331345126fc79a961816eb,needs_review,43,43,7012,7112,100
ELECAM-2025-CE-NYONG-ET-KELLE-MATOMB-0016,16,CE,CENTRE,CE-NYONG-ET-KELLE,NYONG-ET-KELLE,CE-NYONG-ET-KELLE-MATOMB,MATOMB,CASE COMMUNAUTAIRE DE MANDOUMBA / A,234,MANDOUMBA,elecam-bv-2025-centre,e7f45f43af4f5287d99342df0b21853cb6ae923463331345126fc79a961816eb,needs_review,43,43,7012,7112,100
ELECAM-2025-CE-NYONG-ET-KELLE-MATOMB-0017,17,CE,CENTRE,CE-NYONG-ET-KELLE,NYONG-ET-KELLE,CE-NYONG-ET-KELLE-MATOMB,MATOMB,ECOLE CATHOLIQUE ST MARTIN DE,276,MANGUEN,elecam-bv-2025-centre,e7f45f43af4f5287d99342df0b21853cb6ae923463331345126fc79a961816eb,needs_review,43,43,7012,7112,100
ELECAM-2025-CE-NYONG-ET-KELLE-MATOMB-0018,18,CE,CENTRE,CE-NYONG-ET-KELLE,NYONG-ET-KELLE,CE-NYONG-ET-KELLE-MATOMB,MATOMB,MAISON DE LA FEMME DE MANGUEN II / A,195,MANGUEN,elecam-bv-2025-centre,e7f45f43af4f5287d99342df0b21853cb6ae923463331345126fc79a961816eb,needs_review,43,43,7012,7112,100
ELECAM-2025-CE-NYONG-ET-KELLE-MATOMB-0019,19,CE,CENTRE,CE-NYONG-ET-KELLE,NYONG-ET-KELLE,CE-NYONG-ET-KELLE-MATOMB,MATOMB,ECOLE PUBLIQUE DE MANYAI / A,225,MANYAI,elecam-bv-2025-centre,e7f45f43af4f5287d99342df0b21853cb6ae923463331345126fc79a961816eb,needs_review,43,43,7012,7112,100
ELECAM-2025-CE-NYONG-ET-KELLE-MATOMB-0020,20,CE,CENTRE,CE-NYONG-ET-KELLE,NYONG-ET-KELLE,CE-NYONG-ET-KELLE-MATOMB,MATOMB,FOYER PAROISSE EPC DE MATOMB / A,316,MATOMB - ROUTE (OU VILLE),elecam-bv-2025-centre,e7f45f43af4f5287d99342df0b21853cb6ae923463331345126fc79a961816eb,needs_review,43,43,7012,7112,100
ELECAM-2025-CE-NYONG-ET-KELLE-MATOMB-0021,21,CE,CENTRE,CE-NYONG-ET-KELLE,NYONG-ET-KELLE,CE-NYONG-ET-KELLE-MATOMB,MATOMB,SALLE DES FETES MAIRIE DE MATOMB / A,335,MATOMB - ROUTE (OU VILLE),elecam-bv-2025-centre,e7f45f43af4f5287d99342df0b21853cb6ae923463331345126fc79a961816eb,needs_review,43,43,7012,7112,100
ELECAM-2025-CE-NYONG-ET-KELLE-MATOMB-0022,22,CE,CENTRE,CE-NYONG-ET-KELLE,NYONG-ET-KELLE,CE-NYONG-ET-KELLE-MATOMB,MATOMB,SALLE DES FETES MAIRIE DE MATOMB / B,336,MATOMB - ROUTE (OU VILLE),elecam-bv-2025-centre,e7f45f43af4f5287d99342df0b21853cb6ae923463331345126fc79a961816eb,needs_review,43,43,7012,7112,100
ELECAM-2025-CE-NYONG-ET-KELLE-MATOMB-0023,23,CE,CENTRE,CE-NYONG-ET-KELLE,NYONG-ET-KELLE,CE-NYONG-ET-KELLE-MATOMB,MATOMB,ECOLE CATHOLIQUE MARIE-REINE DE,275,MATOMB - ROUTE (OU VILLE),elecam-bv-2025-centre,e7f45f43af4f5287d99342df0b21853cb6ae923463331345126fc79a961816eb,needs_review,43,43,7012,7112,100
ELECAM-2025-CE-NYONG-ET-KELLE-MATOMB-0024,24,CE,CENTRE,CE-NYONG-ET-KELLE,NYONG-ET-KELLE,CE-NYONG-ET-KELLE-MATOMB,MATOMB,ECOLE CATHOLIQUE MARIE-REINE DE,118,MATOMB - ROUTE (OU VILLE),elecam-bv-2025-centre,e7f45f43af4f5287d99342df0b21853cb6ae923463331345126fc79a961816eb,needs_review,43,43,7012,7112,100
ELECAM-2025-CE-NYONG-ET-KELLE-MATOMB-0025,25,CE,CENTRE,CE-NYONG-ET-KELLE,NYONG-ET-KELLE,CE-NYONG-ET-KELLE-MATOMB,MATOMB,ECOLE PUBLIQUE DE MATOMB - VILLAGE / A,71,MATOMB - VILLAGE,elecam-bv-2025-centre,e7f45f43af4f5287d99342df0b21853cb6ae923463331345126fc79a961816eb,needs_review,43,43,7012,7112,100
ELECAM-2025-CE-NYONG-ET-KELLE-MATOMB-0026,26,CE,CENTRE,CE-NYONG-ET-KELLE,NYONG-ET-KELLE,CE-NYONG-ET-KELLE-MATOMB,MATOMB,CHAPELLE CATHOLIQUE DE MAWEL I / A,82,MAWEL,elecam-bv-2025-centre,e7f45f43af4f5287d99342df0b21853cb6ae923463331345126fc79a961816eb,needs_review,43,43,7012,7112,100
ELECAM-2025-CE-NYONG-ET-KELLE-MATOMB-0027,27,CE,CENTRE,CE-NYONG-ET-KELLE,NYONG-ET-KELLE,CE-NYONG-ET-KELLE-MATOMB,MATOMB,ECOLE PUBLIQUE DE MAWEL / A,164,MAWEL,elecam-bv-2025-centre,e7f45f43af4f5287d99342df0b21853cb6ae923463331345126fc79a961816eb,needs_review,43,43,7012,7112,100
ELECAM-2025-CE-NYONG-ET-KELLE-MATOMB-0028,28,CE,CENTRE,CE-NYONG-ET-KELLE,NYONG-ET-KELLE,CE-NYONG-ET-KELLE-MATOMB,MATOMB,ECOLE PUBLIQUE DE MAYEBEG / A,157,MAYEBEG,elecam-bv-2025-centre,e7f45f43af4f5287d99342df0b21853cb6ae923463331345126fc79a961816eb,needs_review,43,43,7012,7112,100
ELECAM-2025-CE-NYONG-ET-KELLE-MATOMB-0029,29,CE,CENTRE,CE-NYONG-ET-KELLE,NYONG-ET-KELLE,CE-NYONG-ET-KELLE-MATOMB,MATOMB,ECOLE PUBLIQUE DE MAYOS / A,194,MAYOS,elecam-bv-2025-centre,e7f45f43af4f5287d99342df0b21853cb6ae923463331345126fc79a961816eb,needs_review,43,43,7012,7112,100
ELECAM-2025-CE-NYONG-ET-KELLE-MATOMB-0030,30,CE,CENTRE,CE-NYONG-ET-KELLE,NYONG-ET-KELLE,CE-NYONG-ET-KELLE-MATOMB,MATOMB,ECOLE PUBLIQUE DE MBEMNDJOCK / A,125,MBEMNDJOCK,elecam-bv-2025-centre,e7f45f43af4f5287d99342df0b21853cb6ae923463331345126fc79a961816eb,needs_review,43,43,7012,7112,100
ELECAM-2025-CE-NYONG-ET-KELLE-MATOMB-0031,31,CE,CENTRE,CE-NYONG-ET-KELLE,NYONG-ET-KELLE,CE-NYONG-ET-KELLE-MATOMB,MATOMB,ECOLE PUBLIQUE DE MBENG / A,97,MBENG,elecam-bv-2025-centre,e7f45f43af4f5287d99342df0b21853cb6ae923463331345126fc79a961816eb,needs_review,43,43,7012,7112,100
ELECAM-2025-CE-NYONG-ET-KELLE-MATOMB-0032,32,CE,CENTRE,CE-NYONG-ET-KELLE,NYONG-ET-KELLE,CE-NYONG-ET-KELLE-MATOMB,MATOMB,ECOLE PUBLIQUE DE NDIG -NYEMB / A,81,NDIG - NYEMB,elecam-bv-2025-centre,e7f45f43af4f5287d99342df0b21853cb6ae923463331345126fc79a961816eb,needs_review,43,43,7012,7112,100
ELECAM-2025-CE-NYONG-ET-KELLE-MATOMB-0033,33,CE,CENTRE,CE-NYONG-ET-KELLE,NYONG-ET-KELLE,CE-NYONG-ET-KELLE-MATOMB,MATOMB,ECOLE PUBLIQUE DE NGANDA / A,110,NGANDA,elecam-bv-2025-centre,e7f45f43af4f5287d99342df0b21853cb6ae923463331345126fc79a961816eb,needs_review,43,43,7012,7112,100
ELECAM-2025-CE-NYONG-ET-KELLE-MATOMB-0034,34,CE,CENTRE,CE-NYONG-ET-KELLE,NYONG-ET-KELLE,CE-NYONG-ET-KELLE-MATOMB,MATOMB,ECOLE PUBLIQUE DE NGOUNG / A,259,MAYOS,elecam-bv-2025-centre,e7f45f43af4f5287d99342df0b21853cb6ae923463331345126fc79a961816eb,needs_review,43,43,7012,7112,100
ELECAM-2025-CE-NYONG-ET-KELLE-MATOMB-0035,35,CE,CENTRE,CE-NYONG-ET-KELLE,NYONG-ET-KELLE,CE-NYONG-ET-KELLE-MATOMB,MATOMB,ECOLE PUBLIQUE DE NKENGLIKOCK / A,281,NKENGLIKOCK,elecam-bv-2025-centre,e7f45f43af4f5287d99342df0b21853cb6ae923463331345126fc79a961816eb,needs_review,43,43,7012,7112,100
ELECAM-2025-CE-NYONG-ET-KELLE-MATOMB-0036,36,CE,CENTRE,CE-NYONG-ET-KELLE,NYONG-ET-KELLE,CE-NYONG-ET-KELLE-MATOMB,MATOMB,ECOLE PUBLIQUE DE NKOHOM / A,113,NKOHOM,elecam-bv-2025-centre,e7f45f43af4f5287d99342df0b21853cb6ae923463331345126fc79a961816eb,needs_review,43,43,7012,7112,100
ELECAM-2025-CE-NYONG-ET-KELLE-MATOMB-0037,37,CE,CENTRE,CE-NYONG-ET-KELLE,NYONG-ET-KELLE,CE-NYONG-ET-KELLE-MATOMB,MATOMB,CHAPELLE DE NKONGTEM / A,109,NKONGTEM,elecam-bv-2025-centre,e7f45f43af4f5287d99342df0b21853cb6ae923463331345126fc79a961816eb,needs_review,43,43,7012,7112,100
ELECAM-2025-CE-NYONG-ET-KELLE-MATOMB-0038,38,CE,CENTRE,CE-NYONG-ET-KELLE,NYONG-ET-KELLE,CE-NYONG-ET-KELLE-MATOMB,MATOMB,CASE COMMUNAUTAIRE DE NKONGTOCK / A,250,NKONGTOCK,elecam-bv-2025-centre,e7f45f43af4f5287d99342df0b21853cb6ae923463331345126fc79a961816eb,needs_review,43,43,7012,7112,100
ELECAM-2025-CE-NYONG-ET-KELLE-MATOMB-0039,39,CE,CENTRE,CE-NYONG-ET-KELLE,NYONG-ET-KELLE,CE-NYONG-ET-KELLE-MATOMB,MATOMB,ECOLE PUBLIQUE DE NKONGTOCK / A,72,NKONGTOCK,elecam-bv-2025-centre,e7f45f43af4f5287d99342df0b21853cb6ae923463331345126fc79a961816eb,needs_review,43,43,7012,7112,100
ELECAM-2025-CE-NYONG-ET-KELLE-MATOMB-0040,40,CE,CENTRE,CE-NYONG-ET-KELLE,NYONG-ET-KELLE,CE-NYONG-ET-KELLE-MATOMB,MATOMB,ECOLE PUBLIQUE DE PAN PAN / A,94,PAN PAN,elecam-bv-2025-centre,e7f45f43af4f5287d99342df0b21853cb6ae923463331345126fc79a961816eb,needs_review,43,43,7012,7112,100
ELECAM-2025-CE-NYONG-ET-KELLE-MATOMB-0041,41,CE,CENTRE,CE-NYONG-ET-KELLE,NYONG-ET-KELLE,CE-NYONG-ET-KELLE-MATOMB,MATOMB,FOYER CATHOLIQUE SAINT MARTIN / A,159,MANGUEN,elecam-bv-2025-centre,e7f45f43af4f5287d99342df0b21853cb6ae923463331345126fc79a961816eb,needs_review,43,43,7012,7112,100
ELECAM-2025-CE-NYONG-ET-KELLE-MATOMB-0042,42,CE,CENTRE,CE-NYONG-ET-KELLE,NYONG-ET-KELLE,CE-NYONG-ET-KELLE-MATOMB,MATOMB,ECOLE MATERNELLE DE MANGUEN I / A,135,MANGUEN,elecam-bv-2025-centre,e7f45f43af4f5287d99342df0b21853cb6ae923463331345126fc79a961816eb,needs_review,43,43,7012,7112,100
ELECAM-2025-CE-NYONG-ET-KELLE-MATOMB-0043,43,CE,CENTRE,CE-NYONG-ET-KELLE,NYONG-ET-KELLE,CE-NYONG-ET-KELLE-MATOMB,MATOMB,ECOLE PUBLIQUE DE MANDOGA I / A,50,MANDOGA,elecam-bv-2025-centre,e7f45f43af4f5287d99342df0b21853cb6ae923463331345126fc79a961816eb,needs_review,43,43,7012,7112,100
ELECAM-2025-CE-NYONG-ET-SO-O-MENGUEME-0001,1,CE,CENTRE,CE-NYONG-ET-SO-O,NYONG-ET-SO'O,CE-NYONG-ET-SO-O-MENGUEME,MENGUEME,ECOLE PUBLIQUE D'ADZAP / A,138,ADZAP,elecam-bv-2025-centre,e7f45f43af4f5287d99342df0b21853cb6ae923463331345126fc79a961816eb,needs_review,35,35,4769,5669,900
ELECAM-2025-CE-NYONG-ET-SO-O-MENGUEME-0002,2,CE,CENTRE,CE-NYONG-ET-SO-O,NYONG-ET-SO'O,CE-NYONG-ET-SO-O-MENGUEME,MENGUEME,ECOLE CATHOLIQUE DE MENGUEME / A,326,AMBASSADE,elecam-bv-2025-centre,e7f45f43af4f5287d99342df0b21853cb6ae923463331345126fc79a961816eb,needs_review,35,35,4769,5669,900
ELECAM-2025-CE-NYONG-ET-SO-O-MENGUEME-0003,3,CE,CENTRE,CE-NYONG-ET-SO-O,NYONG-ET-SO'O,CE-NYONG-ET-SO-O-MENGUEME,MENGUEME,ECOLE CATHOLIQUE DE MENGUEME / B,198,AMBASSADE,elecam-bv-2025-centre,e7f45f43af4f5287d99342df0b21853cb6ae923463331345126fc79a961816eb,needs_review,35,35,4769,5669,900
ELECAM-2025-CE-NYONG-ET-SO-O-MENGUEME-0004,4,CE,CENTRE,CE-NYONG-ET-SO-O,NYONG-ET-SO'O,CE-NYONG-ET-SO-O-MENGUEME,MENGUEME,ECOLE CATHOLIQUE DE MENGUEME / C,264,AMBASSADE,elecam-bv-2025-centre,e7f45f43af4f5287d99342df0b21853cb6ae923463331345126fc79a961816eb,needs_review,35,35,4769,5669,900
ELECAM-2025-CE-NYONG-ET-SO-O-MENGUEME-0005,5,CE,CENTRE,CE-NYONG-ET-SO-O,NYONG-ET-SO'O,CE-NYONG-ET-SO-O-MENGUEME,MENGUEME,ECOLE PUBLIQUE DE BENEBALOT I / A,174,BENEBALOT,elecam-bv-2025-centre,e7f45f43af4f5287d99342df0b21853cb6ae923463331345126fc79a961816eb,needs_review,35,35,4769,5669,900
ELECAM-2025-CE-NYONG-ET-SO-O-MENGUEME-0006,6,CE,CENTRE,CE-NYONG-ET-SO-O,NYONG-ET-SO'O,CE-NYONG-ET-SO-O-MENGUEME,MENGUEME,ECOLE PUBLIQUE DE BENEBALOT II / A,286,BENEBALOT,elecam-bv-2025-centre,e7f45f43af4f5287d99342df0b21853cb6ae923463331345126fc79a961816eb,needs_review,35,35,4769,5669,900
ELECAM-2025-CE-NYONG-ET-SO-O-MENGUEME-0007,7,CE,CENTRE,CE-NYONG-ET-SO-O,NYONG-ET-SO'O,CE-NYONG-ET-SO-O-MENGUEME,MENGUEME,CASE CHAPELLE DE MFONGO / A,116,BENEBALOT,elecam-bv-2025-centre,e7f45f43af4f5287d99342df0b21853cb6ae923463331345126fc79a961816eb,needs_review,35,35,4769,5669,900
ELECAM-2025-CE-NYONG-ET-SO-O-MENGUEME-0008,8,CE,CENTRE,CE-NYONG-ET-SO-O,NYONG-ET-SO'O,CE-NYONG-ET-SO-O-MENGUEME,MENGUEME,ECOLE PUBLIQUE DE BILON / A,90,BILON,elecam-bv-2025-centre,e7f45f43af4f5287d99342df0b21853cb6ae923463331345126fc79a961816eb,needs_review,35,35,4769,5669,900
ELECAM-2025-CE-NYONG-ET-SO-O-MENGUEME-0009,9,CE,CENTRE,CE-NYONG-ET-SO-O,NYONG-ET-SO'O,CE-NYONG-ET-SO-O-MENGUEME,MENGUEME,ECOLE PUBLIQUE D'EBOGO / A,163,EBOGO,elecam-bv-2025-centre,e7f45f43af4f5287d99342df0b21853cb6ae923463331345126fc79a961816eb,needs_review,35,35,4769,5669,900
ELECAM-2025-CE-NYONG-ET-SO-O-MENGUEME-0010,10,CE,CENTRE,CE-NYONG-ET-SO-O,NYONG-ET-SO'O,CE-NYONG-ET-SO-O-MENGUEME,MENGUEME,CASE A PALABRE D'ETAM-AKOK / A,43,ETAM-AKOK,elecam-bv-2025-centre,e7f45f43af4f5287d99342df0b21853cb6ae923463331345126fc79a961816eb,needs_review,35,35,4769,5669,900
ELECAM-2025-CE-NYONG-ET-SO-O-MENGUEME-0011,11,CE,CENTRE,CE-NYONG-ET-SO-O,NYONG-ET-SO'O,CE-NYONG-ET-SO-O-MENGUEME,MENGUEME,ECOLE PUBLIQUE D'EYIBOTO / A,80,EYIBOTO,elecam-bv-2025-centre,e7f45f43af4f5287d99342df0b21853cb6ae923463331345126fc79a961816eb,needs_review,35,35,4769,5669,900
ELECAM-2025-CE-NYONG-ET-SO-O-MENGUEME-0012,12,CE,CENTRE,CE-NYONG-ET-SO-O,NYONG-ET-SO'O,CE-NYONG-ET-SO-O-MENGUEME,MENGUEME,ECOLE PUBLIQUE DE FALASSI / A,151,FALASSI,elecam-bv-2025-centre,e7f45f43af4f5287d99342df0b21853cb6ae923463331345126fc79a961816eb,needs_review,35,35,4769,5669,900
ELECAM-2025-CE-NYONG-ET-SO-O-MENGUEME-0013,13,CE,CENTRE,CE-NYONG-ET-SO-O,NYONG-ET-SO'O,CE-NYONG-ET-SO-O-MENGUEME,MENGUEME,ECOLE PUBLIQUE DE KAMBA / A,105,KAMBA,elecam-bv-2025-centre,e7f45f43af4f5287d99342df0b21853cb6ae923463331345126fc79a961816eb,needs_review,35,35,4769,5669,900
ELECAM-2025-CE-NYONG-ET-SO-O-MENGUEME-0014,14,CE,CENTRE,CE-NYONG-ET-SO-O,NYONG-ET-SO'O,CE-NYONG-ET-SO-O-MENGUEME,MENGUEME,ECOLE PUBLIQUE DE MEBOMEZOA / A,247,MEBOMEZOA,elecam-bv-2025-centre,e7f45f43af4f5287d99342df0b21853cb6ae923463331345126fc79a961816eb,needs_review,35,35,4769,5669,900
ELECAM-2025-CE-NYONG-ET-SO-O-MENGUEME-0015,15,CE,CENTRE,CE-NYONG-ET-SO-O,NYONG-ET-SO'O,CE-NYONG-ET-SO-O-MENGUEME,MENGUEME,CASE CHAPELLE DE MEKAMBA / A,97,MEKAMBA,elecam-bv-2025-centre,e7f45f43af4f5287d99342df0b21853cb6ae923463331345126fc79a961816eb,needs_review,35,35,4769,5669,900
ELECAM-2025-CE-NYONG-ET-SO-O-MENGUEME-0016,16,CE,CENTRE,CE-NYONG-ET-SO-O,NYONG-ET-SO'O,CE-NYONG-ET-SO-O-MENGUEME,MENGUEME,CES D'OSSOESSAM / A,270,MENDOCK,elecam-bv-2025-centre,e7f45f43af4f5287d99342df0b21853cb6ae923463331345126fc79a961816eb,needs_review,35,35,4769,5669,900
ELECAM-2025-CE-NYONG-ET-SO-O-MENGUEME-0017,17,CE,CENTRE,CE-NYONG-ET-SO-O,NYONG-ET-SO'O,CE-NYONG-ET-SO-O-MENGUEME,MENGUEME,ECOLE PUBLIQUE DE MFIDA / A,141,MFIDA,elecam-bv-2025-centre,e7f45f43af4f5287d99342df0b21853cb6ae923463331345126fc79a961816eb,needs_review,35,35,4769,5669,900
ELECAM-2025-CE-NYONG-ET-SO-O-MENGUEME-0018,18,CE,CENTRE,CE-NYONG-ET-SO-O,NYONG-ET-SO'O,CE-NYONG-ET-SO-O-MENGUEME,MENGUEME,CASE CHAPELLE DE MIMETALA / A,172,MIMETALA,elecam-bv-2025-centre,e7f45f43af4f5287d99342df0b21853cb6ae923463331345126fc79a961816eb,needs_review,35,35,4769,5669,900
ELECAM-2025-CE-NYONG-ET-SO-O-MENGUEME-0019,19,CE,CENTRE,CE-NYONG-ET-SO-O,NYONG-ET-SO'O,CE-NYONG-ET-SO-O-MENGUEME,MENGUEME,ECOLE CATHOLIQUE DE MINLABA / A,164,MINLABA,elecam-bv-2025-centre,e7f45f43af4f5287d99342df0b21853cb6ae923463331345126fc79a961816eb,needs_review,35,35,4769,5669,900
ELECAM-2025-CE-NYONG-ET-SO-O-MENGUEME-0020,20,CE,CENTRE,CE-NYONG-ET-SO-O,NYONG-ET-SO'O,CE-NYONG-ET-SO-O-MENGUEME,MENGUEME,ECOLE PUBLIQUE DE MINTSANGOM / A,73,MINTSANGOM,elecam-bv-2025-centre,e7f45f43af4f5287d99342df0b21853cb6ae923463331345126fc79a961816eb,needs_review,35,35,4769,5669,900
ELECAM-2025-CE-NYONG-ET-SO-O-MENGUEME-0021,21,CE,CENTRE,CE-NYONG-ET-SO-O,NYONG-ET-SO'O,CE-NYONG-ET-SO-O-MENGUEME,MENGUEME,ECOLE PUBLIQUE DE PONT SO'O / A,200,MVAM ZAMBA,elecam-bv-2025-centre,e7f45f43af4f5287d99342df0b21853cb6ae923463331345126fc79a961816eb,needs_review,35,35,4769,5669,900
ELECAM-2025-CE-NYONG-ET-SO-O-MENGUEME-0022,22,CE,CENTRE,CE-NYONG-ET-SO-O,NYONG-ET-SO'O,CE-NYONG-ET-SO-O-MENGUEME,MENGUEME,MENUISERIE MUNICIPALE D'OSSOESSAM / A,102,NKOLATOM,elecam-bv-2025-centre,e7f45f43af4f5287d99342df0b21853cb6ae923463331345126fc79a961816eb,needs_review,35,35,4769,5669,900
ELECAM-2025-CE-NYONG-ET-SO-O-MENGUEME-0023,23,CE,CENTRE,CE-NYONG-ET-SO-O,NYONG-ET-SO'O,CE-NYONG-ET-SO-O-MENGUEME,MENGUEME,ECOLE PUBLIQUE DE NKOL-EBAE / A,112,NKOL-EBAE,elecam-bv-2025-centre,e7f45f43af4f5287d99342df0b21853cb6ae923463331345126fc79a961816eb,needs_review,35,35,4769,5669,900
ELECAM-2025-CE-NYONG-ET-SO-O-MENGUEME-0024,24,CE,CENTRE,CE-NYONG-ET-SO-O,NYONG-ET-SO'O,CE-NYONG-ET-SO-O-MENGUEME,MENGUEME,ECOLE CATHOLIQUE DE NKOL-EBAE / A,294,NKOL-EBAE,elecam-bv-2025-centre,e7f45f43af4f5287d99342df0b21853cb6ae923463331345126fc79a961816eb,needs_review,35,35,4769,5669,900
ELECAM-2025-CE-NYONG-ET-SO-O-MENGUEME-0025,25,CE,CENTRE,CE-NYONG-ET-SO-O,NYONG-ET-SO'O,CE-NYONG-ET-SO-O-MENGUEME,MENGUEME,CASE CHAP. ATANGANA BON.DE,344,NKOL-EBAE,elecam-bv-2025-centre,e7f45f43af4f5287d99342df0b21853cb6ae923463331345126fc79a961816eb,needs_review,35,35,4769,5669,900
ELECAM-2025-CE-NYONG-ET-SO-O-MENGUEME-0026,26,CE,CENTRE,CE-NYONG-ET-SO-O,NYONG-ET-SO'O,CE-NYONG-ET-SO-O-MENGUEME,MENGUEME,ECOLE PUBLIQUE DE NNOM-NNAM / A,97,NNOM-NNAM,elecam-bv-2025-centre,e7f45f43af4f5287d99342df0b21853cb6ae923463331345126fc79a961816eb,needs_review,35,35,4769,5669,900
ELECAM-2025-CE-NYONG-ET-SO-O-MENGUEME-0027,27,CE,CENTRE,CE-NYONG-ET-SO-O,NYONG-ET-SO'O,CE-NYONG-ET-SO-O-MENGUEME,MENGUEME,ECOLE CATHOLIQUE D'OSSOESSAM / A,75,NSILI,elecam-bv-2025-centre,e7f45f43af4f5287d99342df0b21853cb6ae923463331345126fc79a961816eb,needs_review,35,35,4769,5669,900
ELECAM-2025-CE-NYONG-ET-SO-O-MENGUEME-0028,28,CE,CENTRE,CE-NYONG-ET-SO-O,NYONG-ET-SO'O,CE-NYONG-ET-SO-O-MENGUEME,MENGUEME,ECOLE PUBLIQUE DE NTANG / A,201,NTANG,elecam-bv-2025-centre,e7f45f43af4f5287d99342df0b21853cb6ae923463331345126fc79a961816eb,needs_review,35,35,4769,5669,900
ELECAM-2025-CE-NYONG-ET-SO-O-MENGUEME-0029,29,CE,CENTRE,CE-NYONG-ET-SO-O,NYONG-ET-SO'O,CE-NYONG-ET-SO-O-MENGUEME,MENGUEME,ECOLE PUBLIQUE DE NYEMEYONG / A,157,NYEMEYONG,elecam-bv-2025-centre,e7f45f43af4f5287d99342df0b21853cb6ae923463331345126fc79a961816eb,needs_review,35,35,4769,5669,900
ELECAM-2025-CE-NYONG-ET-SO-O-MENGUEME-0030,30,CE,CENTRE,CE-NYONG-ET-SO-O,NYONG-ET-SO'O,CE-NYONG-ET-SO-O-MENGUEME,MENGUEME,ECOLE PUBLIQUE DE NYIMI / A,115,NYIMI,elecam-bv-2025-centre,e7f45f43af4f5287d99342df0b21853cb6ae923463331345126fc79a961816eb,needs_review,35,35,4769,5669,900
ELECAM-2025-CE-NYONG-ET-SO-O-MENGUEME-0031,31,CE,CENTRE,CE-NYONG-ET-SO-O,NYONG-ET-SO'O,CE-NYONG-ET-SO-O-MENGUEME,MENGUEME,CASE A PALABRE DE SOUMASSI / A,69,SOUMASSI,elecam-bv-2025-centre,e7f45f43af4f5287d99342df0b21853cb6ae923463331345126fc79a961816eb,needs_review,35,35,4769,5669,900
ELECAM-2025-CE-NYONG-ET-SO-O-MENGUEME-0032,32,CE,CENTRE,CE-NYONG-ET-SO-O,NYONG-ET-SO'O,CE-NYONG-ET-SO-O-MENGUEME,MENGUEME,CASE A PALABRE DE SOUMAYOP / A,64,SOUMAYOP,elecam-bv-2025-centre,e7f45f43af4f5287d99342df0b21853cb6ae923463331345126fc79a961816eb,needs_review,35,35,4769,5669,900
ELECAM-2025-CE-NYONG-ET-SO-O-MENGUEME-0033,33,CE,CENTRE,CE-NYONG-ET-SO-O,NYONG-ET-SO'O,CE-NYONG-ET-SO-O-MENGUEME,MENGUEME,ECOLE PUBLIQUE DE TING MELEN / A,116,TING MELEN,elecam-bv-2025-centre,e7f45f43af4f5287d99342df0b21853cb6ae923463331345126fc79a961816eb,needs_review,35,35,4769,5669,900
ELECAM-2025-CE-NYONG-ET-SO-O-MENGUEME-0034,34,CE,CENTRE,CE-NYONG-ET-SO-O,NYONG-ET-SO'O,CE-NYONG-ET-SO-O-MENGUEME,MENGUEME,ECOLE PUBLIQUE YENESSI / A,160,YENESSI,elecam-bv-2025-centre,e7f45f43af4f5287d99342df0b21853cb6ae923463331345126fc79a961816eb,needs_review,35,35,4769,5669,900
ELECAM-2025-CE-NYONG-ET-SO-O-MENGUEME-0035,35,CE,CENTRE,CE-NYONG-ET-SO-O,NYONG-ET-SO'O,CE-NYONG-ET-SO-O-MENGUEME,MENGUEME,ZOK BEFAM ECOLINE / A,265,BENEBALOT,elecam-bv-2025-centre,e7f45f43af4f5287d99342df0b21853cb6ae923463331345126fc79a961816eb,needs_review,35,35,4769,5669,900
ELECAM-2025-ES-HAUT-NYONG-ATOK-0001,1,ES,EST,ES-HAUT-NYONG,HAUT-NYONG,ES-HAUT-NYONG-ATOK,ATOK,EP AKOK MAKA / A,342,AKOK MAKA,elecam-bv-2025-est,1f1c9e6aa350f8790a428a893f45e241722d4df71c7171326cd07fee26725240,needs_review,33,33,4789,4989,200
ELECAM-2025-ES-HAUT-NYONG-ATOK-0002,2,ES,EST,ES-HAUT-NYONG,HAUT-NYONG,ES-HAUT-NYONG-ATOK,ATOK,HANGAR PUBLIC AKOK - YEBEKOLO / A,86,AKOK -YEBEKOLO,elecam-bv-2025-est,1f1c9e6aa350f8790a428a893f45e241722d4df71c7171326cd07fee26725240,needs_review,33,33,4789,4989,200
ELECAM-2025-ES-HAUT-NYONG-ATOK-0003,3,ES,EST,ES-HAUT-NYONG,HAUT-NYONG,ES-HAUT-NYONG-ATOK,ATOK,HANGAR PUBLIC ATOK - CFSO / A,75,ATOK CFSO,elecam-bv-2025-est,1f1c9e6aa350f8790a428a893f45e241722d4df71c7171326cd07fee26725240,needs_review,33,33,4789,4989,200
ELECAM-2025-ES-HAUT-NYONG-ATOK-0004,4,ES,EST,ES-HAUT-NYONG,HAUT-NYONG,ES-HAUT-NYONG-ATOK,ATOK,EP ATOK A / A,286,ATOK PALAIS A,elecam-bv-2025-est,1f1c9e6aa350f8790a428a893f45e241722d4df71c7171326cd07fee26725240,needs_review,33,33,4789,4989,200
ELECAM-2025-ES-HAUT-NYONG-ATOK-0005,5,ES,EST,ES-HAUT-NYONG,HAUT-NYONG,ES-HAUT-NYONG-ATOK,ATOK,EP ATOK B / A,286,ATOK PALAIS A,elecam-bv-2025-est,1f1c9e6aa350f8790a428a893f45e241722d4df71c7171326cd07fee26725240,needs_review,33,33,4789,4989,200
ELECAM-2025-ES-HAUT-NYONG-ATOK-0006,6,ES,EST,ES-HAUT-NYONG,HAUT-NYONG,ES-HAUT-NYONG-ATOK,ATOK,FOYER PUBLIC BENDE / A,53,BENDE,elecam-bv-2025-est,1f1c9e6aa350f8790a428a893f45e241722d4df71c7171326cd07fee26725240,needs_review,33,33,4789,4989,200
ELECAM-2025-ES-HAUT-NYONG-ATOK-0007,7,ES,EST,ES-HAUT-NYONG,HAUT-NYONG,ES-HAUT-NYONG-ATOK,ATOK,HANGAR PUBLIC BIDJIGUE 1 / A,164,BIDJIGUE,elecam-bv-2025-est,1f1c9e6aa350f8790a428a893f45e241722d4df71c7171326cd07fee26725240,needs_review,33,33,4789,4989,200
ELECAM-2025-ES-HAUT-NYONG-ATOK-0008,8,ES,EST,ES-HAUT-NYONG,HAUT-NYONG,ES-HAUT-NYONG-ATOK,ATOK,EP NKOEMETAK 2 / A,251,BIDJIGUE,elecam-bv-2025-est,1f1c9e6aa350f8790a428a893f45e241722d4df71c7171326cd07fee26725240,needs_review,33,33,4789,4989,200
ELECAM-2025-ES-HAUT-NYONG-ATOK-0009,9,ES,EST,ES-HAUT-NYONG,HAUT-NYONG,ES-HAUT-NYONG-ATOK,ATOK,EP BIGOENS / A,179,BIGOENS,elecam-bv-2025-est,1f1c9e6aa350f8790a428a893f45e241722d4df71c7171326cd07fee26725240,needs_review,33,33,4789,4989,200
ELECAM-2025-ES-HAUT-NYONG-ATOK-0010,10,ES,EST,ES-HAUT-NYONG,HAUT-NYONG,ES-HAUT-NYONG-ATOK,ATOK,HANGAR PUBLIC DJEMB / A,77,DJEMB MBAMA,elecam-bv-2025-est,1f1c9e6aa350f8790a428a893f45e241722d4df71c7171326cd07fee26725240,needs_review,33,33,4789,4989,200
ELECAM-2025-ES-HAUT-NYONG-ATOK-0011,11,ES,EST,ES-HAUT-NYONG,HAUT-NYONG,ES-HAUT-NYONG-ATOK,ATOK,EP DJOUM / A,171,DJOUM,elecam-bv-2025-est,1f1c9e6aa350f8790a428a893f45e241722d4df71c7171326cd07fee26725240,needs_review,33,33,4789,4989,200
ELECAM-2025-ES-HAUT-NYONG-ATOK-0012,12,ES,EST,ES-HAUT-NYONG,HAUT-NYONG,ES-HAUT-NYONG-ATOK,ATOK,HANGAR PUBLIC EBODENKOU / A,86,EBODENKOU,elecam-bv-2025-est,1f1c9e6aa350f8790a428a893f45e241722d4df71c7171326cd07fee26725240,needs_review,33,33,4789,4989,200
ELECAM-2025-ES-HAUT-NYONG-ATOK-0013,13,ES,EST,ES-HAUT-NYONG,HAUT-NYONG,ES-HAUT-NYONG-ATOK,ATOK,HANGAR PUBLIC EFFOULAN / A,86,EFFOULAN,elecam-bv-2025-est,1f1c9e6aa350f8790a428a893f45e241722d4df71c7171326cd07fee26725240,needs_review,33,33,4789,4989,200
ELECAM-2025-ES-HAUT-NYONG-ATOK-0014,14,ES,EST,ES-HAUT-NYONG,HAUT-NYONG,ES-HAUT-NYONG-ATOK,ATOK,HANGAR PUBLIC KODJANS / A,72,KODJANS,elecam-bv-2025-est,1f1c9e6aa350f8790a428a893f45e241722d4df71c7171326cd07fee26725240,needs_review,33,33,4789,4989,200
ELECAM-2025-ES-HAUT-NYONG-ATOK-0015,15,ES,EST,ES-HAUT-NYONG,HAUT-NYONG,ES-HAUT-NYONG-ATOK,ATOK,EP LANDA / A,100,LANDA,elecam-bv-2025-est,1f1c9e6aa350f8790a428a893f45e241722d4df71c7171326cd07fee26725240,needs_review,33,33,4789,4989,200
ELECAM-2025-ES-HAUT-NYONG-ATOK-0016,16,ES,EST,ES-HAUT-NYONG,HAUT-NYONG,ES-HAUT-NYONG-ATOK,ATOK,HANGAR PUBLIC MAKOGOU / A,101,MAKOGOU,elecam-bv-2025-est,1f1c9e6aa350f8790a428a893f45e241722d4df71c7171326cd07fee26725240,needs_review,33,33,4789,4989,200
ELECAM-2025-ES-HAUT-NYONG-ATOK-0017,17,ES,EST,ES-HAUT-NYONG,HAUT-NYONG,ES-HAUT-NYONG-ATOK,ATOK,EP MAKOK / A,208,MAKOK,elecam-bv-2025-est,1f1c9e6aa350f8790a428a893f45e241722d4df71c7171326cd07fee26725240,needs_review,33,33,4789,4989,200
ELECAM-2025-ES-HAUT-NYONG-ATOK-0018,18,ES,EST,ES-HAUT-NYONG,HAUT-NYONG,ES-HAUT-NYONG-ATOK,ATOK,HANGAR PUBLIC MAYOS BEBEND / A,135,MAYOS BEBEND,elecam-bv-2025-est,1f1c9e6aa350f8790a428a893f45e241722d4df71c7171326cd07fee26725240,needs_review,33,33,4789,4989,200
ELECAM-2025-ES-HAUT-NYONG-ATOK-0019,19,ES,EST,ES-HAUT-NYONG,HAUT-NYONG,ES-HAUT-NYONG-ATOK,ATOK,EP MIKOAGUE / A,147,MIKOAGUE,elecam-bv-2025-est,1f1c9e6aa350f8790a428a893f45e241722d4df71c7171326cd07fee26725240,needs_review,33,33,4789,4989,200
ELECAM-2025-ES-HAUT-NYONG-ATOK-0020,20,ES,EST,ES-HAUT-NYONG,HAUT-NYONG,ES-HAUT-NYONG-ATOK,ATOK,EP MPANDE MBAMA / A,152,MPANDE MBAMA,elecam-bv-2025-est,1f1c9e6aa350f8790a428a893f45e241722d4df71c7171326cd07fee26725240,needs_review,33,33,4789,4989,200
ELECAM-2025-ES-HAUT-NYONG-ATOK-0021,21,ES,EST,ES-HAUT-NYONG,HAUT-NYONG,ES-HAUT-NYONG-ATOK,ATOK,HANGAR PUBLIC NDANKUIMB / A,95,NDANKUIMB,elecam-bv-2025-est,1f1c9e6aa350f8790a428a893f45e241722d4df71c7171326cd07fee26725240,needs_review,33,33,4789,4989,200
ELECAM-2025-ES-HAUT-NYONG-ATOK-0022,22,ES,EST,ES-HAUT-NYONG,HAUT-NYONG,ES-HAUT-NYONG-ATOK,ATOK,HANGAR PUBLIC NDJINDA / A,232,NDANKUIMB,elecam-bv-2025-est,1f1c9e6aa350f8790a428a893f45e241722d4df71c7171326cd07fee26725240,needs_review,33,33,4789,4989,200
ELECAM-2025-ES-HAUT-NYONG-ATOK-0023,23,ES,EST,ES-HAUT-NYONG,HAUT-NYONG,ES-HAUT-NYONG-ATOK,ATOK,EP NGOULEMAKONG / A,97,NGOULEMAKONG,elecam-bv-2025-est,1f1c9e6aa350f8790a428a893f45e241722d4df71c7171326cd07fee26725240,needs_review,33,33,4789,4989,200
ELECAM-2025-ES-HAUT-NYONG-ATOK-0024,24,ES,EST,ES-HAUT-NYONG,HAUT-NYONG,ES-HAUT-NYONG-ATOK,ATOK,HANGAR PUBLIC NKOEMETAK 1 / A,163,NKOEMETAK,elecam-bv-2025-est,1f1c9e6aa350f8790a428a893f45e241722d4df71c7171326cd07fee26725240,needs_review,33,33,4789,4989,200
ELECAM-2025-ES-HAUT-NYONG-ATOK-0025,25,ES,EST,ES-HAUT-NYONG,HAUT-NYONG,ES-HAUT-NYONG-ATOK,ATOK,HANGAR PUBLIC NTOUMB / A,80,NTOUMB,elecam-bv-2025-est,1f1c9e6aa350f8790a428a893f45e241722d4df71c7171326cd07fee26725240,needs_review,33,33,4789,4989,200
ELECAM-2025-ES-HAUT-NYONG-ATOK-0026,26,ES,EST,ES-HAUT-NYONG,HAUT-NYONG,ES-HAUT-NYONG-ATOK,ATOK,HANGAR PUBLIC NYIMBE / A,121,NYIMBE,elecam-bv-2025-est,1f1c9e6aa350f8790a428a893f45e241722d4df71c7171326cd07fee26725240,needs_review,33,33,4789,4989,200
ELECAM-2025-ES-HAUT-NYONG-ATOK-0027,27,ES,EST,ES-HAUT-NYONG,HAUT-NYONG,ES-HAUT-NYONG-ATOK,ATOK,EP SOUOMBOU / A,189,SOUOMBOU VILLAGE,elecam-bv-2025-est,1f1c9e6aa350f8790a428a893f45e241722d4df71c7171326cd07fee26725240,needs_review,33,33,4789,4989,200
ELECAM-2025-ES-HAUT-NYONG-ATOK-0028,28,ES,EST,ES-HAUT-NYONG,HAUT-NYONG,ES-HAUT-NYONG-ATOK,ATOK,EP ZOGUELA / A,212,ZOGUELA,elecam-bv-2025-est,1f1c9e6aa350f8790a428a893f45e241722d4df71c7171326cd07fee26725240,needs_review,33,33,4789,4989,200
ELECAM-2025-ES-HAUT-NYONG-ATOK-0029,29,ES,EST,ES-HAUT-NYONG,HAUT-NYONG,ES-HAUT-NYONG-ATOK,ATOK,H P LANDA ROUTE / A,48,LANDA ROUTE,elecam-bv-2025-est,1f1c9e6aa350f8790a428a893f45e241722d4df71c7171326cd07fee26725240,needs_review,33,33,4789,4989,200
ELECAM-2025-ES-HAUT-NYONG-ATOK-0030,30,ES,EST,ES-HAUT-NYONG,HAUT-NYONG,ES-HAUT-NYONG-ATOK,ATOK,ECOLE DES INFIRMIERS / A,61,AKOK MAKA,elecam-bv-2025-est,1f1c9e6aa350f8790a428a893f45e241722d4df71c7171326cd07fee26725240,needs_review,33,33,4789,4989,200
ELECAM-2025-ES-HAUT-NYONG-ATOK-0031,31,ES,EST,ES-HAUT-NYONG,HAUT-NYONG,ES-HAUT-NYONG-ATOK,ATOK,HANGAR PUBLIQUE MAKOK / A,161,MAKOK,elecam-bv-2025-est,1f1c9e6aa350f8790a428a893f45e241722d4df71c7171326cd07fee26725240,needs_review,33,33,4789,4989,200
ELECAM-2025-ES-HAUT-NYONG-ATOK-0032,32,ES,EST,ES-HAUT-NYONG,HAUT-NYONG,ES-HAUT-NYONG-ATOK,ATOK,CES DE BIGOENS / A,100,BIGOENS,elecam-bv-2025-est,1f1c9e6aa350f8790a428a893f45e241722d4df71c7171326cd07fee26725240,needs_review,33,33,4789,4989,200
ELECAM-2025-ES-HAUT-NYONG-ATOK-0033,33,ES,EST,ES-HAUT-NYONG,HAUT-NYONG,ES-HAUT-NYONG-ATOK,ATOK,EP MBAMA / A,373,MBAMA CARREFOUR,elecam-bv-2025-est,1f1c9e6aa350f8790a428a893f45e241722d4df71c7171326cd07fee26725240,needs_review,33,33,4789,4989,200
ELECAM-2025-EN-LOGONE-ET-CHARI-WAZA-0001,1,EN,EXTREME-NORD,EN-LOGONE-ET-CHARI,LOGONE-ET-CHARI,EN-LOGONE-ET-CHARI-WAZA,WAZA,ESPLANADE GRANDE MOSQUEE D'ALAPITARI,302,ALAPITARI,elecam-bv-2025-extreme-nord,c8ee9d9bfbadd137de6b9622cc3d03768719126aa1b2156b3bd5026fa402aa3d,needs_review,44,44,8609,8809,200
ELECAM-2025-EN-LOGONE-ET-CHARI-WAZA-0002,2,EN,EXTREME-NORD,EN-LOGONE-ET-CHARI,LOGONE-ET-CHARI,EN-LOGONE-ET-CHARI-WAZA,WAZA,ECOLE PUBLIQUE D'AMTALIA / A,215,AMBASSADNA,elecam-bv-2025-extreme-nord,c8ee9d9bfbadd137de6b9622cc3d03768719126aa1b2156b3bd5026fa402aa3d,needs_review,44,44,8609,8809,200
ELECAM-2025-EN-LOGONE-ET-CHARI-WAZA-0003,3,EN,EXTREME-NORD,EN-LOGONE-ET-CHARI,LOGONE-ET-CHARI,EN-LOGONE-ET-CHARI-WAZA,WAZA,ESPLANADE MOSQUEE DE GOZONAL / A,105,AMTAKALA,elecam-bv-2025-extreme-nord,c8ee9d9bfbadd137de6b9622cc3d03768719126aa1b2156b3bd5026fa402aa3d,needs_review,44,44,8609,8809,200
ELECAM-2025-EN-LOGONE-ET-CHARI-WAZA-0004,4,EN,EXTREME-NORD,EN-LOGONE-ET-CHARI,LOGONE-ET-CHARI,EN-LOGONE-ET-CHARI-WAZA,WAZA,ESPLANADE MOSQUEE D'ARDEBE / A,156,ARDEBE,elecam-bv-2025-extreme-nord,c8ee9d9bfbadd137de6b9622cc3d03768719126aa1b2156b3bd5026fa402aa3d,needs_review,44,44,8609,8809,200
ELECAM-2025-EN-LOGONE-ET-CHARI-WAZA-0005,5,EN,EXTREME-NORD,EN-LOGONE-ET-CHARI,LOGONE-ET-CHARI,EN-LOGONE-ET-CHARI-WAZA,WAZA,ESPLANADE MOSQUEE GONI LAMBA,270,AWARAM,elecam-bv-2025-extreme-nord,c8ee9d9bfbadd137de6b9622cc3d03768719126aa1b2156b3bd5026fa402aa3d,needs_review,44,44,8609,8809,200
ELECAM-2025-EN-LOGONE-ET-CHARI-WAZA-0006,6,EN,EXTREME-NORD,EN-LOGONE-ET-CHARI,LOGONE-ET-CHARI,EN-LOGONE-ET-CHARI-WAZA,WAZA,ESPLANADE GRANDEE MOSQUE DE BAKIE / A,185,BAKIE,elecam-bv-2025-extreme-nord,c8ee9d9bfbadd137de6b9622cc3d03768719126aa1b2156b3bd5026fa402aa3d,needs_review,44,44,8609,8809,200
ELECAM-2025-EN-LOGONE-ET-CHARI-WAZA-0007,7,EN,EXTREME-NORD,EN-LOGONE-ET-CHARI,LOGONE-ET-CHARI,EN-LOGONE-ET-CHARI-WAZA,WAZA,MAGASIN DE STOCKAGE DE BAKIE / A,126,BAKIE,elecam-bv-2025-extreme-nord,c8ee9d9bfbadd137de6b9622cc3d03768719126aa1b2156b3bd5026fa402aa3d,needs_review,44,44,8609,8809,200
ELECAM-2025-EN-LOGONE-ET-CHARI-WAZA-0008,8,EN,EXTREME-NORD,EN-LOGONE-ET-CHARI,LOGONE-ET-CHARI,EN-LOGONE-ET-CHARI-WAZA,WAZA,ECOLE PUBLIQUE DE BILE 1 / A,196,BILE,elecam-bv-2025-extreme-nord,c8ee9d9bfbadd137de6b9622cc3d03768719126aa1b2156b3bd5026fa402aa3d,needs_review,44,44,8609,8809,200
ELECAM-2025-EN-LOGONE-ET-CHARI-WAZA-0009,9,EN,EXTREME-NORD,EN-LOGONE-ET-CHARI,LOGONE-ET-CHARI,EN-LOGONE-ET-CHARI-WAZA,WAZA,ESPLANADE PETITE MOSQUEE DE BILE 2 / A,289,BILE,elecam-bv-2025-extreme-nord,c8ee9d9bfbadd137de6b9622cc3d03768719126aa1b2156b3bd5026fa402aa3d,needs_review,44,44,8609,8809,200
ELECAM-2025-EN-LOGONE-ET-CHARI-WAZA-0010,10,EN,EXTREME-NORD,EN-LOGONE-ET-CHARI,LOGONE-ET-CHARI,EN-LOGONE-ET-CHARI-WAZA,WAZA,EMPLACEMENT ECOLE DE GNAM-GNAM / A,252,BLANGOU,elecam-bv-2025-extreme-nord,c8ee9d9bfbadd137de6b9622cc3d03768719126aa1b2156b3bd5026fa402aa3d,needs_review,44,44,8609,8809,200
ELECAM-2025-EN-LOGONE-ET-CHARI-WAZA-0011,11,EN,EXTREME-NORD,EN-LOGONE-ET-CHARI,LOGONE-ET-CHARI,EN-LOGONE-ET-CHARI-WAZA,WAZA,ECOLE MATERNELLE DE WAZA / A,404,BLOC RESIDENTIEL,elecam-bv-2025-extreme-nord,c8ee9d9bfbadd137de6b9622cc3d03768719126aa1b2156b3bd5026fa402aa3d,needs_review,44,44,8609,8809,200
ELECAM-2025-EN-LOGONE-ET-CHARI-WAZA-0012,12,EN,EXTREME-NORD,EN-LOGONE-ET-CHARI,LOGONE-ET-CHARI,EN-LOGONE-ET-CHARI-WAZA,WAZA,ESPLANADE MOSQUEE DE CHAOUDE / A,107,CHAOUDE,elecam-bv-2025-extreme-nord,c8ee9d9bfbadd137de6b9622cc3d03768719126aa1b2156b3bd5026fa402aa3d,needs_review,44,44,8609,8809,200
ELECAM-2025-EN-LOGONE-ET-CHARI-WAZA-0013,13,EN,EXTREME-NORD,EN-LOGONE-ET-CHARI,LOGONE-ET-CHARI,EN-LOGONE-ET-CHARI-WAZA,WAZA,ESPLANADE MOSQUEE DE ZIGUE / A,188,DOKOLA,elecam-bv-2025-extreme-nord,c8ee9d9bfbadd137de6b9622cc3d03768719126aa1b2156b3bd5026fa402aa3d,needs_review,44,44,8609,8809,200
ELECAM-2025-EN-LOGONE-ET-CHARI-WAZA-0014,14,EN,EXTREME-NORD,EN-LOGONE-ET-CHARI,LOGONE-ET-CHARI,EN-LOGONE-ET-CHARI-WAZA,WAZA,ESPLANADE MOSQUEE DE GONERI / A,126,GONERI,elecam-bv-2025-extreme-nord,c8ee9d9bfbadd137de6b9622cc3d03768719126aa1b2156b3bd5026fa402aa3d,needs_review,44,44,8609,8809,200
ELECAM-2025-EN-LOGONE-ET-CHARI-WAZA-0015,15,EN,EXTREME-NORD,EN-LOGONE-ET-CHARI,LOGONE-ET-CHARI,EN-LOGONE-ET-CHARI-WAZA,WAZA,ECOLE PUBLIQUE DE NDIGUINA / A,127,GOULADOUMA,elecam-bv-2025-extreme-nord,c8ee9d9bfbadd137de6b9622cc3d03768719126aa1b2156b3bd5026fa402aa3d,needs_review,44,44,8609,8809,200
ELECAM-2025-EN-LOGONE-ET-CHARI-WAZA-0016,16,EN,EXTREME-NORD,EN-LOGONE-ET-CHARI,LOGONE-ET-CHARI,EN-LOGONE-ET-CHARI-WAZA,WAZA,ESPLANADE MOSQUEE DE GOULOUZIVINI / A,63,GOULOUZIVINI,elecam-bv-2025-extreme-nord,c8ee9d9bfbadd137de6b9622cc3d03768719126aa1b2156b3bd5026fa402aa3d,needs_review,44,44,8609,8809,200
ELECAM-2025-EN-LOGONE-ET-CHARI-WAZA-0017,17,EN,EXTREME-NORD,EN-LOGONE-ET-CHARI,LOGONE-ET-CHARI,EN-LOGONE-ET-CHARI-WAZA,WAZA,ESPLANADE MOSQUEE DE GOURGOURO / A,163,GOURGOURO,elecam-bv-2025-extreme-nord,c8ee9d9bfbadd137de6b9622cc3d03768719126aa1b2156b3bd5026fa402aa3d,needs_review,44,44,8609,8809,200
ELECAM-2025-EN-LOGONE-ET-CHARI-WAZA-0018,18,EN,EXTREME-NORD,EN-LOGONE-ET-CHARI,LOGONE-ET-CHARI,EN-LOGONE-ET-CHARI-WAZA,WAZA,ECOLE PUBLIQUE DE MICHEDIRE / A,317,KABE,elecam-bv-2025-extreme-nord,c8ee9d9bfbadd137de6b9622cc3d03768719126aa1b2156b3bd5026fa402aa3d,needs_review,44,44,8609,8809,200
ELECAM-2025-EN-LOGONE-ET-CHARI-WAZA-0019,19,EN,EXTREME-NORD,EN-LOGONE-ET-CHARI,LOGONE-ET-CHARI,EN-LOGONE-ET-CHARI-WAZA,WAZA,ER MAGASIN DE STOCKAGE A COTE DU,104,KIDJIMATARI,elecam-bv-2025-extreme-nord,c8ee9d9bfbadd137de6b9622cc3d03768719126aa1b2156b3bd5026fa402aa3d,needs_review,44,44,8609,8809,200
ELECAM-2025-EN-LOGONE-ET-CHARI-WAZA-0020,20,EN,EXTREME-NORD,EN-LOGONE-ET-CHARI,LOGONE-ET-CHARI,EN-LOGONE-ET-CHARI-WAZA,WAZA,EME MAGASIN STOCKAGE A COTE DU,208,KIDJIMATARI,elecam-bv-2025-extreme-nord,c8ee9d9bfbadd137de6b9622cc3d03768719126aa1b2156b3bd5026fa402aa3d,needs_review,44,44,8609,8809,200
ELECAM-2025-EN-LOGONE-ET-CHARI-WAZA-0021,21,EN,EXTREME-NORD,EN-LOGONE-ET-CHARI,LOGONE-ET-CHARI,EN-LOGONE-ET-CHARI-WAZA,WAZA,ECOLE PUBLIQUE DE NGAME / A,189,KIDJIME,elecam-bv-2025-extreme-nord,c8ee9d9bfbadd137de6b9622cc3d03768719126aa1b2156b3bd5026fa402aa3d,needs_review,44,44,8609,8809,200
ELECAM-2025-EN-LOGONE-ET-CHARI-WAZA-0022,22,EN,EXTREME-NORD,EN-LOGONE-ET-CHARI,LOGONE-ET-CHARI,EN-LOGONE-ET-CHARI-WAZA,WAZA,ESPLANADE PETITE MOSQUEE DE KOUKA / A,191,KOUKA,elecam-bv-2025-extreme-nord,c8ee9d9bfbadd137de6b9622cc3d03768719126aa1b2156b3bd5026fa402aa3d,needs_review,44,44,8609,8809,200
ELECAM-2025-EN-LOGONE-ET-CHARI-WAZA-0023,23,EN,EXTREME-NORD,EN-LOGONE-ET-CHARI,LOGONE-ET-CHARI,EN-LOGONE-ET-CHARI-WAZA,WAZA,ECOLE PUBLIQUE DE NDAGA / A,86,KOULIA,elecam-bv-2025-extreme-nord,c8ee9d9bfbadd137de6b9622cc3d03768719126aa1b2156b3bd5026fa402aa3d,needs_review,44,44,8609,8809,200
ELECAM-2025-EN-LOGONE-ET-CHARI-WAZA-0024,24,EN,EXTREME-NORD,EN-LOGONE-ET-CHARI,LOGONE-ET-CHARI,EN-LOGONE-ET-CHARI-WAZA,WAZA,ESPLANADE MOSQUEE DE LAFIA / A,125,LAFIA,elecam-bv-2025-extreme-nord,c8ee9d9bfbadd137de6b9622cc3d03768719126aa1b2156b3bd5026fa402aa3d,needs_review,44,44,8609,8809,200
ELECAM-2025-EN-LOGONE-ET-CHARI-WAZA-0025,25,EN,EXTREME-NORD,EN-LOGONE-ET-CHARI,LOGONE-ET-CHARI,EN-LOGONE-ET-CHARI-WAZA,WAZA,ECOLE PUBLIQUE DE WAZA / A,334,LARISKI,elecam-bv-2025-extreme-nord,c8ee9d9bfbadd137de6b9622cc3d03768719126aa1b2156b3bd5026fa402aa3d,needs_review,44,44,8609,8809,200
ELECAM-2025-EN-LOGONE-ET-CHARI-WAZA-0026,26,EN,EXTREME-NORD,EN-LOGONE-ET-CHARI,LOGONE-ET-CHARI,EN-LOGONE-ET-CHARI-WAZA,WAZA,ECOLE PUBLIQUE DE WAZA / B,340,LARISKI,elecam-bv-2025-extreme-nord,c8ee9d9bfbadd137de6b9622cc3d03768719126aa1b2156b3bd5026fa402aa3d,needs_review,44,44,8609,8809,200
ELECAM-2025-EN-LOGONE-ET-CHARI-WAZA-0027,27,EN,EXTREME-NORD,EN-LOGONE-ET-CHARI,LOGONE-ET-CHARI,EN-LOGONE-ET-CHARI-WAZA,WAZA,ESPLANADE MOSQUEE DE LAYOUNA / A,192,LAYOUNA,elecam-bv-2025-extreme-nord,c8ee9d9bfbadd137de6b9622cc3d03768719126aa1b2156b3bd5026fa402aa3d,needs_review,44,44,8609,8809,200
ELECAM-2025-EN-LOGONE-ET-CHARI-WAZA-0028,28,EN,EXTREME-NORD,EN-LOGONE-ET-CHARI,LOGONE-ET-CHARI,EN-LOGONE-ET-CHARI-WAZA,WAZA,ECOLE PUBLIQUE DE SAMKE / A,203,MADA,elecam-bv-2025-extreme-nord,c8ee9d9bfbadd137de6b9622cc3d03768719126aa1b2156b3bd5026fa402aa3d,needs_review,44,44,8609,8809,200
ELECAM-2025-EN-LOGONE-ET-CHARI-WAZA-0029,29,EN,EXTREME-NORD,EN-LOGONE-ET-CHARI,LOGONE-ET-CHARI,EN-LOGONE-ET-CHARI-WAZA,WAZA,MAGASIN DE STOCKAGE DEMALIA / A,325,HEDITH,elecam-bv-2025-extreme-nord,c8ee9d9bfbadd137de6b9622cc3d03768719126aa1b2156b3bd5026fa402aa3d,needs_review,44,44,8609,8809,200
ELECAM-2025-EN-LOGONE-ET-CHARI-WAZA-0030,30,EN,EXTREME-NORD,EN-LOGONE-ET-CHARI,LOGONE-ET-CHARI,EN-LOGONE-ET-CHARI-WAZA,WAZA,ESPLANADE MOSQUEE DE MAMANI / A,138,MAMANI,elecam-bv-2025-extreme-nord,c8ee9d9bfbadd137de6b9622cc3d03768719126aa1b2156b3bd5026fa402aa3d,needs_review,44,44,8609,8809,200
ELECAM-2025-EN-LOGONE-ET-CHARI-WAZA-0031,31,EN,EXTREME-NORD,EN-LOGONE-ET-CHARI,LOGONE-ET-CHARI,EN-LOGONE-ET-CHARI-WAZA,WAZA,ESPLANADE MOSQUEE DE ZALZALE / A,103,MASSANGUIRMA,elecam-bv-2025-extreme-nord,c8ee9d9bfbadd137de6b9622cc3d03768719126aa1b2156b3bd5026fa402aa3d,needs_review,44,44,8609,8809,200
ELECAM-2025-EN-LOGONE-ET-CHARI-WAZA-0032,32,EN,EXTREME-NORD,EN-LOGONE-ET-CHARI,LOGONE-ET-CHARI,EN-LOGONE-ET-CHARI-WAZA,WAZA,ECOLE PUBLIQUE DE ZIGAGUE / A,373,MBANAWALY,elecam-bv-2025-extreme-nord,c8ee9d9bfbadd137de6b9622cc3d03768719126aa1b2156b3bd5026fa402aa3d,needs_review,44,44,8609,8809,200
ELECAM-2025-EN-LOGONE-ET-CHARI-WAZA-0033,33,EN,EXTREME-NORD,EN-LOGONE-ET-CHARI,LOGONE-ET-CHARI,EN-LOGONE-ET-CHARI-WAZA,WAZA,ECOLE PUBLIQUE DE ZIGAGUE / B,111,MBANAWALY,elecam-bv-2025-extreme-nord,c8ee9d9bfbadd137de6b9622cc3d03768719126aa1b2156b3bd5026fa402aa3d,needs_review,44,44,8609,8809,200
ELECAM-2025-EN-LOGONE-ET-CHARI-WAZA-0034,34,EN,EXTREME-NORD,EN-LOGONE-ET-CHARI,LOGONE-ET-CHARI,EN-LOGONE-ET-CHARI-WAZA,WAZA,ECOLE PUBLIQUE DE NDOUVOUL / A,169,MIZIGLI,elecam-bv-2025-extreme-nord,c8ee9d9bfbadd137de6b9622cc3d03768719126aa1b2156b3bd5026fa402aa3d,needs_review,44,44,8609,8809,200
ELECAM-2025-EN-LOGONE-ET-CHARI-WAZA-0035,35,EN,EXTREME-NORD,EN-LOGONE-ET-CHARI,LOGONE-ET-CHARI,EN-LOGONE-ET-CHARI-WAZA,WAZA,ESPLANADE GRANDE MOSQUEE DE,244,NDIGUINA BLAMA ABDOU,elecam-bv-2025-extreme-nord,c8ee9d9bfbadd137de6b9622cc3d03768719126aa1b2156b3bd5026fa402aa3d,needs_review,44,44,8609,8809,200
ELECAM-2025-EN-LOGONE-ET-CHARI-WAZA-0036,36,EN,EXTREME-NORD,EN-LOGONE-ET-CHARI,LOGONE-ET-CHARI,EN-LOGONE-ET-CHARI-WAZA,WAZA,ECOLE PUBLIQUE D'OULZOUME / A,232,OULZOUME,elecam-bv-2025-extreme-nord,c8ee9d9bfbadd137de6b9622cc3d03768719126aa1b2156b3bd5026fa402aa3d,needs_review,44,44,8609,8809,200
ELECAM-2025-EN-LOGONE-ET-CHARI-WAZA-0037,37,EN,EXTREME-NORD,EN-LOGONE-ET-CHARI,LOGONE-ET-CHARI,EN-LOGONE-ET-CHARI-WAZA,WAZA,ESPLANADE MOSQUEE DE SALE / A,105,SALE,elecam-bv-2025-extreme-nord,c8ee9d9bfbadd137de6b9622cc3d03768719126aa1b2156b3bd5026fa402aa3d,needs_review,44,44,8609,8809,200
ELECAM-2025-EN-LOGONE-ET-CHARI-WAZA-0038,38,EN,EXTREME-NORD,EN-LOGONE-ET-CHARI,LOGONE-ET-CHARI,EN-LOGONE-ET-CHARI-WAZA,WAZA,MAGASIN STOCKAGE DE TAGAWA 1 / A,179,TAGAWA,elecam-bv-2025-extreme-nord,c8ee9d9bfbadd137de6b9622cc3d03768719126aa1b2156b3bd5026fa402aa3d,needs_review,44,44,8609,8809,200
ELECAM-2025-EN-LOGONE-ET-CHARI-WAZA-0039,39,EN,EXTREME-NORD,EN-LOGONE-ET-CHARI,LOGONE-ET-CHARI,EN-LOGONE-ET-CHARI-WAZA,WAZA,ESPLANADE MOSQUEE DE TCHOUMKOUL 1 /,123,TCHOUMKOUL,elecam-bv-2025-extreme-nord,c8ee9d9bfbadd137de6b9622cc3d03768719126aa1b2156b3bd5026fa402aa3d,needs_review,44,44,8609,8809,200
ELECAM-2025-EN-LOGONE-ET-CHARI-WAZA-0040,40,EN,EXTREME-NORD,EN-LOGONE-ET-CHARI,LOGONE-ET-CHARI,EN-LOGONE-ET-CHARI-WAZA,WAZA,ESPLANADE MOSQUEE DE TOUKOUMAYA / A,126,TOUKOUMAYA,elecam-bv-2025-extreme-nord,c8ee9d9bfbadd137de6b9622cc3d03768719126aa1b2156b3bd5026fa402aa3d,needs_review,44,44,8609,8809,200
ELECAM-2025-EN-LOGONE-ET-CHARI-WAZA-0041,41,EN,EXTREME-NORD,EN-LOGONE-ET-CHARI,LOGONE-ET-CHARI,EN-LOGONE-ET-CHARI-WAZA,WAZA,ESPLANADE PETITE MOSQUEE DE WALASSA,335,WALASSA,elecam-bv-2025-extreme-nord,c8ee9d9bfbadd137de6b9622cc3d03768719126aa1b2156b3bd5026fa402aa3d,needs_review,44,44,8609,8809,200
ELECAM-2025-EN-LOGONE-ET-CHARI-WAZA-0042,42,EN,EXTREME-NORD,EN-LOGONE-ET-CHARI,LOGONE-ET-CHARI,EN-LOGONE-ET-CHARI-WAZA,WAZA,ATELIER FORGERON DE WAZAGAROU / A,262,WAZAGAROU,elecam-bv-2025-extreme-nord,c8ee9d9bfbadd137de6b9622cc3d03768719126aa1b2156b3bd5026fa402aa3d,needs_review,44,44,8609,8809,200
ELECAM-2025-EN-LOGONE-ET-CHARI-WAZA-0043,43,EN,EXTREME-NORD,EN-LOGONE-ET-CHARI,LOGONE-ET-CHARI,EN-LOGONE-ET-CHARI-WAZA,WAZA,ESPLANADE MOSQUEE GONI BOULE,235,WAZAGAROU,elecam-bv-2025-extreme-nord,c8ee9d9bfbadd137de6b9622cc3d03768719126aa1b2156b3bd5026fa402aa3d,needs_review,44,44,8609,8809,200
ELECAM-2025-EN-LOGONE-ET-CHARI-WAZA-0044,44,EN,EXTREME-NORD,EN-LOGONE-ET-CHARI,LOGONE-ET-CHARI,EN-LOGONE-ET-CHARI-WAZA,WAZA,ESPLANADE PETITE MOSQUEE DE,186,WAZAGAROU,elecam-bv-2025-extreme-nord,c8ee9d9bfbadd137de6b9622cc3d03768719126aa1b2156b3bd5026fa402aa3d,needs_review,44,44,8609,8809,200
ELECAM-2025-EN-MAYO-SAVA-MORA-0001,1,EN,EXTREME-NORD,EN-MAYO-SAVA,MAYO-SAVA,EN-MAYO-SAVA-MORA,MORA,HANGAR BLAMA DE MADJINA / A,230,ABA ZAGOUL,elecam-bv-2025-extreme-nord,c8ee9d9bfbadd137de6b9622cc3d03768719126aa1b2156b3bd5026fa402aa3d,needs_review,277,277,68962,69062,100
ELECAM-2025-EN-MAYO-SAVA-MORA-0002,2,EN,EXTREME-NORD,EN-MAYO-SAVA,MAYO-SAVA,EN-MAYO-SAVA-MORA,MORA,HANGAR BLAMA DE MADJINA / B,160,ABA ZAGOUL,elecam-bv-2025-extreme-nord,c8ee9d9bfbadd137de6b9622cc3d03768719126aa1b2156b3bd5026fa402aa3d,needs_review,277,277,68962,69062,100
ELECAM-2025-EN-MAYO-SAVA-MORA-0003,3,EN,EXTREME-NORD,EN-MAYO-SAVA,MAYO-SAVA,EN-MAYO-SAVA-MORA,MORA,HANGAR BLAMA DE ADAKELE MEME / A,58,ADAKELE MEME,elecam-bv-2025-extreme-nord,c8ee9d9bfbadd137de6b9622cc3d03768719126aa1b2156b3bd5026fa402aa3d,needs_review,277,277,68962,69062,100
ELECAM-2025-EN-MAYO-SAVA-MORA-0004,4,EN,EXTREME-NORD,EN-MAYO-SAVA,MAYO-SAVA,EN-MAYO-SAVA-MORA,MORA,HANGAR BLAMA DE AGZAWAYA / A,137,AGZAWAYA BLAMA,elecam-bv-2025-extreme-nord,c8ee9d9bfbadd137de6b9622cc3d03768719126aa1b2156b3bd5026fa402aa3d,needs_review,277,277,68962,69062,100
ELECAM-2025-EN-MAYO-SAVA-MORA-0005,5,EN,EXTREME-NORD,EN-MAYO-SAVA,MAYO-SAVA,EN-MAYO-SAVA-MORA,MORA,HANGAR EGLISE DE AISSA-HARDE / A,325,AISSA-HARDE CAMP,elecam-bv-2025-extreme-nord,c8ee9d9bfbadd137de6b9622cc3d03768719126aa1b2156b3bd5026fa402aa3d,needs_review,277,277,68962,69062,100
ELECAM-2025-EN-MAYO-SAVA-MORA-0006,6,EN,EXTREME-NORD,EN-MAYO-SAVA,MAYO-SAVA,EN-MAYO-SAVA-MORA,MORA,HANGAR EGLISE DE AISSA-HARDE / B,262,AISSA-HARDE CAMP,elecam-bv-2025-extreme-nord,c8ee9d9bfbadd137de6b9622cc3d03768719126aa1b2156b3bd5026fa402aa3d,needs_review,277,277,68962,69062,100
ELECAM-2025-EN-MAYO-SAVA-MORA-0007,7,EN,EXTREME-NORD,EN-MAYO-SAVA,MAYO-SAVA,EN-MAYO-SAVA-MORA,MORA,HANGAR BLAMA DE AISSA-HARDE MANDARA,305,AISSA-HARDE MANDARA,elecam-bv-2025-extreme-nord,c8ee9d9bfbadd137de6b9622cc3d03768719126aa1b2156b3bd5026fa402aa3d,needs_review,277,277,68962,69062,100
ELECAM-2025-EN-MAYO-SAVA-MORA-0008,8,EN,EXTREME-NORD,EN-MAYO-SAVA,MAYO-SAVA,EN-MAYO-SAVA-MORA,MORA,HANGAR BLAMA DE AISSA-HARDE TARMOA /,103,AISSA-HARDE TARMOA,elecam-bv-2025-extreme-nord,c8ee9d9bfbadd137de6b9622cc3d03768719126aa1b2156b3bd5026fa402aa3d,needs_review,277,277,68962,69062,100
ELECAM-2025-EN-MAYO-SAVA-MORA-0009,9,EN,EXTREME-NORD,EN-MAYO-SAVA,MAYO-SAVA,EN-MAYO-SAVA-MORA,MORA,ECOLE PUBLIQUE DE AISSA-HARDE / A,249,AISSA-HARDE WASSILI,elecam-bv-2025-extreme-nord,c8ee9d9bfbadd137de6b9622cc3d03768719126aa1b2156b3bd5026fa402aa3d,needs_review,277,277,68962,69062,100
ELECAM-2025-EN-MAYO-SAVA-MORA-0010,10,EN,EXTREME-NORD,EN-MAYO-SAVA,MAYO-SAVA,EN-MAYO-SAVA-MORA,MORA,HANGAR EGLISE DE AMTCHALI / A,422,AMTCHALI,elecam-bv-2025-extreme-nord,c8ee9d9bfbadd137de6b9622cc3d03768719126aa1b2156b3bd5026fa402aa3d,needs_review,277,277,68962,69062,100
ELECAM-2025-EN-MAYO-SAVA-MORA-0011,11,EN,EXTREME-NORD,EN-MAYO-SAVA,MAYO-SAVA,EN-MAYO-SAVA-MORA,MORA,CASERNE MILITAIRE DE MORA / A,240,AMTCHALI CASERNE,elecam-bv-2025-extreme-nord,c8ee9d9bfbadd137de6b9622cc3d03768719126aa1b2156b3bd5026fa402aa3d,needs_review,277,277,68962,69062,100
ELECAM-2025-EN-MAYO-SAVA-MORA-0012,12,EN,EXTREME-NORD,EN-MAYO-SAVA,MAYO-SAVA,EN-MAYO-SAVA-MORA,MORA,CASERNE MILITAIRE DE MORA / B,173,AMTCHALI CASERNE,elecam-bv-2025-extreme-nord,c8ee9d9bfbadd137de6b9622cc3d03768719126aa1b2156b3bd5026fa402aa3d,needs_review,277,277,68962,69062,100
ELECAM-2025-EN-MAYO-SAVA-MORA-0013,13,EN,EXTREME-NORD,EN-MAYO-SAVA,MAYO-SAVA,EN-MAYO-SAVA-MORA,MORA,LYCEE DE MORA / A,392,AMTCHALI FIKE,elecam-bv-2025-extreme-nord,c8ee9d9bfbadd137de6b9622cc3d03768719126aa1b2156b3bd5026fa402aa3d,needs_review,277,277,68962,69062,100
ELECAM-2025-EN-MAYO-SAVA-MORA-0014,14,EN,EXTREME-NORD,EN-MAYO-SAVA,MAYO-SAVA,EN-MAYO-SAVA-MORA,MORA,LYCEE DE MORA / B,361,AMTCHALI FIKE,elecam-bv-2025-extreme-nord,c8ee9d9bfbadd137de6b9622cc3d03768719126aa1b2156b3bd5026fa402aa3d,needs_review,277,277,68962,69062,100
ELECAM-2025-EN-MAYO-SAVA-MORA-0015,15,EN,EXTREME-NORD,EN-MAYO-SAVA,MAYO-SAVA,EN-MAYO-SAVA-MORA,MORA,LYCEE DE MORA / C,328,AMTCHALI FIKE,elecam-bv-2025-extreme-nord,c8ee9d9bfbadd137de6b9622cc3d03768719126aa1b2156b3bd5026fa402aa3d,needs_review,277,277,68962,69062,100
ELECAM-2025-EN-MAYO-SAVA-MORA-0016,16,EN,EXTREME-NORD,EN-MAYO-SAVA,MAYO-SAVA,EN-MAYO-SAVA-MORA,MORA,LYCEE DE MORA / D,280,AMTCHALI FIKE,elecam-bv-2025-extreme-nord,c8ee9d9bfbadd137de6b9622cc3d03768719126aa1b2156b3bd5026fa402aa3d,needs_review,277,277,68962,69062,100
ELECAM-2025-EN-MAYO-SAVA-MORA-0017,17,EN,EXTREME-NORD,EN-MAYO-SAVA,MAYO-SAVA,EN-MAYO-SAVA-MORA,MORA,LYCEE DE MORA / E,318,AMTCHALI FIKE,elecam-bv-2025-extreme-nord,c8ee9d9bfbadd137de6b9622cc3d03768719126aa1b2156b3bd5026fa402aa3d,needs_review,277,277,68962,69062,100
ELECAM-2025-EN-MAYO-SAVA-MORA-0018,18,EN,EXTREME-NORD,EN-MAYO-SAVA,MAYO-SAVA,EN-MAYO-SAVA-MORA,MORA,HANGAR BLAMA DE ARDORI / A,169,ARDORI,elecam-bv-2025-extreme-nord,c8ee9d9bfbadd137de6b9622cc3d03768719126aa1b2156b3bd5026fa402aa3d,needs_review,277,277,68962,69062,100
ELECAM-2025-EN-MAYO-SAVA-MORA-0019,19,EN,EXTREME-NORD,EN-MAYO-SAVA,MAYO-SAVA,EN-MAYO-SAVA-MORA,MORA,HANGAR BLAMA DE BLANGOUARE / A,253,AYURI,elecam-bv-2025-extreme-nord,c8ee9d9bfbadd137de6b9622cc3d03768719126aa1b2156b3bd5026fa402aa3d,needs_review,277,277,68962,69062,100
ELECAM-2025-EN-MAYO-SAVA-MORA-0020,20,EN,EXTREME-NORD,EN-MAYO-SAVA,MAYO-SAVA,EN-MAYO-SAVA-MORA,MORA,HANGAR BLAMA DE BLANGOUARE / B,117,AYURI,elecam-bv-2025-extreme-nord,c8ee9d9bfbadd137de6b9622cc3d03768719126aa1b2156b3bd5026fa402aa3d,needs_review,277,277,68962,69062,100
ELECAM-2025-EN-MAYO-SAVA-MORA-0021,21,EN,EXTREME-NORD,EN-MAYO-SAVA,MAYO-SAVA,EN-MAYO-SAVA-MORA,MORA,HANGAR BLAMA DE BADI / A,118,BADI,elecam-bv-2025-extreme-nord,c8ee9d9bfbadd137de6b9622cc3d03768719126aa1b2156b3bd5026fa402aa3d,needs_review,277,277,68962,69062,100
ELECAM-2025-EN-MAYO-SAVA-MORA-0022,22,EN,EXTREME-NORD,EN-MAYO-SAVA,MAYO-SAVA,EN-MAYO-SAVA-MORA,MORA,HANGAR BLAMA DE MOGOGNE / A,280,BALA PLATA,elecam-bv-2025-extreme-nord,c8ee9d9bfbadd137de6b9622cc3d03768719126aa1b2156b3bd5026fa402aa3d,needs_review,277,277,68962,69062,100
ELECAM-2025-EN-MAYO-SAVA-MORA-0023,23,EN,EXTREME-NORD,EN-MAYO-SAVA,MAYO-SAVA,EN-MAYO-SAVA-MORA,MORA,HANGAR BLAMA DE MOGOGNE / B,177,BALA PLATA,elecam-bv-2025-extreme-nord,c8ee9d9bfbadd137de6b9622cc3d03768719126aa1b2156b3bd5026fa402aa3d,needs_review,277,277,68962,69062,100
ELECAM-2025-EN-MAYO-SAVA-MORA-0024,24,EN,EXTREME-NORD,EN-MAYO-SAVA,MAYO-SAVA,EN-MAYO-SAVA-MORA,MORA,HANGAR BLAMA DE BANKI-WANDALA / A,318,BANKI-WANDALA,elecam-bv-2025-extreme-nord,c8ee9d9bfbadd137de6b9622cc3d03768719126aa1b2156b3bd5026fa402aa3d,needs_review,277,277,68962,69062,100
ELECAM-2025-EN-MAYO-SAVA-MORA-0025,25,EN,EXTREME-NORD,EN-MAYO-SAVA,MAYO-SAVA,EN-MAYO-SAVA-MORA,MORA,HANGAR BLAMA DE BANKI-WANDALA / B,341,BANKI-WANDALA,elecam-bv-2025-extreme-nord,c8ee9d9bfbadd137de6b9622cc3d03768719126aa1b2156b3bd5026fa402aa3d,needs_review,277,277,68962,69062,100
ELECAM-2025-EN-MAYO-SAVA-MORA-0026,26,EN,EXTREME-NORD,EN-MAYO-SAVA,MAYO-SAVA,EN-MAYO-SAVA-MORA,MORA,HANGAR BLAMA DE BANKI-WANDALA / C,349,BANKI-WANDALA,elecam-bv-2025-extreme-nord,c8ee9d9bfbadd137de6b9622cc3d03768719126aa1b2156b3bd5026fa402aa3d,needs_review,277,277,68962,69062,100
ELECAM-2025-EN-MAYO-SAVA-MORA-0027,27,EN,EXTREME-NORD,EN-MAYO-SAVA,MAYO-SAVA,EN-MAYO-SAVA-MORA,MORA,ECOLE PUBLIQUE DE BLABLINE-DOULO / A,228,BLABLINE DOULO,elecam-bv-2025-extreme-nord,c8ee9d9bfbadd137de6b9622cc3d03768719126aa1b2156b3bd5026fa402aa3d,needs_review,277,277,68962,69062,100
ELECAM-2025-EN-MAYO-SAVA-MORA-0028,28,EN,EXTREME-NORD,EN-MAYO-SAVA,MAYO-SAVA,EN-MAYO-SAVA-MORA,MORA,GRENIER COMMUNAUTAIRE DE,55,BLABLINE DOULO,elecam-bv-2025-extreme-nord,c8ee9d9bfbadd137de6b9622cc3d03768719126aa1b2156b3bd5026fa402aa3d,needs_review,277,277,68962,69062,100
ELECAM-2025-EN-MAYO-SAVA-MORA-0029,29,EN,EXTREME-NORD,EN-MAYO-SAVA,MAYO-SAVA,EN-MAYO-SAVA-MORA,MORA,HANGAR BLAMA DE BLAKAFE / A,96,BLAKAFE,elecam-bv-2025-extreme-nord,c8ee9d9bfbadd137de6b9622cc3d03768719126aa1b2156b3bd5026fa402aa3d,needs_review,277,277,68962,69062,100
ELECAM-2025-EN-MAYO-SAVA-MORA-0030,30,EN,EXTREME-NORD,EN-MAYO-SAVA,MAYO-SAVA,EN-MAYO-SAVA-MORA,MORA,HANGAR BLAMA DE BLAMADERI / A,237,BLAMADERI,elecam-bv-2025-extreme-nord,c8ee9d9bfbadd137de6b9622cc3d03768719126aa1b2156b3bd5026fa402aa3d,needs_review,277,277,68962,69062,100
ELECAM-2025-EN-MAYO-SAVA-MORA-0031,31,EN,EXTREME-NORD,EN-MAYO-SAVA,MAYO-SAVA,EN-MAYO-SAVA-MORA,MORA,HANGAR BLAMA DE BOUDOUA-RAMAT / A,301,BOUDOUA BLAMA BOUKAR,elecam-bv-2025-extreme-nord,c8ee9d9bfbadd137de6b9622cc3d03768719126aa1b2156b3bd5026fa402aa3d,needs_review,277,277,68962,69062,100
ELECAM-2025-EN-MAYO-SAVA-MORA-0032,32,EN,EXTREME-NORD,EN-MAYO-SAVA,MAYO-SAVA,EN-MAYO-SAVA-MORA,MORA,HANGAR BLAMA DE BOUDOUA-RAMAT / B,204,BOUDOUA BLAMA BOUKAR,elecam-bv-2025-extreme-nord,c8ee9d9bfbadd137de6b9622cc3d03768719126aa1b2156b3bd5026fa402aa3d,needs_review,277,277,68962,69062,100
ELECAM-2025-EN-MAYO-SAVA-MORA-0033,33,EN,EXTREME-NORD,EN-MAYO-SAVA,MAYO-SAVA,EN-MAYO-SAVA-MORA,MORA,DISPENSAIRE DE BOUNDERI / A,147,BOUNDERI BRIGADE,elecam-bv-2025-extreme-nord,c8ee9d9bfbadd137de6b9622cc3d03768719126aa1b2156b3bd5026fa402aa3d,needs_review,277,277,68962,69062,100
ELECAM-2025-EN-MAYO-SAVA-MORA-0034,34,EN,EXTREME-NORD,EN-MAYO-SAVA,MAYO-SAVA,EN-MAYO-SAVA-MORA,MORA,ECOLE PUBLIQUE DE BOUNDERI / A,274,BOUNDERI CENTRE,elecam-bv-2025-extreme-nord,c8ee9d9bfbadd137de6b9622cc3d03768719126aa1b2156b3bd5026fa402aa3d,needs_review,277,277,68962,69062,100
ELECAM-2025-EN-MAYO-SAVA-MORA-0035,35,EN,EXTREME-NORD,EN-MAYO-SAVA,MAYO-SAVA,EN-MAYO-SAVA-MORA,MORA,COMMISSARIAT SPECIAL DE MORA / A,192,BRIGADE GENDARMERIE,elecam-bv-2025-extreme-nord,c8ee9d9bfbadd137de6b9622cc3d03768719126aa1b2156b3bd5026fa402aa3d,needs_review,277,277,68962,69062,100
ELECAM-2025-EN-MAYO-SAVA-MORA-0036,36,EN,EXTREME-NORD,EN-MAYO-SAVA,MAYO-SAVA,EN-MAYO-SAVA-MORA,MORA,HANGAR BLAMA DE DADALA / A,254,DADALA,elecam-bv-2025-extreme-nord,c8ee9d9bfbadd137de6b9622cc3d03768719126aa1b2156b3bd5026fa402aa3d,needs_review,277,277,68962,69062,100
ELECAM-2025-EN-MAYO-SAVA-MORA-0037,37,EN,EXTREME-NORD,EN-MAYO-SAVA,MAYO-SAVA,EN-MAYO-SAVA-MORA,MORA,HANGAR BLAMA DE DARGALA MEME / A,316,DARGALA MEME,elecam-bv-2025-extreme-nord,c8ee9d9bfbadd137de6b9622cc3d03768719126aa1b2156b3bd5026fa402aa3d,needs_review,277,277,68962,69062,100
ELECAM-2025-EN-MAYO-SAVA-MORA-0038,38,EN,EXTREME-NORD,EN-MAYO-SAVA,MAYO-SAVA,EN-MAYO-SAVA-MORA,MORA,HANGAR BLAMA DE DJAKANA / A,348,DJAKANA,elecam-bv-2025-extreme-nord,c8ee9d9bfbadd137de6b9622cc3d03768719126aa1b2156b3bd5026fa402aa3d,needs_review,277,277,68962,69062,100
ELECAM-2025-EN-MAYO-SAVA-MORA-0039,39,EN,EXTREME-NORD,EN-MAYO-SAVA,MAYO-SAVA,EN-MAYO-SAVA-MORA,MORA,HANGAR BLAMA DE DJAKANA / B,337,DJAKANA,elecam-bv-2025-extreme-nord,c8ee9d9bfbadd137de6b9622cc3d03768719126aa1b2156b3bd5026fa402aa3d,needs_review,277,277,68962,69062,100
ELECAM-2025-EN-MAYO-SAVA-MORA-0040,40,EN,EXTREME-NORD,EN-MAYO-SAVA,MAYO-SAVA,EN-MAYO-SAVA-MORA,MORA,HANGAR BLAMA DE DJAKARA-GOLEDJE / A,386,DJAKARA-GOLEDJE,elecam-bv-2025-extreme-nord,c8ee9d9bfbadd137de6b9622cc3d03768719126aa1b2156b3bd5026fa402aa3d,needs_review,277,277,68962,69062,100
ELECAM-2025-EN-MAYO-SAVA-MORA-0041,41,EN,EXTREME-NORD,EN-MAYO-SAVA,MAYO-SAVA,EN-MAYO-SAVA-MORA,MORA,HANGAR BLAMA DE DJAKARA-GOLEDJE / B,28,DJAKARA-GOLEDJE,elecam-bv-2025-extreme-nord,c8ee9d9bfbadd137de6b9622cc3d03768719126aa1b2156b3bd5026fa402aa3d,needs_review,277,277,68962,69062,100
ELECAM-2025-EN-MAYO-SAVA-MORA-0042,42,EN,EXTREME-NORD,EN-MAYO-SAVA,MAYO-SAVA,EN-MAYO-SAVA-MORA,MORA,HANGAR MOSQUEE DE DJAMPALA / A,138,DJAMPALA-DJOUNDE,elecam-bv-2025-extreme-nord,c8ee9d9bfbadd137de6b9622cc3d03768719126aa1b2156b3bd5026fa402aa3d,needs_review,277,277,68962,69062,100
ELECAM-2025-EN-MAYO-SAVA-MORA-0043,43,EN,EXTREME-NORD,EN-MAYO-SAVA,MAYO-SAVA,EN-MAYO-SAVA-MORA,MORA,ECOLE MATERNELLE DE DJARME / A,328,DJABIRE,elecam-bv-2025-extreme-nord,c8ee9d9bfbadd137de6b9622cc3d03768719126aa1b2156b3bd5026fa402aa3d,needs_review,277,277,68962,69062,100
ELECAM-2025-EN-MAYO-SAVA-MORA-0044,44,EN,EXTREME-NORD,EN-MAYO-SAVA,MAYO-SAVA,EN-MAYO-SAVA-MORA,MORA,ECOLE MATERNELLE DE DJARME / B,308,DJABIRE,elecam-bv-2025-extreme-nord,c8ee9d9bfbadd137de6b9622cc3d03768719126aa1b2156b3bd5026fa402aa3d,needs_review,277,277,68962,69062,100
ELECAM-2025-EN-MAYO-SAVA-MORA-0045,45,EN,EXTREME-NORD,EN-MAYO-SAVA,MAYO-SAVA,EN-MAYO-SAVA-MORA,MORA,HANGAR BLAMA DE DJILDA / A,246,DJILDA,elecam-bv-2025-extreme-nord,c8ee9d9bfbadd137de6b9622cc3d03768719126aa1b2156b3bd5026fa402aa3d,needs_review,277,277,68962,69062,100
ELECAM-2025-EN-MAYO-SAVA-MORA-0046,46,EN,EXTREME-NORD,EN-MAYO-SAVA,MAYO-SAVA,EN-MAYO-SAVA-MORA,MORA,HANGAR CHEFFERIE DE DJOUNDE / A,400,DJOUNDE CENTRE,elecam-bv-2025-extreme-nord,c8ee9d9bfbadd137de6b9622cc3d03768719126aa1b2156b3bd5026fa402aa3d,needs_review,277,277,68962,69062,100
ELECAM-2025-EN-MAYO-SAVA-MORA-0047,47,EN,EXTREME-NORD,EN-MAYO-SAVA,MAYO-SAVA,EN-MAYO-SAVA-MORA,MORA,HANGAR CHEFFERIE DE DJOUNDE / B,101,DJOUNDE CENTRE,elecam-bv-2025-extreme-nord,c8ee9d9bfbadd137de6b9622cc3d03768719126aa1b2156b3bd5026fa402aa3d,needs_review,277,277,68962,69062,100
ELECAM-2025-EN-MAYO-SAVA-MORA-0048,48,EN,EXTREME-NORD,EN-MAYO-SAVA,MAYO-SAVA,EN-MAYO-SAVA-MORA,MORA,ECOLE PUBLIQUE DE DJOUNDE / A,252,DJOUNDE ECOLE,elecam-bv-2025-extreme-nord,c8ee9d9bfbadd137de6b9622cc3d03768719126aa1b2156b3bd5026fa402aa3d,needs_review,277,277,68962,69062,100
ELECAM-2025-EN-MAYO-SAVA-MORA-0049,49,EN,EXTREME-NORD,EN-MAYO-SAVA,MAYO-SAVA,EN-MAYO-SAVA-MORA,MORA,ECOLE PUBLIQUE DE MEME / A,361,DOMAYO MEME,elecam-bv-2025-extreme-nord,c8ee9d9bfbadd137de6b9622cc3d03768719126aa1b2156b3bd5026fa402aa3d,needs_review,277,277,68962,69062,100
ELECAM-2025-EN-MAYO-SAVA-MORA-0050,50,EN,EXTREME-NORD,EN-MAYO-SAVA,MAYO-SAVA,EN-MAYO-SAVA-MORA,MORA,ECOLE PUBLIQUE DE MEME / B,331,DOMAYO MEME,elecam-bv-2025-extreme-nord,c8ee9d9bfbadd137de6b9622cc3d03768719126aa1b2156b3bd5026fa402aa3d,needs_review,277,277,68962,69062,100
ELECAM-2025-EN-MAYO-SAVA-MORA-0051,51,EN,EXTREME-NORD,EN-MAYO-SAVA,MAYO-SAVA,EN-MAYO-SAVA-MORA,MORA,ECOLE PUBLIQUE DE DOUBLE / A,435,DOUBLE CENTRE,elecam-bv-2025-extreme-nord,c8ee9d9bfbadd137de6b9622cc3d03768719126aa1b2156b3bd5026fa402aa3d,needs_review,277,277,68962,69062,100
ELECAM-2025-EN-MAYO-SAVA-MORA-0052,52,EN,EXTREME-NORD,EN-MAYO-SAVA,MAYO-SAVA,EN-MAYO-SAVA-MORA,MORA,ECOLE PUBLIQUE DE DOUBLE / B,438,DOUBLE CENTRE,elecam-bv-2025-extreme-nord,c8ee9d9bfbadd137de6b9622cc3d03768719126aa1b2156b3bd5026fa402aa3d,needs_review,277,277,68962,69062,100
ELECAM-2025-EN-MAYO-SAVA-MORA-0053,53,EN,EXTREME-NORD,EN-MAYO-SAVA,MAYO-SAVA,EN-MAYO-SAVA-MORA,MORA,ECOLE PUBLIQUE DE DOUBLE / C,87,DOUBLE CENTRE,elecam-bv-2025-extreme-nord,c8ee9d9bfbadd137de6b9622cc3d03768719126aa1b2156b3bd5026fa402aa3d,needs_review,277,277,68962,69062,100
ELECAM-2025-EN-MAYO-SAVA-MORA-0054,54,EN,EXTREME-NORD,EN-MAYO-SAVA,MAYO-SAVA,EN-MAYO-SAVA-MORA,MORA,HANGAR CHEFFERIE DE DOULO / A,323,DOULO CENTRE,elecam-bv-2025-extreme-nord,c8ee9d9bfbadd137de6b9622cc3d03768719126aa1b2156b3bd5026fa402aa3d,needs_review,277,277,68962,69062,100
ELECAM-2025-EN-MAYO-SAVA-MORA-0055,55,EN,EXTREME-NORD,EN-MAYO-SAVA,MAYO-SAVA,EN-MAYO-SAVA-MORA,MORA,HANGAR CHEFFERIE DE DOULO / B,122,DOULO CENTRE,elecam-bv-2025-extreme-nord,c8ee9d9bfbadd137de6b9622cc3d03768719126aa1b2156b3bd5026fa402aa3d,needs_review,277,277,68962,69062,100
ELECAM-2025-EN-MAYO-SAVA-MORA-0056,56,EN,EXTREME-NORD,EN-MAYO-SAVA,MAYO-SAVA,EN-MAYO-SAVA-MORA,MORA,ECOLE PUBLIQUE DE DOULO / A,334,DOULO ECOLE,elecam-bv-2025-extreme-nord,c8ee9d9bfbadd137de6b9622cc3d03768719126aa1b2156b3bd5026fa402aa3d,needs_review,277,277,68962,69062,100
ELECAM-2025-EN-MAYO-SAVA-MORA-0057,57,EN,EXTREME-NORD,EN-MAYO-SAVA,MAYO-SAVA,EN-MAYO-SAVA-MORA,MORA,ECOLE PUBLIQUE DE DOULO / B,48,DOULO ECOLE,elecam-bv-2025-extreme-nord,c8ee9d9bfbadd137de6b9622cc3d03768719126aa1b2156b3bd5026fa402aa3d,needs_review,277,277,68962,69062,100
ELECAM-2025-EN-MAYO-SAVA-MORA-0058,58,EN,EXTREME-NORD,EN-MAYO-SAVA,MAYO-SAVA,EN-MAYO-SAVA-MORA,MORA,HANGAR BLAMA DE DOUME 1 / A,363,DOUME,elecam-bv-2025-extreme-nord,c8ee9d9bfbadd137de6b9622cc3d03768719126aa1b2156b3bd5026fa402aa3d,needs_review,277,277,68962,69062,100
ELECAM-2025-EN-MAYO-SAVA-MORA-0059,59,EN,EXTREME-NORD,EN-MAYO-SAVA,MAYO-SAVA,EN-MAYO-SAVA-MORA,MORA,HANGAR EGLISE DE DOUME 2 / A,188,DOUME,elecam-bv-2025-extreme-nord,c8ee9d9bfbadd137de6b9622cc3d03768719126aa1b2156b3bd5026fa402aa3d,needs_review,277,277,68962,69062,100
ELECAM-2025-EN-MAYO-SAVA-MORA-0060,60,EN,EXTREME-NORD,EN-MAYO-SAVA,MAYO-SAVA,EN-MAYO-SAVA-MORA,MORA,HANGAR BLAMA DE DZONDZONGOUA / A,167,DZONDZONGOUA,elecam-bv-2025-extreme-nord,c8ee9d9bfbadd137de6b9622cc3d03768719126aa1b2156b3bd5026fa402aa3d,needs_review,277,277,68962,69062,100
ELECAM-2025-EN-MAYO-SAVA-MORA-0061,61,EN,EXTREME-NORD,EN-MAYO-SAVA,MAYO-SAVA,EN-MAYO-SAVA-MORA,MORA,HANGAR BLAMA DE GABAGUE / A,272,GABAGUE,elecam-bv-2025-extreme-nord,c8ee9d9bfbadd137de6b9622cc3d03768719126aa1b2156b3bd5026fa402aa3d,needs_review,277,277,68962,69062,100
ELECAM-2025-EN-MAYO-SAVA-MORA-0062,62,EN,EXTREME-NORD,EN-MAYO-SAVA,MAYO-SAVA,EN-MAYO-SAVA-MORA,MORA,HANGAR BLAMA DE GABAGUE / B,183,GABAGUE,elecam-bv-2025-extreme-nord,c8ee9d9bfbadd137de6b9622cc3d03768719126aa1b2156b3bd5026fa402aa3d,needs_review,277,277,68962,69062,100
ELECAM-2025-EN-MAYO-SAVA-MORA-0063,63,EN,EXTREME-NORD,EN-MAYO-SAVA,MAYO-SAVA,EN-MAYO-SAVA-MORA,MORA,ECOLE PUBLIQUE DE GAGADAMA / A,262,GAGADAMA,elecam-bv-2025-extreme-nord,c8ee9d9bfbadd137de6b9622cc3d03768719126aa1b2156b3bd5026fa402aa3d,needs_review,277,277,68962,69062,100
ELECAM-2025-EN-MAYO-SAVA-MORA-0064,64,EN,EXTREME-NORD,EN-MAYO-SAVA,MAYO-SAVA,EN-MAYO-SAVA-MORA,MORA,HANGAR BLAMA DE GAIGOLAM / A,210,GAIGOLAM,elecam-bv-2025-extreme-nord,c8ee9d9bfbadd137de6b9622cc3d03768719126aa1b2156b3bd5026fa402aa3d,needs_review,277,277,68962,69062,100
ELECAM-2025-EN-MAYO-SAVA-MORA-0065,65,EN,EXTREME-NORD,EN-MAYO-SAVA,MAYO-SAVA,EN-MAYO-SAVA-MORA,MORA,HANGAR BLAMA DE GAIZANG / A,419,GAIZANG,elecam-bv-2025-extreme-nord,c8ee9d9bfbadd137de6b9622cc3d03768719126aa1b2156b3bd5026fa402aa3d,needs_review,277,277,68962,69062,100
ELECAM-2025-EN-MAYO-SAVA-MORA-0066,66,EN,EXTREME-NORD,EN-MAYO-SAVA,MAYO-SAVA,EN-MAYO-SAVA-MORA,MORA,HANGAR BLAMA DE GAIZANG-KASSAYO / A,169,GAIZANG-KASSAYO,elecam-bv-2025-extreme-nord,c8ee9d9bfbadd137de6b9622cc3d03768719126aa1b2156b3bd5026fa402aa3d,needs_review,277,277,68962,69062,100
ELECAM-2025-EN-MAYO-SAVA-MORA-0067,67,EN,EXTREME-NORD,EN-MAYO-SAVA,MAYO-SAVA,EN-MAYO-SAVA-MORA,MORA,HANGAR BLAMA DE GALBI / A,154,GALBI,elecam-bv-2025-extreme-nord,c8ee9d9bfbadd137de6b9622cc3d03768719126aa1b2156b3bd5026fa402aa3d,needs_review,277,277,68962,69062,100
ELECAM-2025-EN-MAYO-SAVA-MORA-0068,68,EN,EXTREME-NORD,EN-MAYO-SAVA,MAYO-SAVA,EN-MAYO-SAVA-MORA,MORA,HANGAR BLAMA DE GAMBAROU / A,194,GAMBAROU,elecam-bv-2025-extreme-nord,c8ee9d9bfbadd137de6b9622cc3d03768719126aa1b2156b3bd5026fa402aa3d,needs_review,277,277,68962,69062,100
ELECAM-2025-EN-MAYO-SAVA-MORA-0069,69,EN,EXTREME-NORD,EN-MAYO-SAVA,MAYO-SAVA,EN-MAYO-SAVA-MORA,MORA,HANAGAR BLAMA DE GANAI DOULO / A,233,GANAI DOULO,elecam-bv-2025-extreme-nord,c8ee9d9bfbadd137de6b9622cc3d03768719126aa1b2156b3bd5026fa402aa3d,needs_review,277,277,68962,69062,100
ELECAM-2025-EN-MAYO-SAVA-MORA-0070,70,EN,EXTREME-NORD,EN-MAYO-SAVA,MAYO-SAVA,EN-MAYO-SAVA-MORA,MORA,HANGAR BLAMA DE GANCE MANAWATCHI / A,273,GANCE MANAWATCHI,elecam-bv-2025-extreme-nord,c8ee9d9bfbadd137de6b9622cc3d03768719126aa1b2156b3bd5026fa402aa3d,needs_review,277,277,68962,69062,100
ELECAM-2025-EN-MAYO-SAVA-MORA-0071,71,EN,EXTREME-NORD,EN-MAYO-SAVA,MAYO-SAVA,EN-MAYO-SAVA-MORA,MORA,HANGAR BLAMA DE GARNACK / A,75,GARNACK,elecam-bv-2025-extreme-nord,c8ee9d9bfbadd137de6b9622cc3d03768719126aa1b2156b3bd5026fa402aa3d,needs_review,277,277,68962,69062,100
ELECAM-2025-EN-MAYO-SAVA-MORA-0072,72,EN,EXTREME-NORD,EN-MAYO-SAVA,MAYO-SAVA,EN-MAYO-SAVA-MORA,MORA,HANGAR BLAMA DE GILVE DJAMARE / A,195,GILVE DJAMARE,elecam-bv-2025-extreme-nord,c8ee9d9bfbadd137de6b9622cc3d03768719126aa1b2156b3bd5026fa402aa3d,needs_review,277,277,68962,69062,100
ELECAM-2025-EN-MAYO-SAVA-MORA-0073,73,EN,EXTREME-NORD,EN-MAYO-SAVA,MAYO-SAVA,EN-MAYO-SAVA-MORA,MORA,HANGAR BLAMA DE GILVE WANDALA / A,249,GILVE WANDALA,elecam-bv-2025-extreme-nord,c8ee9d9bfbadd137de6b9622cc3d03768719126aa1b2156b3bd5026fa402aa3d,needs_review,277,277,68962,69062,100
ELECAM-2025-EN-MAYO-SAVA-MORA-0074,74,EN,EXTREME-NORD,EN-MAYO-SAVA,MAYO-SAVA,EN-MAYO-SAVA-MORA,MORA,HANGAR BLAMA DE GODIGONG MARCHE / A,452,GODIGONG MARCHE,elecam-bv-2025-extreme-nord,c8ee9d9bfbadd137de6b9622cc3d03768719126aa1b2156b3bd5026fa402aa3d,needs_review,277,277,68962,69062,100
ELECAM-2025-EN-MAYO-SAVA-MORA-0075,75,EN,EXTREME-NORD,EN-MAYO-SAVA,MAYO-SAVA,EN-MAYO-SAVA-MORA,MORA,HANGAR BLAMA DE GODIGONG MARCHE / B,189,GODIGONG MARCHE,elecam-bv-2025-extreme-nord,c8ee9d9bfbadd137de6b9622cc3d03768719126aa1b2156b3bd5026fa402aa3d,needs_review,277,277,68962,69062,100
ELECAM-2025-EN-MAYO-SAVA-MORA-0076,76,EN,EXTREME-NORD,EN-MAYO-SAVA,MAYO-SAVA,EN-MAYO-SAVA-MORA,MORA,HANGAR BLAMA DE GOGO / A,180,GOGO BLAMA,elecam-bv-2025-extreme-nord,c8ee9d9bfbadd137de6b9622cc3d03768719126aa1b2156b3bd5026fa402aa3d,needs_review,277,277,68962,69062,100
ELECAM-2025-EN-MAYO-SAVA-MORA-0077,77,EN,EXTREME-NORD,EN-MAYO-SAVA,MAYO-SAVA,EN-MAYO-SAVA-MORA,MORA,HANGAR BLAMA DE GOLDA 1 / A,385,GOLDA 1 MAKDAF,elecam-bv-2025-extreme-nord,c8ee9d9bfbadd137de6b9622cc3d03768719126aa1b2156b3bd5026fa402aa3d,needs_review,277,277,68962,69062,100
ELECAM-2025-EN-MAYO-SAVA-MORA-0078,78,EN,EXTREME-NORD,EN-MAYO-SAVA,MAYO-SAVA,EN-MAYO-SAVA-MORA,MORA,HANGAR BLAMA DE GOLDA 1 / B,76,GOLDA 1 MAKDAF,elecam-bv-2025-extreme-nord,c8ee9d9bfbadd137de6b9622cc3d03768719126aa1b2156b3bd5026fa402aa3d,needs_review,277,277,68962,69062,100
ELECAM-2025-EN-MAYO-SAVA-MORA-0079,79,EN,EXTREME-NORD,EN-MAYO-SAVA,MAYO-SAVA,EN-MAYO-SAVA-MORA,MORA,HANGAR BLAMA DE GOLDA 2 / A,287,GOLDA 2 GUIYA,elecam-bv-2025-extreme-nord,c8ee9d9bfbadd137de6b9622cc3d03768719126aa1b2156b3bd5026fa402aa3d,needs_review,277,277,68962,69062,100
ELECAM-2025-EN-MAYO-SAVA-MORA-0080,80,EN,EXTREME-NORD,EN-MAYO-SAVA,MAYO-SAVA,EN-MAYO-SAVA-MORA,MORA,HANGAR BLAMA DE GOLDA 2 / B,287,GOLDA 2 GUIYA,elecam-bv-2025-extreme-nord,c8ee9d9bfbadd137de6b9622cc3d03768719126aa1b2156b3bd5026fa402aa3d,needs_review,277,277,68962,69062,100
ELECAM-2025-EN-MAYO-SAVA-MORA-0081,81,EN,EXTREME-NORD,EN-MAYO-SAVA,MAYO-SAVA,EN-MAYO-SAVA-MORA,MORA,HANGAR BLAMA DE GOLDA 2 / C,117,GOLDA 2 GUIYA,elecam-bv-2025-extreme-nord,c8ee9d9bfbadd137de6b9622cc3d03768719126aa1b2156b3bd5026fa402aa3d,needs_review,277,277,68962,69062,100
ELECAM-2025-EN-MAYO-SAVA-MORA-0082,82,EN,EXTREME-NORD,EN-MAYO-SAVA,MAYO-SAVA,EN-MAYO-SAVA-MORA,MORA,ECOLE PUBLIQUE DE GOLDA 3 / A,277,GOLDA 3 DADANG,elecam-bv-2025-extreme-nord,c8ee9d9bfbadd137de6b9622cc3d03768719126aa1b2156b3bd5026fa402aa3d,needs_review,277,277,68962,69062,100
ELECAM-2025-EN-MAYO-SAVA-MORA-0083,83,EN,EXTREME-NORD,EN-MAYO-SAVA,MAYO-SAVA,EN-MAYO-SAVA-MORA,MORA,HANGAR BLAMA DE GOLDA 4 / A,260,GOLDA 4 HOUDMOUKOUA,elecam-bv-2025-extreme-nord,c8ee9d9bfbadd137de6b9622cc3d03768719126aa1b2156b3bd5026fa402aa3d,needs_review,277,277,68962,69062,100
ELECAM-2025-EN-MAYO-SAVA-MORA-0084,84,EN,EXTREME-NORD,EN-MAYO-SAVA,MAYO-SAVA,EN-MAYO-SAVA-MORA,MORA,HANGAR BLAMA DE GOLDA 5 / A,239,GOLDA 5 GAY-TCHIHEYE,elecam-bv-2025-extreme-nord,c8ee9d9bfbadd137de6b9622cc3d03768719126aa1b2156b3bd5026fa402aa3d,needs_review,277,277,68962,69062,100
ELECAM-2025-EN-MAYO-SAVA-MORA-0085,85,EN,EXTREME-NORD,EN-MAYO-SAVA,MAYO-SAVA,EN-MAYO-SAVA-MORA,MORA,DISPENSAIRE DE GOUDJIMDELE / A,302,GOUDJIMDELE,elecam-bv-2025-extreme-nord,c8ee9d9bfbadd137de6b9622cc3d03768719126aa1b2156b3bd5026fa402aa3d,needs_review,277,277,68962,69062,100
ELECAM-2025-EN-MAYO-SAVA-MORA-0086,86,EN,EXTREME-NORD,EN-MAYO-SAVA,MAYO-SAVA,EN-MAYO-SAVA-MORA,MORA,DISPENSAIRE DE GOUDJIMDELE / B,54,GOUDJIMDELE,elecam-bv-2025-extreme-nord,c8ee9d9bfbadd137de6b9622cc3d03768719126aa1b2156b3bd5026fa402aa3d,needs_review,277,277,68962,69062,100
ELECAM-2025-EN-MAYO-SAVA-MORA-0087,87,EN,EXTREME-NORD,EN-MAYO-SAVA,MAYO-SAVA,EN-MAYO-SAVA-MORA,MORA,HANGAR MOSQUEE DE GOUDOUBA / A,190,GOUDOUBA,elecam-bv-2025-extreme-nord,c8ee9d9bfbadd137de6b9622cc3d03768719126aa1b2156b3bd5026fa402aa3d,needs_review,277,277,68962,69062,100
ELECAM-2025-EN-MAYO-SAVA-MORA-0088,88,EN,EXTREME-NORD,EN-MAYO-SAVA,MAYO-SAVA,EN-MAYO-SAVA-MORA,MORA,HANGAR BLAMA DE GOULOUDJOANE KALE /,139,GOULOUDJOANE KALE,elecam-bv-2025-extreme-nord,c8ee9d9bfbadd137de6b9622cc3d03768719126aa1b2156b3bd5026fa402aa3d,needs_review,277,277,68962,69062,100
ELECAM-2025-EN-MAYO-SAVA-MORA-0089,89,EN,EXTREME-NORD,EN-MAYO-SAVA,MAYO-SAVA,EN-MAYO-SAVA-MORA,MORA,HANGAR MOSQUEE DE GOUMOULDI / A,284,GOUMOULDI,elecam-bv-2025-extreme-nord,c8ee9d9bfbadd137de6b9622cc3d03768719126aa1b2156b3bd5026fa402aa3d,needs_review,277,277,68962,69062,100
ELECAM-2025-EN-MAYO-SAVA-MORA-0090,90,EN,EXTREME-NORD,EN-MAYO-SAVA,MAYO-SAVA,EN-MAYO-SAVA-MORA,MORA,ECOLE PUBLIQUE DE GOUVAKA / A,369,GOUVAKA ECOLE,elecam-bv-2025-extreme-nord,c8ee9d9bfbadd137de6b9622cc3d03768719126aa1b2156b3bd5026fa402aa3d,needs_review,277,277,68962,69062,100
ELECAM-2025-EN-MAYO-SAVA-MORA-0091,91,EN,EXTREME-NORD,EN-MAYO-SAVA,MAYO-SAVA,EN-MAYO-SAVA-MORA,MORA,ECOLE PUBLIQUE DE GOUVAKA / B,72,GOUVAKA ECOLE,elecam-bv-2025-extreme-nord,c8ee9d9bfbadd137de6b9622cc3d03768719126aa1b2156b3bd5026fa402aa3d,needs_review,277,277,68962,69062,100
ELECAM-2025-EN-MAYO-SAVA-MORA-0092,92,EN,EXTREME-NORD,EN-MAYO-SAVA,MAYO-SAVA,EN-MAYO-SAVA-MORA,MORA,HANGAR CHEFFERIE DE GOUVAKA,424,GOUVAKA MAKOULAHE,elecam-bv-2025-extreme-nord,c8ee9d9bfbadd137de6b9622cc3d03768719126aa1b2156b3bd5026fa402aa3d,needs_review,277,277,68962,69062,100
ELECAM-2025-EN-MAYO-SAVA-MORA-0093,93,EN,EXTREME-NORD,EN-MAYO-SAVA,MAYO-SAVA,EN-MAYO-SAVA-MORA,MORA,HANGAR CHEFFERIE DE GOUVAKA,258,GOUVAKA MAKOULAHE,elecam-bv-2025-extreme-nord,c8ee9d9bfbadd137de6b9622cc3d03768719126aa1b2156b3bd5026fa402aa3d,needs_review,277,277,68962,69062,100
ELECAM-2025-EN-MAYO-SAVA-MORA-0094,94,EN,EXTREME-NORD,EN-MAYO-SAVA,MAYO-SAVA,EN-MAYO-SAVA-MORA,MORA,ECOLE PUBLIQUE DE SERALDOUMDA / A,294,HAIRE,elecam-bv-2025-extreme-nord,c8ee9d9bfbadd137de6b9622cc3d03768719126aa1b2156b3bd5026fa402aa3d,needs_review,277,277,68962,69062,100
ELECAM-2025-EN-MAYO-SAVA-MORA-0095,95,EN,EXTREME-NORD,EN-MAYO-SAVA,MAYO-SAVA,EN-MAYO-SAVA-MORA,MORA,ECOLE PUBLIQUE DE SERALDOUMDA / B,273,HAIRE,elecam-bv-2025-extreme-nord,c8ee9d9bfbadd137de6b9622cc3d03768719126aa1b2156b3bd5026fa402aa3d,needs_review,277,277,68962,69062,100
ELECAM-2025-EN-MAYO-SAVA-MORA-0096,96,EN,EXTREME-NORD,EN-MAYO-SAVA,MAYO-SAVA,EN-MAYO-SAVA-MORA,MORA,ECOLE PUBLIQUE DE SERALDOUMDA / C,241,HAIRE,elecam-bv-2025-extreme-nord,c8ee9d9bfbadd137de6b9622cc3d03768719126aa1b2156b3bd5026fa402aa3d,needs_review,277,277,68962,69062,100
ELECAM-2025-EN-MAYO-SAVA-MORA-0097,97,EN,EXTREME-NORD,EN-MAYO-SAVA,MAYO-SAVA,EN-MAYO-SAVA-MORA,MORA,HANGAR BLAMA DE HARDEO-MEME / A,287,HARDEO-MEME,elecam-bv-2025-extreme-nord,c8ee9d9bfbadd137de6b9622cc3d03768719126aa1b2156b3bd5026fa402aa3d,needs_review,277,277,68962,69062,100
ELECAM-2025-EN-MAYO-SAVA-MORA-0098,98,EN,EXTREME-NORD,EN-MAYO-SAVA,MAYO-SAVA,EN-MAYO-SAVA-MORA,MORA,HANGAR BLAMA DE HARDEO-MEME / B,223,HARDEO-MEME,elecam-bv-2025-extreme-nord,c8ee9d9bfbadd137de6b9622cc3d03768719126aa1b2156b3bd5026fa402aa3d,needs_review,277,277,68962,69062,100
ELECAM-2025-EN-MAYO-SAVA-MORA-0099,99,EN,EXTREME-NORD,EN-MAYO-SAVA,MAYO-SAVA,EN-MAYO-SAVA-MORA,MORA,HANGAR BLAMA DE HAWAYE-ARABE / A,84,HAWAYE-ARABE,elecam-bv-2025-extreme-nord,c8ee9d9bfbadd137de6b9622cc3d03768719126aa1b2156b3bd5026fa402aa3d,needs_review,277,277,68962,69062,100
ELECAM-2025-EN-MAYO-SAVA-MORA-0100,100,EN,EXTREME-NORD,EN-MAYO-SAVA,MAYO-SAVA,EN-MAYO-SAVA-MORA,MORA,HANGAR MARCHE DE HOMAKA / A,315,HOMAKA MARCHE,elecam-bv-2025-extreme-nord,c8ee9d9bfbadd137de6b9622cc3d03768719126aa1b2156b3bd5026fa402aa3d,needs_review,277,277,68962,69062,100
ELECAM-2025-EN-MAYO-SAVA-MORA-0101,101,EN,EXTREME-NORD,EN-MAYO-SAVA,MAYO-SAVA,EN-MAYO-SAVA-MORA,MORA,HANGAR BLAMA DE HOMAKA MEME / A,337,HOMAKA MEME,elecam-bv-2025-extreme-nord,c8ee9d9bfbadd137de6b9622cc3d03768719126aa1b2156b3bd5026fa402aa3d,needs_review,277,277,68962,69062,100
ELECAM-2025-EN-MAYO-SAVA-MORA-0102,102,EN,EXTREME-NORD,EN-MAYO-SAVA,MAYO-SAVA,EN-MAYO-SAVA-MORA,MORA,HANGAR BLAMA DE HOMAKA MEME / B,299,HOMAKA MEME,elecam-bv-2025-extreme-nord,c8ee9d9bfbadd137de6b9622cc3d03768719126aa1b2156b3bd5026fa402aa3d,needs_review,277,277,68962,69062,100
ELECAM-2025-EN-MAYO-SAVA-MORA-0103,103,EN,EXTREME-NORD,EN-MAYO-SAVA,MAYO-SAVA,EN-MAYO-SAVA-MORA,MORA,HANGAR BLAMA DE HOMAKA MEME / C,245,HOMAKA MEME,elecam-bv-2025-extreme-nord,c8ee9d9bfbadd137de6b9622cc3d03768719126aa1b2156b3bd5026fa402aa3d,needs_review,277,277,68962,69062,100
ELECAM-2025-EN-MAYO-SAVA-MORA-0104,104,EN,EXTREME-NORD,EN-MAYO-SAVA,MAYO-SAVA,EN-MAYO-SAVA-MORA,MORA,HANGAR BLAMA DE HOMAKA-IBE / A,152,HOMAKA-IBE,elecam-bv-2025-extreme-nord,c8ee9d9bfbadd137de6b9622cc3d03768719126aa1b2156b3bd5026fa402aa3d,needs_review,277,277,68962,69062,100
ELECAM-2025-EN-MAYO-SAVA-MORA-0105,105,EN,EXTREME-NORD,EN-MAYO-SAVA,MAYO-SAVA,EN-MAYO-SAVA-MORA,MORA,HANGAR BLAMA DE,121,HOUDIYANG-KOTSEREHE,elecam-bv-2025-extreme-nord,c8ee9d9bfbadd137de6b9622cc3d03768719126aa1b2156b3bd5026fa402aa3d,needs_review,277,277,68962,69062,100
ELECAM-2025-EN-MAYO-SAVA-MORA-0106,106,EN,EXTREME-NORD,EN-MAYO-SAVA,MAYO-SAVA,EN-MAYO-SAVA-MORA,MORA,HANGAR BLAMA DE HOUDOUYANG / A,383,HOUDOUYANG,elecam-bv-2025-extreme-nord,c8ee9d9bfbadd137de6b9622cc3d03768719126aa1b2156b3bd5026fa402aa3d,needs_review,277,277,68962,69062,100
ELECAM-2025-EN-MAYO-SAVA-MORA-0107,107,EN,EXTREME-NORD,EN-MAYO-SAVA,MAYO-SAVA,EN-MAYO-SAVA-MORA,MORA,HANGAR BLAMA DE HOUDOUYANG / B,127,HOUDOUYANG,elecam-bv-2025-extreme-nord,c8ee9d9bfbadd137de6b9622cc3d03768719126aa1b2156b3bd5026fa402aa3d,needs_review,277,277,68962,69062,100
ELECAM-2025-EN-MAYO-SAVA-MORA-0108,108,EN,EXTREME-NORD,EN-MAYO-SAVA,MAYO-SAVA,EN-MAYO-SAVA-MORA,MORA,HANGAR BLAMA DE ICHIGA / A,215,ICHIGA,elecam-bv-2025-extreme-nord,c8ee9d9bfbadd137de6b9622cc3d03768719126aa1b2156b3bd5026fa402aa3d,needs_review,277,277,68962,69062,100
ELECAM-2025-EN-MAYO-SAVA-MORA-0109,109,EN,EXTREME-NORD,EN-MAYO-SAVA,MAYO-SAVA,EN-MAYO-SAVA-MORA,MORA,HANGAR BLAMA DE IGAGOUA 1 / A,433,IGAGOUA,elecam-bv-2025-extreme-nord,c8ee9d9bfbadd137de6b9622cc3d03768719126aa1b2156b3bd5026fa402aa3d,needs_review,277,277,68962,69062,100
ELECAM-2025-EN-MAYO-SAVA-MORA-0110,110,EN,EXTREME-NORD,EN-MAYO-SAVA,MAYO-SAVA,EN-MAYO-SAVA-MORA,MORA,HANGAR BLAMA DE IGAGOUA 1 / B,381,IGAGOUA,elecam-bv-2025-extreme-nord,c8ee9d9bfbadd137de6b9622cc3d03768719126aa1b2156b3bd5026fa402aa3d,needs_review,277,277,68962,69062,100
ELECAM-2025-EN-MAYO-SAVA-MORA-0111,111,EN,EXTREME-NORD,EN-MAYO-SAVA,MAYO-SAVA,EN-MAYO-SAVA-MORA,MORA,HANGAR BLAMA DE IGAGOUA 1 / C,154,IGAGOUA,elecam-bv-2025-extreme-nord,c8ee9d9bfbadd137de6b9622cc3d03768719126aa1b2156b3bd5026fa402aa3d,needs_review,277,277,68962,69062,100
ELECAM-2025-EN-MAYO-SAVA-MORA-0112,112,EN,EXTREME-NORD,EN-MAYO-SAVA,MAYO-SAVA,EN-MAYO-SAVA-MORA,MORA,HANGAR BLAMA DE IGAGOUA 2 / A,323,IGAGOUA,elecam-bv-2025-extreme-nord,c8ee9d9bfbadd137de6b9622cc3d03768719126aa1b2156b3bd5026fa402aa3d,needs_review,277,277,68962,69062,100
ELECAM-2025-EN-MAYO-SAVA-MORA-0113,113,EN,EXTREME-NORD,EN-MAYO-SAVA,MAYO-SAVA,EN-MAYO-SAVA-MORA,MORA,HANGAR BLAMA DE IGAWA DOULO / A,343,IGAWA DOULO,elecam-bv-2025-extreme-nord,c8ee9d9bfbadd137de6b9622cc3d03768719126aa1b2156b3bd5026fa402aa3d,needs_review,277,277,68962,69062,100
ELECAM-2025-EN-MAYO-SAVA-MORA-0114,114,EN,EXTREME-NORD,EN-MAYO-SAVA,MAYO-SAVA,EN-MAYO-SAVA-MORA,MORA,ECOLE PUBLIQUE DE GODIGONG / A,348,IGZAWA,elecam-bv-2025-extreme-nord,c8ee9d9bfbadd137de6b9622cc3d03768719126aa1b2156b3bd5026fa402aa3d,needs_review,277,277,68962,69062,100
ELECAM-2025-EN-MAYO-SAVA-MORA-0115,115,EN,EXTREME-NORD,EN-MAYO-SAVA,MAYO-SAVA,EN-MAYO-SAVA-MORA,MORA,ECOLE PUBLIQUE SULTANAT / A,350,JAJA,elecam-bv-2025-extreme-nord,c8ee9d9bfbadd137de6b9622cc3d03768719126aa1b2156b3bd5026fa402aa3d,needs_review,277,277,68962,69062,100
ELECAM-2025-EN-MAYO-SAVA-MORA-0116,116,EN,EXTREME-NORD,EN-MAYO-SAVA,MAYO-SAVA,EN-MAYO-SAVA-MORA,MORA,ECOLE PUBLIQUE SULTANAT / B,340,JAJA,elecam-bv-2025-extreme-nord,c8ee9d9bfbadd137de6b9622cc3d03768719126aa1b2156b3bd5026fa402aa3d,needs_review,277,277,68962,69062,100
ELECAM-2025-EN-MAYO-SAVA-MORA-0117,117,EN,EXTREME-NORD,EN-MAYO-SAVA,MAYO-SAVA,EN-MAYO-SAVA-MORA,MORA,HANGAR BLAMA DE KACHIMRI DOULO / A,209,KACHIMRI DOULO,elecam-bv-2025-extreme-nord,c8ee9d9bfbadd137de6b9622cc3d03768719126aa1b2156b3bd5026fa402aa3d,needs_review,277,277,68962,69062,100
ELECAM-2025-EN-MAYO-SAVA-MORA-0118,118,EN,EXTREME-NORD,EN-MAYO-SAVA,MAYO-SAVA,EN-MAYO-SAVA-MORA,MORA,HANGAR BLAMA DE KANGALERI / A,284,KANGALERI,elecam-bv-2025-extreme-nord,c8ee9d9bfbadd137de6b9622cc3d03768719126aa1b2156b3bd5026fa402aa3d,needs_review,277,277,68962,69062,100
ELECAM-2025-EN-MAYO-SAVA-MORA-0119,119,EN,EXTREME-NORD,EN-MAYO-SAVA,MAYO-SAVA,EN-MAYO-SAVA-MORA,MORA,HANGAR MARCHE DE TALA-MOKOLO / A,355,KIRKASSAKOUA,elecam-bv-2025-extreme-nord,c8ee9d9bfbadd137de6b9622cc3d03768719126aa1b2156b3bd5026fa402aa3d,needs_review,277,277,68962,69062,100
ELECAM-2025-EN-MAYO-SAVA-MORA-0120,120,EN,EXTREME-NORD,EN-MAYO-SAVA,MAYO-SAVA,EN-MAYO-SAVA-MORA,MORA,HANGAR MARCHE DE TALA-MOKOLO / B,309,KIRKASSAKOUA,elecam-bv-2025-extreme-nord,c8ee9d9bfbadd137de6b9622cc3d03768719126aa1b2156b3bd5026fa402aa3d,needs_review,277,277,68962,69062,100
ELECAM-2025-EN-MAYO-SAVA-MORA-0121,121,EN,EXTREME-NORD,EN-MAYO-SAVA,MAYO-SAVA,EN-MAYO-SAVA-MORA,MORA,HANGAR MARCHE DE TALA-MOKOLO / C,105,KIRKASSAKOUA,elecam-bv-2025-extreme-nord,c8ee9d9bfbadd137de6b9622cc3d03768719126aa1b2156b3bd5026fa402aa3d,needs_review,277,277,68962,69062,100
ELECAM-2025-EN-MAYO-SAVA-MORA-0122,122,EN,EXTREME-NORD,EN-MAYO-SAVA,MAYO-SAVA,EN-MAYO-SAVA-MORA,MORA,HANGAR CHEFFERIE DE KOSSA / A,333,KOSSA CENTRE,elecam-bv-2025-extreme-nord,c8ee9d9bfbadd137de6b9622cc3d03768719126aa1b2156b3bd5026fa402aa3d,needs_review,277,277,68962,69062,100
ELECAM-2025-EN-MAYO-SAVA-MORA-0123,123,EN,EXTREME-NORD,EN-MAYO-SAVA,MAYO-SAVA,EN-MAYO-SAVA-MORA,MORA,HANGAR CHEFFERIE DE KOSSA / B,365,KOSSA CENTRE,elecam-bv-2025-extreme-nord,c8ee9d9bfbadd137de6b9622cc3d03768719126aa1b2156b3bd5026fa402aa3d,needs_review,277,277,68962,69062,100
ELECAM-2025-EN-MAYO-SAVA-MORA-0124,124,EN,EXTREME-NORD,EN-MAYO-SAVA,MAYO-SAVA,EN-MAYO-SAVA-MORA,MORA,HANGAR CHEFFERIE DE KOSSA / C,133,KOSSA CENTRE,elecam-bv-2025-extreme-nord,c8ee9d9bfbadd137de6b9622cc3d03768719126aa1b2156b3bd5026fa402aa3d,needs_review,277,277,68962,69062,100
ELECAM-2025-EN-MAYO-SAVA-MORA-0125,125,EN,EXTREME-NORD,EN-MAYO-SAVA,MAYO-SAVA,EN-MAYO-SAVA-MORA,MORA,HANGAR BLAMA DE KOTSEREHE KOURGUI /,189,KOTSEREHE KOURGUI,elecam-bv-2025-extreme-nord,c8ee9d9bfbadd137de6b9622cc3d03768719126aa1b2156b3bd5026fa402aa3d,needs_review,277,277,68962,69062,100
ELECAM-2025-EN-MAYO-SAVA-MORA-0126,126,EN,EXTREME-NORD,EN-MAYO-SAVA,MAYO-SAVA,EN-MAYO-SAVA-MORA,MORA,HANGAR CAMP MISSION KOURGUI / A,363,KOURGUI CAMP MISSION,elecam-bv-2025-extreme-nord,c8ee9d9bfbadd137de6b9622cc3d03768719126aa1b2156b3bd5026fa402aa3d,needs_review,277,277,68962,69062,100
ELECAM-2025-EN-MAYO-SAVA-MORA-0127,127,EN,EXTREME-NORD,EN-MAYO-SAVA,MAYO-SAVA,EN-MAYO-SAVA-MORA,MORA,HANGAR CHEFFERIE DE KOURGUI / A,376,KOURGUI CHEFFERIE,elecam-bv-2025-extreme-nord,c8ee9d9bfbadd137de6b9622cc3d03768719126aa1b2156b3bd5026fa402aa3d,needs_review,277,277,68962,69062,100
ELECAM-2025-EN-MAYO-SAVA-MORA-0128,128,EN,EXTREME-NORD,EN-MAYO-SAVA,MAYO-SAVA,EN-MAYO-SAVA-MORA,MORA,HANGAR CHEFFERIE DE KOURGUI / B,123,KOURGUI CHEFFERIE,elecam-bv-2025-extreme-nord,c8ee9d9bfbadd137de6b9622cc3d03768719126aa1b2156b3bd5026fa402aa3d,needs_review,277,277,68962,69062,100
ELECAM-2025-EN-MAYO-SAVA-MORA-0129,129,EN,EXTREME-NORD,EN-MAYO-SAVA,MAYO-SAVA,EN-MAYO-SAVA-MORA,MORA,ECOLE PUBLIQUE DE KOURGUI / A,393,KOURGUI ECOLE,elecam-bv-2025-extreme-nord,c8ee9d9bfbadd137de6b9622cc3d03768719126aa1b2156b3bd5026fa402aa3d,needs_review,277,277,68962,69062,100
ELECAM-2025-EN-MAYO-SAVA-MORA-0130,130,EN,EXTREME-NORD,EN-MAYO-SAVA,MAYO-SAVA,EN-MAYO-SAVA-MORA,MORA,ECOLE PUBLIQUE DE KOURGUI / B,120,KOURGUI ECOLE,elecam-bv-2025-extreme-nord,c8ee9d9bfbadd137de6b9622cc3d03768719126aa1b2156b3bd5026fa402aa3d,needs_review,277,277,68962,69062,100
ELECAM-2025-EN-MAYO-SAVA-MORA-0131,131,EN,EXTREME-NORD,EN-MAYO-SAVA,MAYO-SAVA,EN-MAYO-SAVA-MORA,MORA,HANGAR BLAMA DE KOURGUI MAYO / A,183,KOURGUI MAYO,elecam-bv-2025-extreme-nord,c8ee9d9bfbadd137de6b9622cc3d03768719126aa1b2156b3bd5026fa402aa3d,needs_review,277,277,68962,69062,100
ELECAM-2025-EN-MAYO-SAVA-MORA-0132,132,EN,EXTREME-NORD,EN-MAYO-SAVA,MAYO-SAVA,EN-MAYO-SAVA-MORA,MORA,HANGAR BLAMA DE KRIYO CENTRE / A,275,KRIYO CENTRE,elecam-bv-2025-extreme-nord,c8ee9d9bfbadd137de6b9622cc3d03768719126aa1b2156b3bd5026fa402aa3d,needs_review,277,277,68962,69062,100
ELECAM-2025-EN-MAYO-SAVA-MORA-0133,133,EN,EXTREME-NORD,EN-MAYO-SAVA,MAYO-SAVA,EN-MAYO-SAVA-MORA,MORA,HANGAR BLAMA DE LIMANI BLAMA LAMPA / A,335,LIMANI BLAMA LAMPA,elecam-bv-2025-extreme-nord,c8ee9d9bfbadd137de6b9622cc3d03768719126aa1b2156b3bd5026fa402aa3d,needs_review,277,277,68962,69062,100
ELECAM-2025-EN-MAYO-SAVA-MORA-0134,134,EN,EXTREME-NORD,EN-MAYO-SAVA,MAYO-SAVA,EN-MAYO-SAVA-MORA,MORA,ECOLE PUBLIQUE DE LIMANI / A,320,LIMANI CAMP MISSION,elecam-bv-2025-extreme-nord,c8ee9d9bfbadd137de6b9622cc3d03768719126aa1b2156b3bd5026fa402aa3d,needs_review,277,277,68962,69062,100
ELECAM-2025-EN-MAYO-SAVA-MORA-0135,135,EN,EXTREME-NORD,EN-MAYO-SAVA,MAYO-SAVA,EN-MAYO-SAVA-MORA,MORA,ECOLE PUBLIQUE DE LIMANI / B,334,LIMANI CAMP MISSION,elecam-bv-2025-extreme-nord,c8ee9d9bfbadd137de6b9622cc3d03768719126aa1b2156b3bd5026fa402aa3d,needs_review,277,277,68962,69062,100
ELECAM-2025-EN-MAYO-SAVA-MORA-0136,136,EN,EXTREME-NORD,EN-MAYO-SAVA,MAYO-SAVA,EN-MAYO-SAVA-MORA,MORA,ECOLE PUBLIQUE DE LIMANI / C,367,LIMANI CAMP MISSION,elecam-bv-2025-extreme-nord,c8ee9d9bfbadd137de6b9622cc3d03768719126aa1b2156b3bd5026fa402aa3d,needs_review,277,277,68962,69062,100
ELECAM-2025-EN-MAYO-SAVA-MORA-0137,137,EN,EXTREME-NORD,EN-MAYO-SAVA,MAYO-SAVA,EN-MAYO-SAVA-MORA,MORA,ECOLE PUBLIQUE DE LIMANI / D,327,LIMANI CAMP MISSION,elecam-bv-2025-extreme-nord,c8ee9d9bfbadd137de6b9622cc3d03768719126aa1b2156b3bd5026fa402aa3d,needs_review,277,277,68962,69062,100
ELECAM-2025-EN-MAYO-SAVA-MORA-0138,138,EN,EXTREME-NORD,EN-MAYO-SAVA,MAYO-SAVA,EN-MAYO-SAVA-MORA,MORA,PRISON PRICIPALE DE MORA / A,120,MAGALA PRISON,elecam-bv-2025-extreme-nord,c8ee9d9bfbadd137de6b9622cc3d03768719126aa1b2156b3bd5026fa402aa3d,needs_review,277,277,68962,69062,100
ELECAM-2025-EN-MAYO-SAVA-MORA-0139,139,EN,EXTREME-NORD,EN-MAYO-SAVA,MAYO-SAVA,EN-MAYO-SAVA-MORA,MORA,SAR/SM DE MORA / A,245,MAGALA SAR/SM,elecam-bv-2025-extreme-nord,c8ee9d9bfbadd137de6b9622cc3d03768719126aa1b2156b3bd5026fa402aa3d,needs_review,277,277,68962,69062,100
ELECAM-2025-EN-MAYO-SAVA-MORA-0140,140,EN,EXTREME-NORD,EN-MAYO-SAVA,MAYO-SAVA,EN-MAYO-SAVA-MORA,MORA,HANGAR CHEFFERIE DE MAGDEME / A,299,MAGDEME GDE MOSQUEE,elecam-bv-2025-extreme-nord,c8ee9d9bfbadd137de6b9622cc3d03768719126aa1b2156b3bd5026fa402aa3d,needs_review,277,277,68962,69062,100
ELECAM-2025-EN-MAYO-SAVA-MORA-0141,141,EN,EXTREME-NORD,EN-MAYO-SAVA,MAYO-SAVA,EN-MAYO-SAVA-MORA,MORA,HANGAR CHEFFERIE DE MAGDEME / B,338,MAGDEME GDE MOSQUEE,elecam-bv-2025-extreme-nord,c8ee9d9bfbadd137de6b9622cc3d03768719126aa1b2156b3bd5026fa402aa3d,needs_review,277,277,68962,69062,100
ELECAM-2025-EN-MAYO-SAVA-MORA-0142,142,EN,EXTREME-NORD,EN-MAYO-SAVA,MAYO-SAVA,EN-MAYO-SAVA-MORA,MORA,HANGAR BLAMA SALI DE MAHOULA / A,343,MAHOULA BLAMA SALI,elecam-bv-2025-extreme-nord,c8ee9d9bfbadd137de6b9622cc3d03768719126aa1b2156b3bd5026fa402aa3d,needs_review,277,277,68962,69062,100
ELECAM-2025-EN-MAYO-SAVA-MORA-0143,143,EN,EXTREME-NORD,EN-MAYO-SAVA,MAYO-SAVA,EN-MAYO-SAVA-MORA,MORA,HANGAR BLAMA SALI DE MAHOULA / B,189,MAHOULA BLAMA SALI,elecam-bv-2025-extreme-nord,c8ee9d9bfbadd137de6b9622cc3d03768719126aa1b2156b3bd5026fa402aa3d,needs_review,277,277,68962,69062,100
ELECAM-2025-EN-MAYO-SAVA-MORA-0144,144,EN,EXTREME-NORD,EN-MAYO-SAVA,MAYO-SAVA,EN-MAYO-SAVA-MORA,MORA,ECOLE PUBLIQUE DE MAHOULA / A,238,MAHOULA ECOLE,elecam-bv-2025-extreme-nord,c8ee9d9bfbadd137de6b9622cc3d03768719126aa1b2156b3bd5026fa402aa3d,needs_review,277,277,68962,69062,100
ELECAM-2025-EN-MAYO-SAVA-MORA-0145,145,EN,EXTREME-NORD,EN-MAYO-SAVA,MAYO-SAVA,EN-MAYO-SAVA-MORA,MORA,ECOLE PUBLIQUE DE MAKLAI / A,116,MAKLAI,elecam-bv-2025-extreme-nord,c8ee9d9bfbadd137de6b9622cc3d03768719126aa1b2156b3bd5026fa402aa3d,needs_review,277,277,68962,69062,100
ELECAM-2025-EN-MAYO-SAVA-MORA-0146,146,EN,EXTREME-NORD,EN-MAYO-SAVA,MAYO-SAVA,EN-MAYO-SAVA-MORA,MORA,ECOLE PUBLIQUE DE MAKOULBE / A,195,MAKOULBE,elecam-bv-2025-extreme-nord,c8ee9d9bfbadd137de6b9622cc3d03768719126aa1b2156b3bd5026fa402aa3d,needs_review,277,277,68962,69062,100
ELECAM-2025-EN-MAYO-SAVA-MORA-0147,147,EN,EXTREME-NORD,EN-MAYO-SAVA,MAYO-SAVA,EN-MAYO-SAVA-MORA,MORA,HANGAR EGLISE DE MALIKA / A,352,MALIKA,elecam-bv-2025-extreme-nord,c8ee9d9bfbadd137de6b9622cc3d03768719126aa1b2156b3bd5026fa402aa3d,needs_review,277,277,68962,69062,100
ELECAM-2025-EN-MAYO-SAVA-MORA-0148,148,EN,EXTREME-NORD,EN-MAYO-SAVA,MAYO-SAVA,EN-MAYO-SAVA-MORA,MORA,HANGAR BLAMA DE MALIKA / A,366,MALIKA,elecam-bv-2025-extreme-nord,c8ee9d9bfbadd137de6b9622cc3d03768719126aa1b2156b3bd5026fa402aa3d,needs_review,277,277,68962,69062,100
ELECAM-2025-EN-MAYO-SAVA-MORA-0149,149,EN,EXTREME-NORD,EN-MAYO-SAVA,MAYO-SAVA,EN-MAYO-SAVA-MORA,MORA,HANGAR BLAMA DE MANAWATCHI 4 / A,345,MANAWATCHI BLAMA AMADI,elecam-bv-2025-extreme-nord,c8ee9d9bfbadd137de6b9622cc3d03768719126aa1b2156b3bd5026fa402aa3d,needs_review,277,277,68962,69062,100
ELECAM-2025-EN-MAYO-SAVA-MORA-0150,150,EN,EXTREME-NORD,EN-MAYO-SAVA,MAYO-SAVA,EN-MAYO-SAVA-MORA,MORA,HANGAR BLAMA DE MANAWATCHI 1 / A,389,MANAWATCHI BLAMA BOUKAR MAROUFOU,elecam-bv-2025-extreme-nord,c8ee9d9bfbadd137de6b9622cc3d03768719126aa1b2156b3bd5026fa402aa3d,needs_review,277,277,68962,69062,100
ELECAM-2025-EN-MAYO-SAVA-MORA-0151,151,EN,EXTREME-NORD,EN-MAYO-SAVA,MAYO-SAVA,EN-MAYO-SAVA-MORA,MORA,HANGAR BLAMA DE MANAWATCHI 1 / B,61,MANAWATCHI BLAMA BOUKAR MAROUFOU,elecam-bv-2025-extreme-nord,c8ee9d9bfbadd137de6b9622cc3d03768719126aa1b2156b3bd5026fa402aa3d,needs_review,277,277,68962,69062,100
ELECAM-2025-EN-MAYO-SAVA-MORA-0152,152,EN,EXTREME-NORD,EN-MAYO-SAVA,MAYO-SAVA,EN-MAYO-SAVA-MORA,MORA,HANGAR BLAMA DE MANAWATCHI 2 / A,296,MANAWATCHI BLAMA ISSIAGA,elecam-bv-2025-extreme-nord,c8ee9d9bfbadd137de6b9622cc3d03768719126aa1b2156b3bd5026fa402aa3d,needs_review,277,277,68962,69062,100
ELECAM-2025-EN-MAYO-SAVA-MORA-0153,153,EN,EXTREME-NORD,EN-MAYO-SAVA,MAYO-SAVA,EN-MAYO-SAVA-MORA,MORA,HANGAR BLAMA DE MANAWATCHI 3 / A,211,MANAWATCHI BLAMA MANA BINTOU,elecam-bv-2025-extreme-nord,c8ee9d9bfbadd137de6b9622cc3d03768719126aa1b2156b3bd5026fa402aa3d,needs_review,277,277,68962,69062,100
ELECAM-2025-EN-MAYO-SAVA-MORA-0154,154,EN,EXTREME-NORD,EN-MAYO-SAVA,MAYO-SAVA,EN-MAYO-SAVA-MORA,MORA,HANGAR BLAMA DE MANAWATCHI-LIMANI / A,185,MANAWATCHI-LIMANI,elecam-bv-2025-extreme-nord,c8ee9d9bfbadd137de6b9622cc3d03768719126aa1b2156b3bd5026fa402aa3d,needs_review,277,277,68962,69062,100
ELECAM-2025-EN-MAYO-SAVA-MORA-0155,155,EN,EXTREME-NORD,EN-MAYO-SAVA,MAYO-SAVA,EN-MAYO-SAVA-MORA,MORA,HANGAR BLAMA DE MANAWATCHI-LIMANI / B,109,MANAWATCHI-LIMANI,elecam-bv-2025-extreme-nord,c8ee9d9bfbadd137de6b9622cc3d03768719126aa1b2156b3bd5026fa402aa3d,needs_review,277,277,68962,69062,100
ELECAM-2025-EN-MAYO-SAVA-MORA-0156,156,EN,EXTREME-NORD,EN-MAYO-SAVA,MAYO-SAVA,EN-MAYO-SAVA-MORA,MORA,HANGAR BLAMA DE MANGAVE ABBA FADI / A,340,MANGAVE ABBA FADI,elecam-bv-2025-extreme-nord,c8ee9d9bfbadd137de6b9622cc3d03768719126aa1b2156b3bd5026fa402aa3d,needs_review,277,277,68962,69062,100
ELECAM-2025-EN-MAYO-SAVA-MORA-0157,157,EN,EXTREME-NORD,EN-MAYO-SAVA,MAYO-SAVA,EN-MAYO-SAVA-MORA,MORA,HANGAR BLAMA DE MANGAVE GOI-GOI / A,121,MANGAVE GOI-GOI,elecam-bv-2025-extreme-nord,c8ee9d9bfbadd137de6b9622cc3d03768719126aa1b2156b3bd5026fa402aa3d,needs_review,277,277,68962,69062,100
ELECAM-2025-EN-MAYO-SAVA-MORA-0158,158,EN,EXTREME-NORD,EN-MAYO-SAVA,MAYO-SAVA,EN-MAYO-SAVA-MORA,MORA,HANGAR BLAMA DE MANGAVE OURO MODI /,164,MANGAVE OURO MODI,elecam-bv-2025-extreme-nord,c8ee9d9bfbadd137de6b9622cc3d03768719126aa1b2156b3bd5026fa402aa3d,needs_review,277,277,68962,69062,100
ELECAM-2025-EN-MAYO-SAVA-MORA-0159,159,EN,EXTREME-NORD,EN-MAYO-SAVA,MAYO-SAVA,EN-MAYO-SAVA-MORA,MORA,HANGAR BLAMA DE MANGAVE YOUNOUS / A,364,MANGAVE YOUNOUS,elecam-bv-2025-extreme-nord,c8ee9d9bfbadd137de6b9622cc3d03768719126aa1b2156b3bd5026fa402aa3d,needs_review,277,277,68962,69062,100
ELECAM-2025-EN-MAYO-SAVA-MORA-0160,160,EN,EXTREME-NORD,EN-MAYO-SAVA,MAYO-SAVA,EN-MAYO-SAVA-MORA,MORA,HANGAR CHEFFERIE DE MORA-VILLE / A,307,MASSARE,elecam-bv-2025-extreme-nord,c8ee9d9bfbadd137de6b9622cc3d03768719126aa1b2156b3bd5026fa402aa3d,needs_review,277,277,68962,69062,100
ELECAM-2025-EN-MAYO-SAVA-MORA-0161,161,EN,EXTREME-NORD,EN-MAYO-SAVA,MAYO-SAVA,EN-MAYO-SAVA-MORA,MORA,HANGAR CHEFFERIE DE MORA-VILLE / B,269,MASSARE,elecam-bv-2025-extreme-nord,c8ee9d9bfbadd137de6b9622cc3d03768719126aa1b2156b3bd5026fa402aa3d,needs_review,277,277,68962,69062,100
ELECAM-2025-EN-MAYO-SAVA-MORA-0162,162,EN,EXTREME-NORD,EN-MAYO-SAVA,MAYO-SAVA,EN-MAYO-SAVA-MORA,MORA,HANGAR BLAMA DE TOTAL / A,283,MASSARE,elecam-bv-2025-extreme-nord,c8ee9d9bfbadd137de6b9622cc3d03768719126aa1b2156b3bd5026fa402aa3d,needs_review,277,277,68962,69062,100
ELECAM-2025-EN-MAYO-SAVA-MORA-0163,163,EN,EXTREME-NORD,EN-MAYO-SAVA,MAYO-SAVA,EN-MAYO-SAVA-MORA,MORA,HANGAR BLAMA DE TOTAL / B,290,MASSARE,elecam-bv-2025-extreme-nord,c8ee9d9bfbadd137de6b9622cc3d03768719126aa1b2156b3bd5026fa402aa3d,needs_review,277,277,68962,69062,100
ELECAM-2025-EN-MAYO-SAVA-MORA-0164,164,EN,EXTREME-NORD,EN-MAYO-SAVA,MAYO-SAVA,EN-MAYO-SAVA-MORA,MORA,HANGAR BLAMA DE TOTAL / C,186,MASSARE,elecam-bv-2025-extreme-nord,c8ee9d9bfbadd137de6b9622cc3d03768719126aa1b2156b3bd5026fa402aa3d,needs_review,277,277,68962,69062,100
ELECAM-2025-EN-MAYO-SAVA-MORA-0165,165,EN,EXTREME-NORD,EN-MAYO-SAVA,MAYO-SAVA,EN-MAYO-SAVA-MORA,MORA,HANGAR BLAMA DE TOTAL / D,102,MASSARE,elecam-bv-2025-extreme-nord,c8ee9d9bfbadd137de6b9622cc3d03768719126aa1b2156b3bd5026fa402aa3d,needs_review,277,277,68962,69062,100
ELECAM-2025-EN-MAYO-SAVA-MORA-0166,166,EN,EXTREME-NORD,EN-MAYO-SAVA,MAYO-SAVA,EN-MAYO-SAVA-MORA,MORA,HANGAR MOSQUEE DE MASSARE / A,309,MASSARE,elecam-bv-2025-extreme-nord,c8ee9d9bfbadd137de6b9622cc3d03768719126aa1b2156b3bd5026fa402aa3d,needs_review,277,277,68962,69062,100
ELECAM-2025-EN-MAYO-SAVA-MORA-0167,167,EN,EXTREME-NORD,EN-MAYO-SAVA,MAYO-SAVA,EN-MAYO-SAVA-MORA,MORA,HANGAR BLAMA DE MAYOURE / A,268,MAYOURE,elecam-bv-2025-extreme-nord,c8ee9d9bfbadd137de6b9622cc3d03768719126aa1b2156b3bd5026fa402aa3d,needs_review,277,277,68962,69062,100
ELECAM-2025-EN-MAYO-SAVA-MORA-0168,168,EN,EXTREME-NORD,EN-MAYO-SAVA,MAYO-SAVA,EN-MAYO-SAVA-MORA,MORA,HANGAR BLAMA DE MAYOURE / B,12,MAYOURE,elecam-bv-2025-extreme-nord,c8ee9d9bfbadd137de6b9622cc3d03768719126aa1b2156b3bd5026fa402aa3d,needs_review,277,277,68962,69062,100
ELECAM-2025-EN-MAYO-SAVA-MORA-0169,169,EN,EXTREME-NORD,EN-MAYO-SAVA,MAYO-SAVA,EN-MAYO-SAVA-MORA,MORA,HANGAR BLAMA DE MBARMA / A,264,MBARMA,elecam-bv-2025-extreme-nord,c8ee9d9bfbadd137de6b9622cc3d03768719126aa1b2156b3bd5026fa402aa3d,needs_review,277,277,68962,69062,100
ELECAM-2025-EN-MAYO-SAVA-MORA-0170,170,EN,EXTREME-NORD,EN-MAYO-SAVA,MAYO-SAVA,EN-MAYO-SAVA-MORA,MORA,HANGAR BLAMA DE MBARMA / B,275,MBARMA,elecam-bv-2025-extreme-nord,c8ee9d9bfbadd137de6b9622cc3d03768719126aa1b2156b3bd5026fa402aa3d,needs_review,277,277,68962,69062,100
ELECAM-2025-EN-MAYO-SAVA-MORA-0171,171,EN,EXTREME-NORD,EN-MAYO-SAVA,MAYO-SAVA,EN-MAYO-SAVA-MORA,MORA,HANGAR BLAMA DE EMAT / A,211,MEHE - EMAT,elecam-bv-2025-extreme-nord,c8ee9d9bfbadd137de6b9622cc3d03768719126aa1b2156b3bd5026fa402aa3d,needs_review,277,277,68962,69062,100
ELECAM-2025-EN-MAYO-SAVA-MORA-0172,172,EN,EXTREME-NORD,EN-MAYO-SAVA,MAYO-SAVA,EN-MAYO-SAVA-MORA,MORA,HANGAR BLAMA DE MEHE LAWAN BAKARY /,181,MEHE LAWAN BAKARY,elecam-bv-2025-extreme-nord,c8ee9d9bfbadd137de6b9622cc3d03768719126aa1b2156b3bd5026fa402aa3d,needs_review,277,277,68962,69062,100
ELECAM-2025-EN-MAYO-SAVA-MORA-0173,173,EN,EXTREME-NORD,EN-MAYO-SAVA,MAYO-SAVA,EN-MAYO-SAVA-MORA,MORA,HANGAR BLAMA DE MEHE SANDA / A,264,MEHE SANDA BLAMA,elecam-bv-2025-extreme-nord,c8ee9d9bfbadd137de6b9622cc3d03768719126aa1b2156b3bd5026fa402aa3d,needs_review,277,277,68962,69062,100
ELECAM-2025-EN-MAYO-SAVA-MORA-0174,174,EN,EXTREME-NORD,EN-MAYO-SAVA,MAYO-SAVA,EN-MAYO-SAVA-MORA,MORA,HANGAR BLAMA DE MEHE SANDA / B,224,MEHE SANDA BLAMA,elecam-bv-2025-extreme-nord,c8ee9d9bfbadd137de6b9622cc3d03768719126aa1b2156b3bd5026fa402aa3d,needs_review,277,277,68962,69062,100
ELECAM-2025-EN-MAYO-SAVA-MORA-0175,175,EN,EXTREME-NORD,EN-MAYO-SAVA,MAYO-SAVA,EN-MAYO-SAVA-MORA,MORA,HANGAR BLAMA DE MEME DINOUE 1 / A,275,MEME DINOUE,elecam-bv-2025-extreme-nord,c8ee9d9bfbadd137de6b9622cc3d03768719126aa1b2156b3bd5026fa402aa3d,needs_review,277,277,68962,69062,100
ELECAM-2025-EN-MAYO-SAVA-MORA-0176,176,EN,EXTREME-NORD,EN-MAYO-SAVA,MAYO-SAVA,EN-MAYO-SAVA-MORA,MORA,HANGAR BLAMA DE MEME DINOUE 2 / A,151,MEME DINOUE,elecam-bv-2025-extreme-nord,c8ee9d9bfbadd137de6b9622cc3d03768719126aa1b2156b3bd5026fa402aa3d,needs_review,277,277,68962,69062,100
ELECAM-2025-EN-MAYO-SAVA-MORA-0177,177,EN,EXTREME-NORD,EN-MAYO-SAVA,MAYO-SAVA,EN-MAYO-SAVA-MORA,MORA,HANGAR BLAMA DE MEME DINOUE 3 / A,121,MEME DINOUE,elecam-bv-2025-extreme-nord,c8ee9d9bfbadd137de6b9622cc3d03768719126aa1b2156b3bd5026fa402aa3d,needs_review,277,277,68962,69062,100
ELECAM-2025-EN-MAYO-SAVA-MORA-0178,178,EN,EXTREME-NORD,EN-MAYO-SAVA,MAYO-SAVA,EN-MAYO-SAVA-MORA,MORA,HANGAR CHEFFERIE DE MEME / A,369,MEME GOLDOGO,elecam-bv-2025-extreme-nord,c8ee9d9bfbadd137de6b9622cc3d03768719126aa1b2156b3bd5026fa402aa3d,needs_review,277,277,68962,69062,100
ELECAM-2025-EN-MAYO-SAVA-MORA-0179,179,EN,EXTREME-NORD,EN-MAYO-SAVA,MAYO-SAVA,EN-MAYO-SAVA-MORA,MORA,HANGAR CHEFFERIE DE MEME / B,386,MEME GOLDOGO,elecam-bv-2025-extreme-nord,c8ee9d9bfbadd137de6b9622cc3d03768719126aa1b2156b3bd5026fa402aa3d,needs_review,277,277,68962,69062,100
ELECAM-2025-EN-MAYO-SAVA-MORA-0180,180,EN,EXTREME-NORD,EN-MAYO-SAVA,MAYO-SAVA,EN-MAYO-SAVA-MORA,MORA,HANGAR BLAMA DE MICHIVRE-MARCHE / A,404,MICHIVRE-MARCHE,elecam-bv-2025-extreme-nord,c8ee9d9bfbadd137de6b9622cc3d03768719126aa1b2156b3bd5026fa402aa3d,needs_review,277,277,68962,69062,100
ELECAM-2025-EN-MAYO-SAVA-MORA-0181,181,EN,EXTREME-NORD,EN-MAYO-SAVA,MAYO-SAVA,EN-MAYO-SAVA-MORA,MORA,HANGAR BLAMA DE MICHIVRE-MARCHE / B,109,MICHIVRE-MARCHE,elecam-bv-2025-extreme-nord,c8ee9d9bfbadd137de6b9622cc3d03768719126aa1b2156b3bd5026fa402aa3d,needs_review,277,277,68962,69062,100
ELECAM-2025-EN-MAYO-SAVA-MORA-0182,182,EN,EXTREME-NORD,EN-MAYO-SAVA,MAYO-SAVA,EN-MAYO-SAVA-MORA,MORA,HANGAR BLAMA DE MOGODE / A,356,MOGODE,elecam-bv-2025-extreme-nord,c8ee9d9bfbadd137de6b9622cc3d03768719126aa1b2156b3bd5026fa402aa3d,needs_review,277,277,68962,69062,100
ELECAM-2025-EN-MAYO-SAVA-MORA-0183,183,EN,EXTREME-NORD,EN-MAYO-SAVA,MAYO-SAVA,EN-MAYO-SAVA-MORA,MORA,HANGAR BLAMA DE MOGODE / B,45,MOGODE,elecam-bv-2025-extreme-nord,c8ee9d9bfbadd137de6b9622cc3d03768719126aa1b2156b3bd5026fa402aa3d,needs_review,277,277,68962,69062,100
ELECAM-2025-EN-MAYO-SAVA-MORA-0184,184,EN,EXTREME-NORD,EN-MAYO-SAVA,MAYO-SAVA,EN-MAYO-SAVA-MORA,MORA,HANGAR BLAMA DE MOKOCHE / A,276,MOKOCHE,elecam-bv-2025-extreme-nord,c8ee9d9bfbadd137de6b9622cc3d03768719126aa1b2156b3bd5026fa402aa3d,needs_review,277,277,68962,69062,100
ELECAM-2025-EN-MAYO-SAVA-MORA-0185,185,EN,EXTREME-NORD,EN-MAYO-SAVA,MAYO-SAVA,EN-MAYO-SAVA-MORA,MORA,HANGAR CHEFFERIE DE MORA-MASSIF / A,247,MORA-MASSIF CENTRE,elecam-bv-2025-extreme-nord,c8ee9d9bfbadd137de6b9622cc3d03768719126aa1b2156b3bd5026fa402aa3d,needs_review,277,277,68962,69062,100
ELECAM-2025-EN-MAYO-SAVA-MORA-0186,186,EN,EXTREME-NORD,EN-MAYO-SAVA,MAYO-SAVA,EN-MAYO-SAVA-MORA,MORA,HANGAR CHEFFERIE DE MORA-MASSIF / B,263,MORA-MASSIF CENTRE,elecam-bv-2025-extreme-nord,c8ee9d9bfbadd137de6b9622cc3d03768719126aa1b2156b3bd5026fa402aa3d,needs_review,277,277,68962,69062,100
ELECAM-2025-EN-MAYO-SAVA-MORA-0187,187,EN,EXTREME-NORD,EN-MAYO-SAVA,MAYO-SAVA,EN-MAYO-SAVA-MORA,MORA,HANGAR BLAMA DE MOUGDJE MALLOUM / A,289,MOUGDJE MALLOUM,elecam-bv-2025-extreme-nord,c8ee9d9bfbadd137de6b9622cc3d03768719126aa1b2156b3bd5026fa402aa3d,needs_review,277,277,68962,69062,100
ELECAM-2025-EN-MAYO-SAVA-MORA-0188,188,EN,EXTREME-NORD,EN-MAYO-SAVA,MAYO-SAVA,EN-MAYO-SAVA-MORA,MORA,ECOLE PUBLIQUE DE MOUKTELE-BALDAMA /,157,MOUKTELE-BALDAMA CAMPT,elecam-bv-2025-extreme-nord,c8ee9d9bfbadd137de6b9622cc3d03768719126aa1b2156b3bd5026fa402aa3d,needs_review,277,277,68962,69062,100
ELECAM-2025-EN-MAYO-SAVA-MORA-0189,189,EN,EXTREME-NORD,EN-MAYO-SAVA,MAYO-SAVA,EN-MAYO-SAVA-MORA,MORA,HANGAR BLAMA DE MOUVANE MEME / A,258,MOUVANE MEME,elecam-bv-2025-extreme-nord,c8ee9d9bfbadd137de6b9622cc3d03768719126aa1b2156b3bd5026fa402aa3d,needs_review,277,277,68962,69062,100
ELECAM-2025-EN-MAYO-SAVA-MORA-0190,190,EN,EXTREME-NORD,EN-MAYO-SAVA,MAYO-SAVA,EN-MAYO-SAVA-MORA,MORA,ECOLE PUBLIQUE DE DOMAYA / A,362,NDAZA,elecam-bv-2025-extreme-nord,c8ee9d9bfbadd137de6b9622cc3d03768719126aa1b2156b3bd5026fa402aa3d,needs_review,277,277,68962,69062,100
ELECAM-2025-EN-MAYO-SAVA-MORA-0191,191,EN,EXTREME-NORD,EN-MAYO-SAVA,MAYO-SAVA,EN-MAYO-SAVA-MORA,MORA,ECOLE PUBLIQUE DE DOMAYA / B,339,NDAZA,elecam-bv-2025-extreme-nord,c8ee9d9bfbadd137de6b9622cc3d03768719126aa1b2156b3bd5026fa402aa3d,needs_review,277,277,68962,69062,100
ELECAM-2025-EN-MAYO-SAVA-MORA-0192,192,EN,EXTREME-NORD,EN-MAYO-SAVA,MAYO-SAVA,EN-MAYO-SAVA-MORA,MORA,ECOLE PUBLIQUE DE DOMAYA / C,161,NDAZA,elecam-bv-2025-extreme-nord,c8ee9d9bfbadd137de6b9622cc3d03768719126aa1b2156b3bd5026fa402aa3d,needs_review,277,277,68962,69062,100
ELECAM-2025-EN-MAYO-SAVA-MORA-0193,193,EN,EXTREME-NORD,EN-MAYO-SAVA,MAYO-SAVA,EN-MAYO-SAVA-MORA,MORA,ECOLE PUBLIQUE DE NDOUBOU / A,161,NDOUBOU,elecam-bv-2025-extreme-nord,c8ee9d9bfbadd137de6b9622cc3d03768719126aa1b2156b3bd5026fa402aa3d,needs_review,277,277,68962,69062,100
ELECAM-2025-EN-MAYO-SAVA-MORA-0194,194,EN,EXTREME-NORD,EN-MAYO-SAVA,MAYO-SAVA,EN-MAYO-SAVA-MORA,MORA,HANGAR BLAMA DE OUDOUGVA / A,293,OUDOUGVA,elecam-bv-2025-extreme-nord,c8ee9d9bfbadd137de6b9622cc3d03768719126aa1b2156b3bd5026fa402aa3d,needs_review,277,277,68962,69062,100
ELECAM-2025-EN-MAYO-SAVA-MORA-0195,195,EN,EXTREME-NORD,EN-MAYO-SAVA,MAYO-SAVA,EN-MAYO-SAVA-MORA,MORA,HANGAR BLAMA DE OURAGA / A,415,OURAGA,elecam-bv-2025-extreme-nord,c8ee9d9bfbadd137de6b9622cc3d03768719126aa1b2156b3bd5026fa402aa3d,needs_review,277,277,68962,69062,100
ELECAM-2025-EN-MAYO-SAVA-MORA-0196,196,EN,EXTREME-NORD,EN-MAYO-SAVA,MAYO-SAVA,EN-MAYO-SAVA-MORA,MORA,HANGAR BLAMA DE OURAGA / B,57,OURAGA,elecam-bv-2025-extreme-nord,c8ee9d9bfbadd137de6b9622cc3d03768719126aa1b2156b3bd5026fa402aa3d,needs_review,277,277,68962,69062,100
ELECAM-2025-EN-MAYO-SAVA-MORA-0197,197,EN,EXTREME-NORD,EN-MAYO-SAVA,MAYO-SAVA,EN-MAYO-SAVA-MORA,MORA,HANGAR BLAMA DE OURBA YAWE / A,50,OURBA YAWE,elecam-bv-2025-extreme-nord,c8ee9d9bfbadd137de6b9622cc3d03768719126aa1b2156b3bd5026fa402aa3d,needs_review,277,277,68962,69062,100
ELECAM-2025-EN-MAYO-SAVA-MORA-0198,198,EN,EXTREME-NORD,EN-MAYO-SAVA,MAYO-SAVA,EN-MAYO-SAVA-MORA,MORA,HANGAR BLAMA DE PIVOU / A,218,PIVOU,elecam-bv-2025-extreme-nord,c8ee9d9bfbadd137de6b9622cc3d03768719126aa1b2156b3bd5026fa402aa3d,needs_review,277,277,68962,69062,100
ELECAM-2025-EN-MAYO-SAVA-MORA-0199,199,EN,EXTREME-NORD,EN-MAYO-SAVA,MAYO-SAVA,EN-MAYO-SAVA-MORA,MORA,DISPENSAIRE DE PODOKO SUD / A,388,PODOKO SUD-DISPENSAIRE,elecam-bv-2025-extreme-nord,c8ee9d9bfbadd137de6b9622cc3d03768719126aa1b2156b3bd5026fa402aa3d,needs_review,277,277,68962,69062,100
ELECAM-2025-EN-MAYO-SAVA-MORA-0200,200,EN,EXTREME-NORD,EN-MAYO-SAVA,MAYO-SAVA,EN-MAYO-SAVA-MORA,MORA,DISPENSAIRE DE PODOKO SUD / B,77,PODOKO SUD-DISPENSAIRE,elecam-bv-2025-extreme-nord,c8ee9d9bfbadd137de6b9622cc3d03768719126aa1b2156b3bd5026fa402aa3d,needs_review,277,277,68962,69062,100
ELECAM-2025-EN-MAYO-SAVA-MORA-0201,201,EN,EXTREME-NORD,EN-MAYO-SAVA,MAYO-SAVA,EN-MAYO-SAVA-MORA,MORA,HANGAR BLAMA DE PODOKO-CENTRE,366,PODOKO-CENTRE NAMBA,elecam-bv-2025-extreme-nord,c8ee9d9bfbadd137de6b9622cc3d03768719126aa1b2156b3bd5026fa402aa3d,needs_review,277,277,68962,69062,100
ELECAM-2025-EN-MAYO-SAVA-MORA-0202,202,EN,EXTREME-NORD,EN-MAYO-SAVA,MAYO-SAVA,EN-MAYO-SAVA-MORA,MORA,HANGAR BLAMA DE PODOKO-CENTRE,399,PODOKO-CENTRE NAMBA,elecam-bv-2025-extreme-nord,c8ee9d9bfbadd137de6b9622cc3d03768719126aa1b2156b3bd5026fa402aa3d,needs_review,277,277,68962,69062,100
ELECAM-2025-EN-MAYO-SAVA-MORA-0203,203,EN,EXTREME-NORD,EN-MAYO-SAVA,MAYO-SAVA,EN-MAYO-SAVA-MORA,MORA,PODOKO-SUD EP / A,354,PODOKO SUD-DISPENSAIRE,elecam-bv-2025-extreme-nord,c8ee9d9bfbadd137de6b9622cc3d03768719126aa1b2156b3bd5026fa402aa3d,needs_review,277,277,68962,69062,100
ELECAM-2025-EN-MAYO-SAVA-MORA-0204,204,EN,EXTREME-NORD,EN-MAYO-SAVA,MAYO-SAVA,EN-MAYO-SAVA-MORA,MORA,HANGAR BLAMA DE SAVA CENTRE / A,351,PONT-SAVA,elecam-bv-2025-extreme-nord,c8ee9d9bfbadd137de6b9622cc3d03768719126aa1b2156b3bd5026fa402aa3d,needs_review,277,277,68962,69062,100
ELECAM-2025-EN-MAYO-SAVA-MORA-0205,205,EN,EXTREME-NORD,EN-MAYO-SAVA,MAYO-SAVA,EN-MAYO-SAVA-MORA,MORA,HANGAR BLAMA DE POUDARA GOI-GOI / A,314,POUDARA GOI-GOI,elecam-bv-2025-extreme-nord,c8ee9d9bfbadd137de6b9622cc3d03768719126aa1b2156b3bd5026fa402aa3d,needs_review,277,277,68962,69062,100
ELECAM-2025-EN-MAYO-SAVA-MORA-0206,206,EN,EXTREME-NORD,EN-MAYO-SAVA,MAYO-SAVA,EN-MAYO-SAVA-MORA,MORA,HANGAR BLAMA DE POUDARA GOI-GOI / B,235,POUDARA GOI-GOI,elecam-bv-2025-extreme-nord,c8ee9d9bfbadd137de6b9622cc3d03768719126aa1b2156b3bd5026fa402aa3d,needs_review,277,277,68962,69062,100
ELECAM-2025-EN-MAYO-SAVA-MORA-0207,207,EN,EXTREME-NORD,EN-MAYO-SAVA,MAYO-SAVA,EN-MAYO-SAVA-MORA,MORA,HANGAR BLAMA DE SANDALE / A,415,SANDALE,elecam-bv-2025-extreme-nord,c8ee9d9bfbadd137de6b9622cc3d03768719126aa1b2156b3bd5026fa402aa3d,needs_review,277,277,68962,69062,100
ELECAM-2025-EN-MAYO-SAVA-MORA-0208,208,EN,EXTREME-NORD,EN-MAYO-SAVA,MAYO-SAVA,EN-MAYO-SAVA-MORA,MORA,HANGAR BLAMA DE SANDALE / B,185,SANDALE,elecam-bv-2025-extreme-nord,c8ee9d9bfbadd137de6b9622cc3d03768719126aa1b2156b3bd5026fa402aa3d,needs_review,277,277,68962,69062,100
ELECAM-2025-EN-MAYO-SAVA-MORA-0209,209,EN,EXTREME-NORD,EN-MAYO-SAVA,MAYO-SAVA,EN-MAYO-SAVA-MORA,MORA,HANGAR GARAGE AUTO DE SANDALE / A,406,SANDALE,elecam-bv-2025-extreme-nord,c8ee9d9bfbadd137de6b9622cc3d03768719126aa1b2156b3bd5026fa402aa3d,needs_review,277,277,68962,69062,100
ELECAM-2025-EN-MAYO-SAVA-MORA-0210,210,EN,EXTREME-NORD,EN-MAYO-SAVA,MAYO-SAVA,EN-MAYO-SAVA-MORA,MORA,HANGAR GARAGE AUTO DE SANDALE / B,115,SANDALE,elecam-bv-2025-extreme-nord,c8ee9d9bfbadd137de6b9622cc3d03768719126aa1b2156b3bd5026fa402aa3d,needs_review,277,277,68962,69062,100
ELECAM-2025-EN-MAYO-SAVA-MORA-0211,211,EN,EXTREME-NORD,EN-MAYO-SAVA,MAYO-SAVA,EN-MAYO-SAVA-MORA,MORA,ECOLE PUBLIQUE DE SEKOULE / A,227,SEKOULE,elecam-bv-2025-extreme-nord,c8ee9d9bfbadd137de6b9622cc3d03768719126aa1b2156b3bd5026fa402aa3d,needs_review,277,277,68962,69062,100
ELECAM-2025-EN-MAYO-SAVA-MORA-0212,212,EN,EXTREME-NORD,EN-MAYO-SAVA,MAYO-SAVA,EN-MAYO-SAVA-MORA,MORA,HANGAR EGLISE DE SEKOULE / A,106,SEKOULE,elecam-bv-2025-extreme-nord,c8ee9d9bfbadd137de6b9622cc3d03768719126aa1b2156b3bd5026fa402aa3d,needs_review,277,277,68962,69062,100
ELECAM-2025-EN-MAYO-SAVA-MORA-0213,213,EN,EXTREME-NORD,EN-MAYO-SAVA,MAYO-SAVA,EN-MAYO-SAVA-MORA,MORA,HANGAR BLAMA DE SERA-HADJIA / A,345,SERA-HADJIA,elecam-bv-2025-extreme-nord,c8ee9d9bfbadd137de6b9622cc3d03768719126aa1b2156b3bd5026fa402aa3d,needs_review,277,277,68962,69062,100
ELECAM-2025-EN-MAYO-SAVA-MORA-0214,214,EN,EXTREME-NORD,EN-MAYO-SAVA,MAYO-SAVA,EN-MAYO-SAVA-MORA,MORA,HANGAR BLAMA DE TAGAWA / A,185,TAGAWA,elecam-bv-2025-extreme-nord,c8ee9d9bfbadd137de6b9622cc3d03768719126aa1b2156b3bd5026fa402aa3d,needs_review,277,277,68962,69062,100
ELECAM-2025-EN-MAYO-SAVA-MORA-0215,215,EN,EXTREME-NORD,EN-MAYO-SAVA,MAYO-SAVA,EN-MAYO-SAVA-MORA,MORA,HANGAR BLAMA DE TAGOUDALE / A,296,TAGOUDALE,elecam-bv-2025-extreme-nord,c8ee9d9bfbadd137de6b9622cc3d03768719126aa1b2156b3bd5026fa402aa3d,needs_review,277,277,68962,69062,100
ELECAM-2025-EN-MAYO-SAVA-MORA-0216,216,EN,EXTREME-NORD,EN-MAYO-SAVA,MAYO-SAVA,EN-MAYO-SAVA-MORA,MORA,ECOLE PUBLIQUE DE MORA-MASSIF / A,287,TALA CHILI,elecam-bv-2025-extreme-nord,c8ee9d9bfbadd137de6b9622cc3d03768719126aa1b2156b3bd5026fa402aa3d,needs_review,277,277,68962,69062,100
ELECAM-2025-EN-MAYO-SAVA-MORA-0217,217,EN,EXTREME-NORD,EN-MAYO-SAVA,MAYO-SAVA,EN-MAYO-SAVA-MORA,MORA,ECOLE PUBLIQUE DE MORA-MASSIF / B,287,TALA CHILI,elecam-bv-2025-extreme-nord,c8ee9d9bfbadd137de6b9622cc3d03768719126aa1b2156b3bd5026fa402aa3d,needs_review,277,277,68962,69062,100
ELECAM-2025-EN-MAYO-SAVA-MORA-0218,218,EN,EXTREME-NORD,EN-MAYO-SAVA,MAYO-SAVA,EN-MAYO-SAVA-MORA,MORA,HANGAR BLAMA DE TALA VALAWA / A,323,TALA VALAWA,elecam-bv-2025-extreme-nord,c8ee9d9bfbadd137de6b9622cc3d03768719126aa1b2156b3bd5026fa402aa3d,needs_review,277,277,68962,69062,100
ELECAM-2025-EN-MAYO-SAVA-MORA-0219,219,EN,EXTREME-NORD,EN-MAYO-SAVA,MAYO-SAVA,EN-MAYO-SAVA-MORA,MORA,HANGAR BLAMA DE TALA-MANDA / A,78,TALA-MANDA BLAMA,elecam-bv-2025-extreme-nord,c8ee9d9bfbadd137de6b9622cc3d03768719126aa1b2156b3bd5026fa402aa3d,needs_review,277,277,68962,69062,100
ELECAM-2025-EN-MAYO-SAVA-MORA-0220,220,EN,EXTREME-NORD,EN-MAYO-SAVA,MAYO-SAVA,EN-MAYO-SAVA-MORA,MORA,CASE COMMUNAUTAIRE DE TAYER / A,215,TAYER DOULO CAMP MISSION,elecam-bv-2025-extreme-nord,c8ee9d9bfbadd137de6b9622cc3d03768719126aa1b2156b3bd5026fa402aa3d,needs_review,277,277,68962,69062,100
ELECAM-2025-EN-MAYO-SAVA-MORA-0221,221,EN,EXTREME-NORD,EN-MAYO-SAVA,MAYO-SAVA,EN-MAYO-SAVA-MORA,MORA,HANGAR BLAMA DE TAYER DOULO / A,335,TAYER DOULO BLAMA,elecam-bv-2025-extreme-nord,c8ee9d9bfbadd137de6b9622cc3d03768719126aa1b2156b3bd5026fa402aa3d,needs_review,277,277,68962,69062,100
ELECAM-2025-EN-MAYO-SAVA-MORA-0222,222,EN,EXTREME-NORD,EN-MAYO-SAVA,MAYO-SAVA,EN-MAYO-SAVA-MORA,MORA,HANGAR BLAMA DE TAYER DOULO / B,68,TAYER DOULO BLAMA,elecam-bv-2025-extreme-nord,c8ee9d9bfbadd137de6b9622cc3d03768719126aa1b2156b3bd5026fa402aa3d,needs_review,277,277,68962,69062,100
ELECAM-2025-EN-MAYO-SAVA-MORA-0223,223,EN,EXTREME-NORD,EN-MAYO-SAVA,MAYO-SAVA,EN-MAYO-SAVA-MORA,MORA,HANGAR BLAMA DE TCHAKAMARIE / A,301,TCHAKAMARIE,elecam-bv-2025-extreme-nord,c8ee9d9bfbadd137de6b9622cc3d03768719126aa1b2156b3bd5026fa402aa3d,needs_review,277,277,68962,69062,100
ELECAM-2025-EN-MAYO-SAVA-MORA-0224,224,EN,EXTREME-NORD,EN-MAYO-SAVA,MAYO-SAVA,EN-MAYO-SAVA-MORA,MORA,HANGAR BLAMA DE TCHAKAMARIE / B,326,TCHAKAMARIE,elecam-bv-2025-extreme-nord,c8ee9d9bfbadd137de6b9622cc3d03768719126aa1b2156b3bd5026fa402aa3d,needs_review,277,277,68962,69062,100
ELECAM-2025-EN-MAYO-SAVA-MORA-0225,225,EN,EXTREME-NORD,EN-MAYO-SAVA,MAYO-SAVA,EN-MAYO-SAVA-MORA,MORA,HANGAR BLAMA DE TCHAKAMARIE / C,303,TCHAKAMARIE,elecam-bv-2025-extreme-nord,c8ee9d9bfbadd137de6b9622cc3d03768719126aa1b2156b3bd5026fa402aa3d,needs_review,277,277,68962,69062,100
ELECAM-2025-EN-MAYO-SAVA-MORA-0226,226,EN,EXTREME-NORD,EN-MAYO-SAVA,MAYO-SAVA,EN-MAYO-SAVA-MORA,MORA,HANGAR BLAMA DE TCHEKEWABA / A,157,TCHEKEWABA,elecam-bv-2025-extreme-nord,c8ee9d9bfbadd137de6b9622cc3d03768719126aa1b2156b3bd5026fa402aa3d,needs_review,277,277,68962,69062,100
ELECAM-2025-EN-MAYO-SAVA-MORA-0227,227,EN,EXTREME-NORD,EN-MAYO-SAVA,MAYO-SAVA,EN-MAYO-SAVA-MORA,MORA,HANGAR BLAMA DE TOUSKI DJOKO / A,112,TOUSKI DJOKO,elecam-bv-2025-extreme-nord,c8ee9d9bfbadd137de6b9622cc3d03768719126aa1b2156b3bd5026fa402aa3d,needs_review,277,277,68962,69062,100
ELECAM-2025-EN-MAYO-SAVA-MORA-0228,228,EN,EXTREME-NORD,EN-MAYO-SAVA,MAYO-SAVA,EN-MAYO-SAVA-MORA,MORA,HANGAR BLAMA DE TOUSSA / A,363,TOUSSA,elecam-bv-2025-extreme-nord,c8ee9d9bfbadd137de6b9622cc3d03768719126aa1b2156b3bd5026fa402aa3d,needs_review,277,277,68962,69062,100
ELECAM-2025-EN-MAYO-SAVA-MORA-0229,229,EN,EXTREME-NORD,EN-MAYO-SAVA,MAYO-SAVA,EN-MAYO-SAVA-MORA,MORA,HANGAR BLAMA DE VADI GIGLA / A,363,VADI OUZLEGAYA,elecam-bv-2025-extreme-nord,c8ee9d9bfbadd137de6b9622cc3d03768719126aa1b2156b3bd5026fa402aa3d,needs_review,277,277,68962,69062,100
ELECAM-2025-EN-MAYO-SAVA-MORA-0230,230,EN,EXTREME-NORD,EN-MAYO-SAVA,MAYO-SAVA,EN-MAYO-SAVA-MORA,MORA,HANGAR GRENIER COM. DE VADI GIGLA / A,284,VADI OUZLEGAYA,elecam-bv-2025-extreme-nord,c8ee9d9bfbadd137de6b9622cc3d03768719126aa1b2156b3bd5026fa402aa3d,needs_review,277,277,68962,69062,100
ELECAM-2025-EN-MAYO-SAVA-MORA-0231,231,EN,EXTREME-NORD,EN-MAYO-SAVA,MAYO-SAVA,EN-MAYO-SAVA-MORA,MORA,HANGAR BLAMA DE VAME 1 / A,357,VAME,elecam-bv-2025-extreme-nord,c8ee9d9bfbadd137de6b9622cc3d03768719126aa1b2156b3bd5026fa402aa3d,needs_review,277,277,68962,69062,100
ELECAM-2025-EN-MAYO-SAVA-MORA-0232,232,EN,EXTREME-NORD,EN-MAYO-SAVA,MAYO-SAVA,EN-MAYO-SAVA-MORA,MORA,HANGAR BLAMA DE VAME 1 / B,142,VAME,elecam-bv-2025-extreme-nord,c8ee9d9bfbadd137de6b9622cc3d03768719126aa1b2156b3bd5026fa402aa3d,needs_review,277,277,68962,69062,100
ELECAM-2025-EN-MAYO-SAVA-MORA-0233,233,EN,EXTREME-NORD,EN-MAYO-SAVA,MAYO-SAVA,EN-MAYO-SAVA-MORA,MORA,HANGAR BLAMA DE VAME 2 / A,431,VAME,elecam-bv-2025-extreme-nord,c8ee9d9bfbadd137de6b9622cc3d03768719126aa1b2156b3bd5026fa402aa3d,needs_review,277,277,68962,69062,100
ELECAM-2025-EN-MAYO-SAVA-MORA-0234,234,EN,EXTREME-NORD,EN-MAYO-SAVA,MAYO-SAVA,EN-MAYO-SAVA-MORA,MORA,HANGAR BLAMA DE VOUAWA / A,294,VOUAWA,elecam-bv-2025-extreme-nord,c8ee9d9bfbadd137de6b9622cc3d03768719126aa1b2156b3bd5026fa402aa3d,needs_review,277,277,68962,69062,100
ELECAM-2025-EN-MAYO-SAVA-MORA-0235,235,EN,EXTREME-NORD,EN-MAYO-SAVA,MAYO-SAVA,EN-MAYO-SAVA-MORA,MORA,HANGAR BLAMA DE VOUAWA / B,173,VOUAWA,elecam-bv-2025-extreme-nord,c8ee9d9bfbadd137de6b9622cc3d03768719126aa1b2156b3bd5026fa402aa3d,needs_review,277,277,68962,69062,100
ELECAM-2025-EN-MAYO-SAVA-MORA-0236,236,EN,EXTREME-NORD,EN-MAYO-SAVA,MAYO-SAVA,EN-MAYO-SAVA-MORA,MORA,HANGAR ELEVAGE CZV DE MORA / A,368,WALADE,elecam-bv-2025-extreme-nord,c8ee9d9bfbadd137de6b9622cc3d03768719126aa1b2156b3bd5026fa402aa3d,needs_review,277,277,68962,69062,100
ELECAM-2025-EN-MAYO-SAVA-MORA-0237,237,EN,EXTREME-NORD,EN-MAYO-SAVA,MAYO-SAVA,EN-MAYO-SAVA-MORA,MORA,HANGAR ELEVAGE CZV DE MORA / B,386,WALADE,elecam-bv-2025-extreme-nord,c8ee9d9bfbadd137de6b9622cc3d03768719126aa1b2156b3bd5026fa402aa3d,needs_review,277,277,68962,69062,100
ELECAM-2025-EN-MAYO-SAVA-MORA-0238,238,EN,EXTREME-NORD,EN-MAYO-SAVA,MAYO-SAVA,EN-MAYO-SAVA-MORA,MORA,FOYER CULTUREL DE MORA / A,327,WALADE,elecam-bv-2025-extreme-nord,c8ee9d9bfbadd137de6b9622cc3d03768719126aa1b2156b3bd5026fa402aa3d,needs_review,277,277,68962,69062,100
ELECAM-2025-EN-MAYO-SAVA-MORA-0239,239,EN,EXTREME-NORD,EN-MAYO-SAVA,MAYO-SAVA,EN-MAYO-SAVA-MORA,MORA,FOYER CULTUREL DE MORA / B,314,WALADE,elecam-bv-2025-extreme-nord,c8ee9d9bfbadd137de6b9622cc3d03768719126aa1b2156b3bd5026fa402aa3d,needs_review,277,277,68962,69062,100
ELECAM-2025-EN-MAYO-SAVA-MORA-0240,240,EN,EXTREME-NORD,EN-MAYO-SAVA,MAYO-SAVA,EN-MAYO-SAVA-MORA,MORA,STADE MUNICIPAL DE MORA / A,396,WALADE,elecam-bv-2025-extreme-nord,c8ee9d9bfbadd137de6b9622cc3d03768719126aa1b2156b3bd5026fa402aa3d,needs_review,277,277,68962,69062,100
ELECAM-2025-EN-MAYO-SAVA-MORA-0241,241,EN,EXTREME-NORD,EN-MAYO-SAVA,MAYO-SAVA,EN-MAYO-SAVA-MORA,MORA,STADE MUNICIPAL DE MORA / B,384,WALADE,elecam-bv-2025-extreme-nord,c8ee9d9bfbadd137de6b9622cc3d03768719126aa1b2156b3bd5026fa402aa3d,needs_review,277,277,68962,69062,100
ELECAM-2025-EN-MAYO-SAVA-MORA-0242,242,EN,EXTREME-NORD,EN-MAYO-SAVA,MAYO-SAVA,EN-MAYO-SAVA-MORA,MORA,STADE MUNICIPAL DE MORA / C,412,WALADE,elecam-bv-2025-extreme-nord,c8ee9d9bfbadd137de6b9622cc3d03768719126aa1b2156b3bd5026fa402aa3d,needs_review,277,277,68962,69062,100
ELECAM-2025-EN-MAYO-SAVA-MORA-0243,243,EN,EXTREME-NORD,EN-MAYO-SAVA,MAYO-SAVA,EN-MAYO-SAVA-MORA,MORA,HANGAR BLAMA DE WALADE MARCHE / A,307,WALADE MARCHE,elecam-bv-2025-extreme-nord,c8ee9d9bfbadd137de6b9622cc3d03768719126aa1b2156b3bd5026fa402aa3d,needs_review,277,277,68962,69062,100
ELECAM-2025-EN-MAYO-SAVA-MORA-0244,244,EN,EXTREME-NORD,EN-MAYO-SAVA,MAYO-SAVA,EN-MAYO-SAVA-MORA,MORA,HANGAR BLAMA DE WALADE MARCHE / B,130,WALADE MARCHE,elecam-bv-2025-extreme-nord,c8ee9d9bfbadd137de6b9622cc3d03768719126aa1b2156b3bd5026fa402aa3d,needs_review,277,277,68962,69062,100
ELECAM-2025-EN-MAYO-SAVA-MORA-0245,245,EN,EXTREME-NORD,EN-MAYO-SAVA,MAYO-SAVA,EN-MAYO-SAVA-MORA,MORA,HANGAR BLAMA DE WALKAME / A,285,WALKAME,elecam-bv-2025-extreme-nord,c8ee9d9bfbadd137de6b9622cc3d03768719126aa1b2156b3bd5026fa402aa3d,needs_review,277,277,68962,69062,100
ELECAM-2025-EN-MAYO-SAVA-MORA-0246,246,EN,EXTREME-NORD,EN-MAYO-SAVA,MAYO-SAVA,EN-MAYO-SAVA-MORA,MORA,HANGAR BLAMA DE WAMBACHE ELIE / A,156,WAMBACHE ELIE,elecam-bv-2025-extreme-nord,c8ee9d9bfbadd137de6b9622cc3d03768719126aa1b2156b3bd5026fa402aa3d,needs_review,277,277,68962,69062,100
ELECAM-2025-EN-MAYO-SAVA-MORA-0247,247,EN,EXTREME-NORD,EN-MAYO-SAVA,MAYO-SAVA,EN-MAYO-SAVA-MORA,MORA,WAMBACHE GADADI BLAMA / A,312,WAMBACHE GADADI,elecam-bv-2025-extreme-nord,c8ee9d9bfbadd137de6b9622cc3d03768719126aa1b2156b3bd5026fa402aa3d,needs_review,277,277,68962,69062,100
ELECAM-2025-EN-MAYO-SAVA-MORA-0248,248,EN,EXTREME-NORD,EN-MAYO-SAVA,MAYO-SAVA,EN-MAYO-SAVA-MORA,MORA,HANGAR BLAMA DE WAMBACHE MODOU,334,WAMBACHE MODOU KOUROU,elecam-bv-2025-extreme-nord,c8ee9d9bfbadd137de6b9622cc3d03768719126aa1b2156b3bd5026fa402aa3d,needs_review,277,277,68962,69062,100
ELECAM-2025-EN-MAYO-SAVA-MORA-0249,249,EN,EXTREME-NORD,EN-MAYO-SAVA,MAYO-SAVA,EN-MAYO-SAVA-MORA,MORA,HANGAR BLAMA DE WARAGA / A,299,WARAGA,elecam-bv-2025-extreme-nord,c8ee9d9bfbadd137de6b9622cc3d03768719126aa1b2156b3bd5026fa402aa3d,needs_review,277,277,68962,69062,100
ELECAM-2025-EN-MAYO-SAVA-MORA-0250,250,EN,EXTREME-NORD,EN-MAYO-SAVA,MAYO-SAVA,EN-MAYO-SAVA-MORA,MORA,HANGAR BLAMA DE WARAGA / B,310,WARAGA,elecam-bv-2025-extreme-nord,c8ee9d9bfbadd137de6b9622cc3d03768719126aa1b2156b3bd5026fa402aa3d,needs_review,277,277,68962,69062,100
ELECAM-2025-EN-MAYO-SAVA-MORA-0251,251,EN,EXTREME-NORD,EN-MAYO-SAVA,MAYO-SAVA,EN-MAYO-SAVA-MORA,MORA,HANGAR BLAMA DE WARAGA / C,307,WARAGA,elecam-bv-2025-extreme-nord,c8ee9d9bfbadd137de6b9622cc3d03768719126aa1b2156b3bd5026fa402aa3d,needs_review,277,277,68962,69062,100
ELECAM-2025-EN-MAYO-SAVA-MORA-0252,252,EN,EXTREME-NORD,EN-MAYO-SAVA,MAYO-SAVA,EN-MAYO-SAVA-MORA,MORA,HANGAR BLAMA DE WARAGA / D,332,WARAGA,elecam-bv-2025-extreme-nord,c8ee9d9bfbadd137de6b9622cc3d03768719126aa1b2156b3bd5026fa402aa3d,needs_review,277,277,68962,69062,100
ELECAM-2025-EN-MAYO-SAVA-MORA-0253,253,EN,EXTREME-NORD,EN-MAYO-SAVA,MAYO-SAVA,EN-MAYO-SAVA-MORA,MORA,ECOLE PUBLIQUE DE WARBA / A,287,WARBA CENTRE,elecam-bv-2025-extreme-nord,c8ee9d9bfbadd137de6b9622cc3d03768719126aa1b2156b3bd5026fa402aa3d,needs_review,277,277,68962,69062,100
ELECAM-2025-EN-MAYO-SAVA-MORA-0254,254,EN,EXTREME-NORD,EN-MAYO-SAVA,MAYO-SAVA,EN-MAYO-SAVA-MORA,MORA,ECOLE PUBLIQUE DE WARBA / B,281,WARBA CENTRE,elecam-bv-2025-extreme-nord,c8ee9d9bfbadd137de6b9622cc3d03768719126aa1b2156b3bd5026fa402aa3d,needs_review,277,277,68962,69062,100
ELECAM-2025-EN-MAYO-SAVA-MORA-0255,255,EN,EXTREME-NORD,EN-MAYO-SAVA,MAYO-SAVA,EN-MAYO-SAVA-MORA,MORA,ECOLE PUBLIQUE DE WARBA / C,283,WARBA CENTRE,elecam-bv-2025-extreme-nord,c8ee9d9bfbadd137de6b9622cc3d03768719126aa1b2156b3bd5026fa402aa3d,needs_review,277,277,68962,69062,100
ELECAM-2025-EN-MAYO-SAVA-MORA-0256,256,EN,EXTREME-NORD,EN-MAYO-SAVA,MAYO-SAVA,EN-MAYO-SAVA-MORA,MORA,ECOLE PUBLIQUE DE YALA YALTA / A,334,YALA YALTA,elecam-bv-2025-extreme-nord,c8ee9d9bfbadd137de6b9622cc3d03768719126aa1b2156b3bd5026fa402aa3d,needs_review,277,277,68962,69062,100
ELECAM-2025-EN-MAYO-SAVA-MORA-0257,257,EN,EXTREME-NORD,EN-MAYO-SAVA,MAYO-SAVA,EN-MAYO-SAVA-MORA,MORA,ECOLE PUBLIQUE DE YALA YALTA / B,69,YALA YALTA,elecam-bv-2025-extreme-nord,c8ee9d9bfbadd137de6b9622cc3d03768719126aa1b2156b3bd5026fa402aa3d,needs_review,277,277,68962,69062,100
ELECAM-2025-EN-MAYO-SAVA-MORA-0258,258,EN,EXTREME-NORD,EN-MAYO-SAVA,MAYO-SAVA,EN-MAYO-SAVA-MORA,MORA,HANGAR CAMPEMENT DE ZOUELVA / A,449,ZOUELVA CAMPEMENT,elecam-bv-2025-extreme-nord,c8ee9d9bfbadd137de6b9622cc3d03768719126aa1b2156b3bd5026fa402aa3d,needs_review,277,277,68962,69062,100
ELECAM-2025-EN-MAYO-SAVA-MORA-0259,259,EN,EXTREME-NORD,EN-MAYO-SAVA,MAYO-SAVA,EN-MAYO-SAVA-MORA,MORA,HANGAR CAMPEMENT DE ZOUELVA / B,53,ZOUELVA CAMPEMENT,elecam-bv-2025-extreme-nord,c8ee9d9bfbadd137de6b9622cc3d03768719126aa1b2156b3bd5026fa402aa3d,needs_review,277,277,68962,69062,100
ELECAM-2025-EN-MAYO-SAVA-MORA-0260,260,EN,EXTREME-NORD,EN-MAYO-SAVA,MAYO-SAVA,EN-MAYO-SAVA-MORA,MORA,ECOLE PUBLIQUE DE ZOUELVA / A,390,ZOUELVA ECOLE,elecam-bv-2025-extreme-nord,c8ee9d9bfbadd137de6b9622cc3d03768719126aa1b2156b3bd5026fa402aa3d,needs_review,277,277,68962,69062,100
ELECAM-2025-EN-MAYO-SAVA-MORA-0261,261,EN,EXTREME-NORD,EN-MAYO-SAVA,MAYO-SAVA,EN-MAYO-SAVA-MORA,MORA,ECOLE PUBLIQUE DE ZOUELVA / B,193,ZOUELVA ECOLE,elecam-bv-2025-extreme-nord,c8ee9d9bfbadd137de6b9622cc3d03768719126aa1b2156b3bd5026fa402aa3d,needs_review,277,277,68962,69062,100
ELECAM-2025-EN-MAYO-SAVA-MORA-0262,262,EN,EXTREME-NORD,EN-MAYO-SAVA,MAYO-SAVA,EN-MAYO-SAVA-MORA,MORA,HANGAR BLAMA DE KANGARWA / A,159,ABOUDJA,elecam-bv-2025-extreme-nord,c8ee9d9bfbadd137de6b9622cc3d03768719126aa1b2156b3bd5026fa402aa3d,needs_review,277,277,68962,69062,100
ELECAM-2025-EN-MAYO-SAVA-MORA-0263,263,EN,EXTREME-NORD,EN-MAYO-SAVA,MAYO-SAVA,EN-MAYO-SAVA-MORA,MORA,HANGAR BLAMA DE MADJIRDE / A,45,MADJIRDE,elecam-bv-2025-extreme-nord,c8ee9d9bfbadd137de6b9622cc3d03768719126aa1b2156b3bd5026fa402aa3d,needs_review,277,277,68962,69062,100
ELECAM-2025-EN-MAYO-SAVA-MORA-0264,264,EN,EXTREME-NORD,EN-MAYO-SAVA,MAYO-SAVA,EN-MAYO-SAVA-MORA,MORA,HANGAR BLAMA DE DJABIRE / A,226,ABBA ZAGOUL,elecam-bv-2025-extreme-nord,c8ee9d9bfbadd137de6b9622cc3d03768719126aa1b2156b3bd5026fa402aa3d,needs_review,277,277,68962,69062,100
ELECAM-2025-EN-MAYO-SAVA-MORA-0265,265,EN,EXTREME-NORD,EN-MAYO-SAVA,MAYO-SAVA,EN-MAYO-SAVA-MORA,MORA,KLISSAWA / A,161,KLISSAWA,elecam-bv-2025-extreme-nord,c8ee9d9bfbadd137de6b9622cc3d03768719126aa1b2156b3bd5026fa402aa3d,needs_review,277,277,68962,69062,100
ELECAM-2025-EN-MAYO-SAVA-MORA-0266,266,EN,EXTREME-NORD,EN-MAYO-SAVA,MAYO-SAVA,EN-MAYO-SAVA-MORA,MORA,HANGAR BLAMA DE MOFGORE / A,72,GUIDIGUIDI,elecam-bv-2025-extreme-nord,c8ee9d9bfbadd137de6b9622cc3d03768719126aa1b2156b3bd5026fa402aa3d,needs_review,277,277,68962,69062,100
ELECAM-2025-EN-MAYO-SAVA-MORA-0267,267,EN,EXTREME-NORD,EN-MAYO-SAVA,MAYO-SAVA,EN-MAYO-SAVA-MORA,MORA,HANGAR BLAMA DE MASTAFARI / A,96,MASTAFARI,elecam-bv-2025-extreme-nord,c8ee9d9bfbadd137de6b9622cc3d03768719126aa1b2156b3bd5026fa402aa3d,needs_review,277,277,68962,69062,100
ELECAM-2025-EN-MAYO-SAVA-MORA-0268,268,EN,EXTREME-NORD,EN-MAYO-SAVA,MAYO-SAVA,EN-MAYO-SAVA-MORA,MORA,HANGAR BLAMA DE YOLEL DADI / A,218,YOLEL DADI,elecam-bv-2025-extreme-nord,c8ee9d9bfbadd137de6b9622cc3d03768719126aa1b2156b3bd5026fa402aa3d,needs_review,277,277,68962,69062,100
ELECAM-2025-EN-MAYO-SAVA-MORA-0269,269,EN,EXTREME-NORD,EN-MAYO-SAVA,MAYO-SAVA,EN-MAYO-SAVA-MORA,MORA,HANGAR BLAMA DE BIWANA / A,192,BIWANA,elecam-bv-2025-extreme-nord,c8ee9d9bfbadd137de6b9622cc3d03768719126aa1b2156b3bd5026fa402aa3d,needs_review,277,277,68962,69062,100
ELECAM-2025-EN-MAYO-SAVA-MORA-0270,270,EN,EXTREME-NORD,EN-MAYO-SAVA,MAYO-SAVA,EN-MAYO-SAVA-MORA,MORA,MBIRCHE / A,148,KARASSIRI,elecam-bv-2025-extreme-nord,c8ee9d9bfbadd137de6b9622cc3d03768719126aa1b2156b3bd5026fa402aa3d,needs_review,277,277,68962,69062,100
ELECAM-2025-EN-MAYO-SAVA-MORA-0271,271,EN,EXTREME-NORD,EN-MAYO-SAVA,MAYO-SAVA,EN-MAYO-SAVA-MORA,MORA,HANGAR DELEGATION DEPARTEMENTALE,84,QUARTIER A2 PREFECTORAL,elecam-bv-2025-extreme-nord,c8ee9d9bfbadd137de6b9622cc3d03768719126aa1b2156b3bd5026fa402aa3d,needs_review,277,277,68962,69062,100
ELECAM-2025-EN-MAYO-SAVA-MORA-0272,272,EN,EXTREME-NORD,EN-MAYO-SAVA,MAYO-SAVA,EN-MAYO-SAVA-MORA,MORA,ESPLANADE COMMUNE DE MORA / A,196,QUARTIER COMMUNE,elecam-bv-2025-extreme-nord,c8ee9d9bfbadd137de6b9622cc3d03768719126aa1b2156b3bd5026fa402aa3d,needs_review,277,277,68962,69062,100
ELECAM-2025-EN-MAYO-SAVA-MORA-0273,273,EN,EXTREME-NORD,EN-MAYO-SAVA,MAYO-SAVA,EN-MAYO-SAVA-MORA,MORA,HANGAR BLAMA DABRA / A,170,QUARTIER MOUNDANG,elecam-bv-2025-extreme-nord,c8ee9d9bfbadd137de6b9622cc3d03768719126aa1b2156b3bd5026fa402aa3d,needs_review,277,277,68962,69062,100
ELECAM-2025-EN-MAYO-SAVA-MORA-0274,274,EN,EXTREME-NORD,EN-MAYO-SAVA,MAYO-SAVA,EN-MAYO-SAVA-MORA,MORA,ECOLE PUBLIQUE DE TCHOKO / A,106,TCHOKO,elecam-bv-2025-extreme-nord,c8ee9d9bfbadd137de6b9622cc3d03768719126aa1b2156b3bd5026fa402aa3d,needs_review,277,277,68962,69062,100
ELECAM-2025-EN-MAYO-SAVA-MORA-0275,275,EN,EXTREME-NORD,EN-MAYO-SAVA,MAYO-SAVA,EN-MAYO-SAVA-MORA,MORA,HANGAR BLAMA DE DJAMPALA-MEME / A,116,DJAMPALA-MEME,elecam-bv-2025-extreme-nord,c8ee9d9bfbadd137de6b9622cc3d03768719126aa1b2156b3bd5026fa402aa3d,needs_review,277,277,68962,69062,100
ELECAM-2025-EN-MAYO-SAVA-MORA-0276,276,EN,EXTREME-NORD,EN-MAYO-SAVA,MAYO-SAVA,EN-MAYO-SAVA-MORA,MORA,HANGAR MARCHE DE BOURDALA / A,96,BOURDALA,elecam-bv-2025-extreme-nord,c8ee9d9bfbadd137de6b9622cc3d03768719126aa1b2156b3bd5026fa402aa3d,needs_review,277,277,68962,69062,100
ELECAM-2025-EN-MAYO-SAVA-MORA-0277,277,EN,EXTREME-NORD,EN-MAYO-SAVA,MAYO-SAVA,EN-MAYO-SAVA-MORA,MORA,ECOLE PRIVEE ALLEMANDE D’AMTCHALI / A,90,AMTCHALI – CHULZENTRUM,elecam-bv-2025-extreme-nord,c8ee9d9bfbadd137de6b9622cc3d03768719126aa1b2156b3bd5026fa402aa3d,needs_review,277,277,68962,69062,100
ELECAM-2025-LT-MOUNGO-BONALEA-0001,1,LT,LITTORAL,LT-MOUNGO,MOUNGO,LT-MOUNGO-BONALEA,BONALEA,ECOLE PUBLIQUE BANSENG / A,43,BANSENG,elecam-bv-2025-littoral,e42152849acb4f244a8496c99704df19983ff29cb46fd163454bf511eaffa940,needs_review,73,73,17843,17943,100
ELECAM-2025-LT-MOUNGO-BONALEA-0002,2,LT,LITTORAL,LT-MOUNGO,MOUNGO,LT-MOUNGO-BONALEA,BONALEA,CETIC DE SOUZA / A,272,BAYON,elecam-bv-2025-littoral,e42152849acb4f244a8496c99704df19983ff29cb46fd163454bf511eaffa940,needs_review,73,73,17843,17943,100
ELECAM-2025-LT-MOUNGO-BONALEA-0003,3,LT,LITTORAL,LT-MOUNGO,MOUNGO,LT-MOUNGO-BONALEA,BONALEA,CETIC DE SOUZA / B,272,BAYON,elecam-bv-2025-littoral,e42152849acb4f244a8496c99704df19983ff29cb46fd163454bf511eaffa940,needs_review,73,73,17843,17943,100
ELECAM-2025-LT-MOUNGO-BONALEA-0004,4,LT,LITTORAL,LT-MOUNGO,MOUNGO,LT-MOUNGO-BONALEA,BONALEA,CETIC DE SOUZA / C,221,BAYON,elecam-bv-2025-littoral,e42152849acb4f244a8496c99704df19983ff29cb46fd163454bf511eaffa940,needs_review,73,73,17843,17943,100
ELECAM-2025-LT-MOUNGO-BONALEA-0005,5,LT,LITTORAL,LT-MOUNGO,MOUNGO,LT-MOUNGO-BONALEA,BONALEA,ECOLE ST LUC / A,320,BEKOUMA-KAKE,elecam-bv-2025-littoral,e42152849acb4f244a8496c99704df19983ff29cb46fd163454bf511eaffa940,needs_review,73,73,17843,17943,100
ELECAM-2025-LT-MOUNGO-BONALEA-0006,6,LT,LITTORAL,LT-MOUNGO,MOUNGO,LT-MOUNGO-BONALEA,BONALEA,BESSOUNGKANG (CENTRE DE SANTE) / A,110,BENGSE,elecam-bv-2025-littoral,e42152849acb4f244a8496c99704df19983ff29cb46fd163454bf511eaffa940,needs_review,73,73,17843,17943,100
ELECAM-2025-LT-MOUNGO-BONALEA-0007,7,LT,LITTORAL,LT-MOUNGO,MOUNGO,LT-MOUNGO-BONALEA,BONALEA,E.P. BIL MOUNDANI SOUZA / A,316,BINAM,elecam-bv-2025-littoral,e42152849acb4f244a8496c99704df19983ff29cb46fd163454bf511eaffa940,needs_review,73,73,17843,17943,100
ELECAM-2025-LT-MOUNGO-BONALEA-0008,8,LT,LITTORAL,LT-MOUNGO,MOUNGO,LT-MOUNGO-BONALEA,BONALEA,E.P. BIL MOUNDANI SOUZA / B,321,BINAM,elecam-bv-2025-littoral,e42152849acb4f244a8496c99704df19983ff29cb46fd163454bf511eaffa940,needs_review,73,73,17843,17943,100
ELECAM-2025-LT-MOUNGO-BONALEA-0009,9,LT,LITTORAL,LT-MOUNGO,MOUNGO,LT-MOUNGO-BONALEA,BONALEA,E.P. BIL MOUNDANI SOUZA / C,308,BINAM,elecam-bv-2025-littoral,e42152849acb4f244a8496c99704df19983ff29cb46fd163454bf511eaffa940,needs_review,73,73,17843,17943,100
ELECAM-2025-LT-MOUNGO-BONALEA-0010,10,LT,LITTORAL,LT-MOUNGO,MOUNGO,LT-MOUNGO-BONALEA,BONALEA,E.P. BIL MOUNDANI SOUZA / D,378,BINAM,elecam-bv-2025-littoral,e42152849acb4f244a8496c99704df19983ff29cb46fd163454bf511eaffa940,needs_review,73,73,17843,17943,100
ELECAM-2025-LT-MOUNGO-BONALEA-0011,11,LT,LITTORAL,LT-MOUNGO,MOUNGO,LT-MOUNGO-BONALEA,BONALEA,E.P. BIL MOUNDANI SOUZA / E,298,BINAM,elecam-bv-2025-littoral,e42152849acb4f244a8496c99704df19983ff29cb46fd163454bf511eaffa940,needs_review,73,73,17843,17943,100
ELECAM-2025-LT-MOUNGO-BONALEA-0012,12,LT,LITTORAL,LT-MOUNGO,MOUNGO,LT-MOUNGO-BONALEA,BONALEA,E.P. BIL MOUNDANI SOUZA / F,335,BINAM,elecam-bv-2025-littoral,e42152849acb4f244a8496c99704df19983ff29cb46fd163454bf511eaffa940,needs_review,73,73,17843,17943,100
ELECAM-2025-LT-MOUNGO-BONALEA-0013,13,LT,LITTORAL,LT-MOUNGO,MOUNGO,LT-MOUNGO-BONALEA,BONALEA,E.P. BIL MOUNDANI SOUZA / G,352,BINAM,elecam-bv-2025-littoral,e42152849acb4f244a8496c99704df19983ff29cb46fd163454bf511eaffa940,needs_review,73,73,17843,17943,100
ELECAM-2025-LT-MOUNGO-BONALEA-0014,14,LT,LITTORAL,LT-MOUNGO,MOUNGO,LT-MOUNGO-BONALEA,BONALEA,E.P. BIL MOUNDANI SOUZA / H,269,BINAM,elecam-bv-2025-littoral,e42152849acb4f244a8496c99704df19983ff29cb46fd163454bf511eaffa940,needs_review,73,73,17843,17943,100
ELECAM-2025-LT-MOUNGO-BONALEA-0015,15,LT,LITTORAL,LT-MOUNGO,MOUNGO,LT-MOUNGO-BONALEA,BONALEA,E.P. BIL MOUNDANI SOUZA / I,289,BINAM,elecam-bv-2025-littoral,e42152849acb4f244a8496c99704df19983ff29cb46fd163454bf511eaffa940,needs_review,73,73,17843,17943,100
ELECAM-2025-LT-MOUNGO-BONALEA-0016,16,LT,LITTORAL,LT-MOUNGO,MOUNGO,LT-MOUNGO-BONALEA,BONALEA,E.P. BIL MOUNDANI SOUZA / J,291,BINAM,elecam-bv-2025-littoral,e42152849acb4f244a8496c99704df19983ff29cb46fd163454bf511eaffa940,needs_review,73,73,17843,17943,100
ELECAM-2025-LT-MOUNGO-BONALEA-0017,17,LT,LITTORAL,LT-MOUNGO,MOUNGO,LT-MOUNGO-BONALEA,BONALEA,E.P. BIL MOUNDANI SOUZA / K,246,BINAM,elecam-bv-2025-littoral,e42152849acb4f244a8496c99704df19983ff29cb46fd163454bf511eaffa940,needs_review,73,73,17843,17943,100
ELECAM-2025-LT-MOUNGO-BONALEA-0018,18,LT,LITTORAL,LT-MOUNGO,MOUNGO,LT-MOUNGO-BONALEA,BONALEA,BONAKOU-BWAPAKI (E.P.) / A,84,BONAKOU-BWAPAKI,elecam-bv-2025-littoral,e42152849acb4f244a8496c99704df19983ff29cb46fd163454bf511eaffa940,needs_review,73,73,17843,17943,100
ELECAM-2025-LT-MOUNGO-BONALEA-0019,19,LT,LITTORAL,LT-MOUNGO,MOUNGO,LT-MOUNGO-BONALEA,BONALEA,CASE COMMUNAUTAIRE MANGAMBA / A,107,BONAKWASSI,elecam-bv-2025-littoral,e42152849acb4f244a8496c99704df19983ff29cb46fd163454bf511eaffa940,needs_review,73,73,17843,17943,100
ELECAM-2025-LT-MOUNGO-BONALEA-0020,20,LT,LITTORAL,LT-MOUNGO,MOUNGO,LT-MOUNGO-BONALEA,BONALEA,ECOLE PUBLIQUE MANDOUKA / A,176,BONANGASSE,elecam-bv-2025-littoral,e42152849acb4f244a8496c99704df19983ff29cb46fd163454bf511eaffa940,needs_review,73,73,17843,17943,100
ELECAM-2025-LT-MOUNGO-BONALEA-0021,21,LT,LITTORAL,LT-MOUNGO,MOUNGO,LT-MOUNGO-BONALEA,BONALEA,ECOLE PUBLIQUE KAKE VILLAGE / A,291,BADOU KAKE,elecam-bv-2025-littoral,e42152849acb4f244a8496c99704df19983ff29cb46fd163454bf511eaffa940,needs_review,73,73,17843,17943,100
ELECAM-2025-LT-MOUNGO-BONALEA-0022,22,LT,LITTORAL,LT-MOUNGO,MOUNGO,LT-MOUNGO-BONALEA,BONALEA,ECOLE DES PARENTS KOUNANG / A,46,BONATOTO,elecam-bv-2025-littoral,e42152849acb4f244a8496c99704df19983ff29cb46fd163454bf511eaffa940,needs_review,73,73,17843,17943,100
ELECAM-2025-LT-MOUNGO-BONALEA-0023,23,LT,LITTORAL,LT-MOUNGO,MOUNGO,LT-MOUNGO-BONALEA,BONALEA,CASE COMMUNAUTAIRE LONDO - BWAPAKI /,92,BWAPAKI - NDONGO,elecam-bv-2025-littoral,e42152849acb4f244a8496c99704df19983ff29cb46fd163454bf511eaffa940,needs_review,73,73,17843,17943,100
ELECAM-2025-LT-MOUNGO-BONALEA-0024,24,LT,LITTORAL,LT-MOUNGO,MOUNGO,LT-MOUNGO-BONALEA,BONALEA,GRAND-SOUZA ECOLE PUBLIQUE / A,394,GRAND SOUZA,elecam-bv-2025-littoral,e42152849acb4f244a8496c99704df19983ff29cb46fd163454bf511eaffa940,needs_review,73,73,17843,17943,100
ELECAM-2025-LT-MOUNGO-BONALEA-0025,25,LT,LITTORAL,LT-MOUNGO,MOUNGO,LT-MOUNGO-BONALEA,BONALEA,ECOLE PUBLIQUE MIANG / A,203,KOKI,elecam-bv-2025-littoral,e42152849acb4f244a8496c99704df19983ff29cb46fd163454bf511eaffa940,needs_review,73,73,17843,17943,100
ELECAM-2025-LT-MOUNGO-BONALEA-0026,26,LT,LITTORAL,LT-MOUNGO,MOUNGO,LT-MOUNGO-BONALEA,BONALEA,CLUB CDC CAMP I KOMPINA / A,160,KOMPINA CDC-CAMP,elecam-bv-2025-littoral,e42152849acb4f244a8496c99704df19983ff29cb46fd163454bf511eaffa940,needs_review,73,73,17843,17943,100
ELECAM-2025-LT-MOUNGO-BONALEA-0027,27,LT,LITTORAL,LT-MOUNGO,MOUNGO,LT-MOUNGO-BONALEA,BONALEA,SECTION OFFICE KOMPINA / A,293,KOMPINA CDC-CAMP,elecam-bv-2025-littoral,e42152849acb4f244a8496c99704df19983ff29cb46fd163454bf511eaffa940,needs_review,73,73,17843,17943,100
ELECAM-2025-LT-MOUNGO-BONALEA-0028,28,LT,LITTORAL,LT-MOUNGO,MOUNGO,LT-MOUNGO-BONALEA,BONALEA,ECOLE BIL KOMPINA ROAD / A,341,KOMPINA BAG-GARE,elecam-bv-2025-littoral,e42152849acb4f244a8496c99704df19983ff29cb46fd163454bf511eaffa940,needs_review,73,73,17843,17943,100
ELECAM-2025-LT-MOUNGO-BONALEA-0029,29,LT,LITTORAL,LT-MOUNGO,MOUNGO,LT-MOUNGO-BONALEA,BONALEA,ECOLE BIL KOMPINA ROAD / B,357,KOMPINA BAG-GARE,elecam-bv-2025-littoral,e42152849acb4f244a8496c99704df19983ff29cb46fd163454bf511eaffa940,needs_review,73,73,17843,17943,100
ELECAM-2025-LT-MOUNGO-BONALEA-0030,30,LT,LITTORAL,LT-MOUNGO,MOUNGO,LT-MOUNGO-BONALEA,BONALEA,ECOLE BIL KOMPINA ROAD / C,332,KOMPINA BAG-GARE,elecam-bv-2025-littoral,e42152849acb4f244a8496c99704df19983ff29cb46fd163454bf511eaffa940,needs_review,73,73,17843,17943,100
ELECAM-2025-LT-MOUNGO-BONALEA-0031,31,LT,LITTORAL,LT-MOUNGO,MOUNGO,LT-MOUNGO-BONALEA,BONALEA,ECOLE BIL KOMPINA ROAD / D,341,KOMPINA BAG-GARE,elecam-bv-2025-littoral,e42152849acb4f244a8496c99704df19983ff29cb46fd163454bf511eaffa940,needs_review,73,73,17843,17943,100
ELECAM-2025-LT-MOUNGO-BONALEA-0032,32,LT,LITTORAL,LT-MOUNGO,MOUNGO,LT-MOUNGO-BONALEA,BONALEA,MAKEMBA (EEC) / A,56,MAKEMBA,elecam-bv-2025-littoral,e42152849acb4f244a8496c99704df19983ff29cb46fd163454bf511eaffa940,needs_review,73,73,17843,17943,100
ELECAM-2025-LT-MOUNGO-BONALEA-0033,33,LT,LITTORAL,LT-MOUNGO,MOUNGO,LT-MOUNGO-BONALEA,BONALEA,ECOLE ST KISITO MALEKE / A,328,MALEKE - CARREFOUR,elecam-bv-2025-littoral,e42152849acb4f244a8496c99704df19983ff29cb46fd163454bf511eaffa940,needs_review,73,73,17843,17943,100
ELECAM-2025-LT-MOUNGO-BONALEA-0034,34,LT,LITTORAL,LT-MOUNGO,MOUNGO,LT-MOUNGO-BONALEA,BONALEA,ECOLE ST KISITO MALEKE / B,212,MALEKE - CARREFOUR,elecam-bv-2025-littoral,e42152849acb4f244a8496c99704df19983ff29cb46fd163454bf511eaffa940,needs_review,73,73,17843,17943,100
ELECAM-2025-LT-MOUNGO-BONALEA-0035,35,LT,LITTORAL,LT-MOUNGO,MOUNGO,LT-MOUNGO-BONALEA,BONALEA,ECOLE ST KISITO MALEKE / C,220,MALEKE - CARREFOUR,elecam-bv-2025-littoral,e42152849acb4f244a8496c99704df19983ff29cb46fd163454bf511eaffa940,needs_review,73,73,17843,17943,100
ELECAM-2025-LT-MOUNGO-BONALEA-0036,36,LT,LITTORAL,LT-MOUNGO,MOUNGO,LT-MOUNGO-BONALEA,BONALEA,ECOLE PUBLIQUE MALENDE / A,63,MALENDE,elecam-bv-2025-littoral,e42152849acb4f244a8496c99704df19983ff29cb46fd163454bf511eaffa940,needs_review,73,73,17843,17943,100
ELECAM-2025-LT-MOUNGO-BONALEA-0037,37,LT,LITTORAL,LT-MOUNGO,MOUNGO,LT-MOUNGO-BONALEA,BONALEA,EEC MANKOULANG / A,63,MANKOULANG,elecam-bv-2025-littoral,e42152849acb4f244a8496c99704df19983ff29cb46fd163454bf511eaffa940,needs_review,73,73,17843,17943,100
ELECAM-2025-LT-MOUNGO-BONALEA-0038,38,LT,LITTORAL,LT-MOUNGO,MOUNGO,LT-MOUNGO-BONALEA,BONALEA,CASE DE PASSAGE MAYEN / A,116,MAYEN,elecam-bv-2025-littoral,e42152849acb4f244a8496c99704df19983ff29cb46fd163454bf511eaffa940,needs_review,73,73,17843,17943,100
ELECAM-2025-LT-MOUNGO-BONALEA-0039,39,LT,LITTORAL,LT-MOUNGO,MOUNGO,LT-MOUNGO-BONALEA,BONALEA,ECOLE PUBLIQUE SOCAPALM MBONJO I / A,277,MBONJO I,elecam-bv-2025-littoral,e42152849acb4f244a8496c99704df19983ff29cb46fd163454bf511eaffa940,needs_review,73,73,17843,17943,100
ELECAM-2025-LT-MOUNGO-BONALEA-0040,40,LT,LITTORAL,LT-MOUNGO,MOUNGO,LT-MOUNGO-BONALEA,BONALEA,ECOLE PUBLIQUE SOCAPALM MBONJO I / B,235,MBONJO I,elecam-bv-2025-littoral,e42152849acb4f244a8496c99704df19983ff29cb46fd163454bf511eaffa940,needs_review,73,73,17843,17943,100
ELECAM-2025-LT-MOUNGO-BONALEA-0041,41,LT,LITTORAL,LT-MOUNGO,MOUNGO,LT-MOUNGO-BONALEA,BONALEA,CASE COMMUNAUTAIRE MBONJO - VILL / A,159,MBONJO I,elecam-bv-2025-littoral,e42152849acb4f244a8496c99704df19983ff29cb46fd163454bf511eaffa940,needs_review,73,73,17843,17943,100
ELECAM-2025-LT-MOUNGO-BONALEA-0042,42,LT,LITTORAL,LT-MOUNGO,MOUNGO,LT-MOUNGO-BONALEA,BONALEA,E.P. NDOULOU / A,278,"NDOULOU(MIANG,BADOU,BADJIOU)",elecam-bv-2025-littoral,e42152849acb4f244a8496c99704df19983ff29cb46fd163454bf511eaffa940,needs_review,73,73,17843,17943,100
ELECAM-2025-LT-MOUNGO-BONALEA-0043,43,LT,LITTORAL,LT-MOUNGO,MOUNGO,LT-MOUNGO-BONALEA,BONALEA,FOYER CAMP II CDC PENDA MBOKO / A,273,PENDA MBOKO-CDC-CAMP,elecam-bv-2025-littoral,e42152849acb4f244a8496c99704df19983ff29cb46fd163454bf511eaffa940,needs_review,73,73,17843,17943,100
ELECAM-2025-LT-MOUNGO-BONALEA-0044,44,LT,LITTORAL,LT-MOUNGO,MOUNGO,LT-MOUNGO-BONALEA,BONALEA,FOYER CAMP II CDC PENDA MBOKO / B,141,PENDA MBOKO-CDC-CAMP,elecam-bv-2025-littoral,e42152849acb4f244a8496c99704df19983ff29cb46fd163454bf511eaffa940,needs_review,73,73,17843,17943,100
ELECAM-2025-LT-MOUNGO-BONALEA-0045,45,LT,LITTORAL,LT-MOUNGO,MOUNGO,LT-MOUNGO-BONALEA,BONALEA,CAMP III DOMESTIC PENDA MBOKO / A,283,PENDA MBOKO-CDC-CAMP,elecam-bv-2025-littoral,e42152849acb4f244a8496c99704df19983ff29cb46fd163454bf511eaffa940,needs_review,73,73,17843,17943,100
ELECAM-2025-LT-MOUNGO-BONALEA-0046,46,LT,LITTORAL,LT-MOUNGO,MOUNGO,LT-MOUNGO-BONALEA,BONALEA,E.P. G 2 PENDA MBOKO CDC / A,330,PENDA MBOKO-CDC-CAMP,elecam-bv-2025-littoral,e42152849acb4f244a8496c99704df19983ff29cb46fd163454bf511eaffa940,needs_review,73,73,17843,17943,100
ELECAM-2025-LT-MOUNGO-BONALEA-0047,47,LT,LITTORAL,LT-MOUNGO,MOUNGO,LT-MOUNGO-BONALEA,BONALEA,SECTION OFFICE CAMP V PENDA -MBOKO / A,183,PENDA MBOKO-CDC-CAMP 5 &,elecam-bv-2025-littoral,e42152849acb4f244a8496c99704df19983ff29cb46fd163454bf511eaffa940,needs_review,73,73,17843,17943,100
ELECAM-2025-LT-MOUNGO-BONALEA-0048,48,LT,LITTORAL,LT-MOUNGO,MOUNGO,LT-MOUNGO-BONALEA,BONALEA,LYCEE BIL DE PENDA MBOKO / A,364,PENDA MBOKO-VILLAGE,elecam-bv-2025-littoral,e42152849acb4f244a8496c99704df19983ff29cb46fd163454bf511eaffa940,needs_review,73,73,17843,17943,100
ELECAM-2025-LT-MOUNGO-BONALEA-0049,49,LT,LITTORAL,LT-MOUNGO,MOUNGO,LT-MOUNGO-BONALEA,BONALEA,LYCEE BIL DE PENDA MBOKO / B,336,PENDA MBOKO-VILLAGE,elecam-bv-2025-littoral,e42152849acb4f244a8496c99704df19983ff29cb46fd163454bf511eaffa940,needs_review,73,73,17843,17943,100
ELECAM-2025-LT-MOUNGO-BONALEA-0050,50,LT,LITTORAL,LT-MOUNGO,MOUNGO,LT-MOUNGO-BONALEA,BONALEA,E.P. SOUZA GARE / A,312,ANCIENNE POSTE,elecam-bv-2025-littoral,e42152849acb4f244a8496c99704df19983ff29cb46fd163454bf511eaffa940,needs_review,73,73,17843,17943,100
ELECAM-2025-LT-MOUNGO-BONALEA-0051,51,LT,LITTORAL,LT-MOUNGO,MOUNGO,LT-MOUNGO-BONALEA,BONALEA,E.P. SOUZA GARE / B,324,ANCIENNE POSTE,elecam-bv-2025-littoral,e42152849acb4f244a8496c99704df19983ff29cb46fd163454bf511eaffa940,needs_review,73,73,17843,17943,100
ELECAM-2025-LT-MOUNGO-BONALEA-0052,52,LT,LITTORAL,LT-MOUNGO,MOUNGO,LT-MOUNGO-BONALEA,BONALEA,E.P. SOUZA GARE / C,289,ANCIENNE POSTE,elecam-bv-2025-littoral,e42152849acb4f244a8496c99704df19983ff29cb46fd163454bf511eaffa940,needs_review,73,73,17843,17943,100
ELECAM-2025-LT-MOUNGO-BONALEA-0053,53,LT,LITTORAL,LT-MOUNGO,MOUNGO,LT-MOUNGO-BONALEA,BONALEA,E.P. SOUZA GARE / D,355,ANCIENNE POSTE,elecam-bv-2025-littoral,e42152849acb4f244a8496c99704df19983ff29cb46fd163454bf511eaffa940,needs_review,73,73,17843,17943,100
ELECAM-2025-LT-MOUNGO-BONALEA-0054,54,LT,LITTORAL,LT-MOUNGO,MOUNGO,LT-MOUNGO-BONALEA,BONALEA,E.P. SOUZA GARE / E,196,ANCIENNE POSTE,elecam-bv-2025-littoral,e42152849acb4f244a8496c99704df19983ff29cb46fd163454bf511eaffa940,needs_review,73,73,17843,17943,100
ELECAM-2025-LT-MOUNGO-BONALEA-0055,55,LT,LITTORAL,LT-MOUNGO,MOUNGO,LT-MOUNGO-BONALEA,BONALEA,COLLEGE HERBERT SOUZA-GARE / A,323,SOUZA - BANGOULAP,elecam-bv-2025-littoral,e42152849acb4f244a8496c99704df19983ff29cb46fd163454bf511eaffa940,needs_review,73,73,17843,17943,100
ELECAM-2025-LT-MOUNGO-BONALEA-0056,56,LT,LITTORAL,LT-MOUNGO,MOUNGO,LT-MOUNGO-BONALEA,BONALEA,COLLEGE HERBERT SOUZA-GARE / B,323,SOUZA - BANGOULAP,elecam-bv-2025-littoral,e42152849acb4f244a8496c99704df19983ff29cb46fd163454bf511eaffa940,needs_review,73,73,17843,17943,100
ELECAM-2025-LT-MOUNGO-BONALEA-0057,57,LT,LITTORAL,LT-MOUNGO,MOUNGO,LT-MOUNGO-BONALEA,BONALEA,COLLEGE HERBERT SOUZA-GARE / C,319,SOUZA - BANGOULAP,elecam-bv-2025-littoral,e42152849acb4f244a8496c99704df19983ff29cb46fd163454bf511eaffa940,needs_review,73,73,17843,17943,100
ELECAM-2025-LT-MOUNGO-BONALEA-0058,58,LT,LITTORAL,LT-MOUNGO,MOUNGO,LT-MOUNGO-BONALEA,BONALEA,COLLEGE HERBERT SOUZA-GARE / D,282,SOUZA - BANGOULAP,elecam-bv-2025-littoral,e42152849acb4f244a8496c99704df19983ff29cb46fd163454bf511eaffa940,needs_review,73,73,17843,17943,100
ELECAM-2025-LT-MOUNGO-BONALEA-0059,59,LT,LITTORAL,LT-MOUNGO,MOUNGO,LT-MOUNGO-BONALEA,BONALEA,COLLEGE HERBERT SOUZA-GARE / E,375,SOUZA - BANGOULAP,elecam-bv-2025-littoral,e42152849acb4f244a8496c99704df19983ff29cb46fd163454bf511eaffa940,needs_review,73,73,17843,17943,100
ELECAM-2025-LT-MOUNGO-BONALEA-0060,60,LT,LITTORAL,LT-MOUNGO,MOUNGO,LT-MOUNGO-BONALEA,BONALEA,COLLEGE HERBERT SOUZA-GARE / F,368,SOUZA - BANGOULAP,elecam-bv-2025-littoral,e42152849acb4f244a8496c99704df19983ff29cb46fd163454bf511eaffa940,needs_review,73,73,17843,17943,100
ELECAM-2025-LT-MOUNGO-BONALEA-0061,61,LT,LITTORAL,LT-MOUNGO,MOUNGO,LT-MOUNGO-BONALEA,BONALEA,COLLEGE HERBERT SOUZA-GARE / G,309,SOUZA - BANGOULAP,elecam-bv-2025-littoral,e42152849acb4f244a8496c99704df19983ff29cb46fd163454bf511eaffa940,needs_review,73,73,17843,17943,100
ELECAM-2025-LT-MOUNGO-BONALEA-0062,62,LT,LITTORAL,LT-MOUNGO,MOUNGO,LT-MOUNGO-BONALEA,BONALEA,COLLEGE PIPART / A,335,SOUZA - MBONJO-BAR,elecam-bv-2025-littoral,e42152849acb4f244a8496c99704df19983ff29cb46fd163454bf511eaffa940,needs_review,73,73,17843,17943,100
ELECAM-2025-LT-MOUNGO-BONALEA-0063,63,LT,LITTORAL,LT-MOUNGO,MOUNGO,LT-MOUNGO-BONALEA,BONALEA,COLLEGE PIPART / B,367,SOUZA - MBONJO-BAR,elecam-bv-2025-littoral,e42152849acb4f244a8496c99704df19983ff29cb46fd163454bf511eaffa940,needs_review,73,73,17843,17943,100
ELECAM-2025-LT-MOUNGO-BONALEA-0064,64,LT,LITTORAL,LT-MOUNGO,MOUNGO,LT-MOUNGO-BONALEA,BONALEA,COLLEGE PIPART / C,402,SOUZA - MBONJO-BAR,elecam-bv-2025-littoral,e42152849acb4f244a8496c99704df19983ff29cb46fd163454bf511eaffa940,needs_review,73,73,17843,17943,100
ELECAM-2025-LT-MOUNGO-BONALEA-0065,65,LT,LITTORAL,LT-MOUNGO,MOUNGO,LT-MOUNGO-BONALEA,BONALEA,E.P. DE MANGAMBA / A,214,FIKO,elecam-bv-2025-littoral,e42152849acb4f244a8496c99704df19983ff29cb46fd163454bf511eaffa940,needs_review,73,73,17843,17943,100
ELECAM-2025-LT-MOUNGO-BONALEA-0066,66,LT,LITTORAL,LT-MOUNGO,MOUNGO,LT-MOUNGO-BONALEA,BONALEA,E.P. DE KOMPINA / A,326,KOMPINA CAMP ONE CDC,elecam-bv-2025-littoral,e42152849acb4f244a8496c99704df19983ff29cb46fd163454bf511eaffa940,needs_review,73,73,17843,17943,100
ELECAM-2025-LT-MOUNGO-BONALEA-0067,67,LT,LITTORAL,LT-MOUNGO,MOUNGO,LT-MOUNGO-BONALEA,BONALEA,ECOLE CATHOLIQUE OZANAM / A,48,SOUZA - BONABONG,elecam-bv-2025-littoral,e42152849acb4f244a8496c99704df19983ff29cb46fd163454bf511eaffa940,needs_review,73,73,17843,17943,100
ELECAM-2025-LT-MOUNGO-BONALEA-0068,68,LT,LITTORAL,LT-MOUNGO,MOUNGO,LT-MOUNGO-BONALEA,BONALEA,GROUPE SCOLAIRE LA COLOMBE DE SOUZA,157,MOUNDANI BERCLOTEL,elecam-bv-2025-littoral,e42152849acb4f244a8496c99704df19983ff29cb46fd163454bf511eaffa940,needs_review,73,73,17843,17943,100
ELECAM-2025-LT-MOUNGO-BONALEA-0069,69,LT,LITTORAL,LT-MOUNGO,MOUNGO,LT-MOUNGO-BONALEA,BONALEA,ECOLE PRIVEE LAIQUE L'EXPERTISE DE,109,CARREFOUR DERICK,elecam-bv-2025-littoral,e42152849acb4f244a8496c99704df19983ff29cb46fd163454bf511eaffa940,needs_review,73,73,17843,17943,100
ELECAM-2025-LT-MOUNGO-BONALEA-0070,70,LT,LITTORAL,LT-MOUNGO,MOUNGO,LT-MOUNGO-BONALEA,BONALEA,COLLEGE DARIUSTOWN DE NKONGPEN / A,167,NKONGPEN,elecam-bv-2025-littoral,e42152849acb4f244a8496c99704df19983ff29cb46fd163454bf511eaffa940,needs_review,73,73,17843,17943,100
ELECAM-2025-LT-MOUNGO-BONALEA-0071,71,LT,LITTORAL,LT-MOUNGO,MOUNGO,LT-MOUNGO-BONALEA,BONALEA,EEC BAYON SOUZA / A,34,SOUZA - BAYON,elecam-bv-2025-littoral,e42152849acb4f244a8496c99704df19983ff29cb46fd163454bf511eaffa940,needs_review,73,73,17843,17943,100
ELECAM-2025-LT-MOUNGO-BONALEA-0072,72,LT,LITTORAL,LT-MOUNGO,MOUNGO,LT-MOUNGO-BONALEA,BONALEA,ECOLE ST CHARLES LWANGA KOMPINA / A,76,KOMPINA ECOLE CATHOLIQUE,elecam-bv-2025-littoral,e42152849acb4f244a8496c99704df19983ff29cb46fd163454bf511eaffa940,needs_review,73,73,17843,17943,100
ELECAM-2025-LT-MOUNGO-BONALEA-0073,73,LT,LITTORAL,LT-MOUNGO,MOUNGO,LT-MOUNGO-BONALEA,BONALEA,COLLEGE PRIVEE NEW HOPE / A,158,AKWA SELELE,elecam-bv-2025-littoral,e42152849acb4f244a8496c99704df19983ff29cb46fd163454bf511eaffa940,needs_review,73,73,17843,17943,100
ELECAM-2025-LT-MOUNGO-LOUM-0001,1,LT,LITTORAL,LT-MOUNGO,MOUNGO,LT-MOUNGO-LOUM,LOUM,TRIBUNAL DE LOUM / A,348,ABATTOIR,elecam-bv-2025-littoral,e42152849acb4f244a8496c99704df19983ff29cb46fd163454bf511eaffa940,needs_review,113,113,32255,32455,200
ELECAM-2025-LT-MOUNGO-LOUM-0002,2,LT,LITTORAL,LT-MOUNGO,MOUNGO,LT-MOUNGO-LOUM,LOUM,TRIBUNAL DE LOUM / B,255,ABATTOIR,elecam-bv-2025-littoral,e42152849acb4f244a8496c99704df19983ff29cb46fd163454bf511eaffa940,needs_review,113,113,32255,32455,200
ELECAM-2025-LT-MOUNGO-LOUM-0003,3,LT,LITTORAL,LT-MOUNGO,MOUNGO,LT-MOUNGO-LOUM,LOUM,TRIBUNAL DE LOUM / C,369,ABATTOIR,elecam-bv-2025-littoral,e42152849acb4f244a8496c99704df19983ff29cb46fd163454bf511eaffa940,needs_review,113,113,32255,32455,200
ELECAM-2025-LT-MOUNGO-LOUM-0004,4,LT,LITTORAL,LT-MOUNGO,MOUNGO,LT-MOUNGO-LOUM,LOUM,TRIBUNAL DE LOUM / D,362,ABATTOIR,elecam-bv-2025-littoral,e42152849acb4f244a8496c99704df19983ff29cb46fd163454bf511eaffa940,needs_review,113,113,32255,32455,200
ELECAM-2025-LT-MOUNGO-LOUM-0005,5,LT,LITTORAL,LT-MOUNGO,MOUNGO,LT-MOUNGO-LOUM,LOUM,TRIBUNAL DE LOUM / E,362,ABATTOIR,elecam-bv-2025-littoral,e42152849acb4f244a8496c99704df19983ff29cb46fd163454bf511eaffa940,needs_review,113,113,32255,32455,200
ELECAM-2025-LT-MOUNGO-LOUM-0006,6,LT,LITTORAL,LT-MOUNGO,MOUNGO,LT-MOUNGO-LOUM,LOUM,TRIBUNAL DE LOUM / F,367,ABATTOIR,elecam-bv-2025-littoral,e42152849acb4f244a8496c99704df19983ff29cb46fd163454bf511eaffa940,needs_review,113,113,32255,32455,200
ELECAM-2025-LT-MOUNGO-LOUM-0007,7,LT,LITTORAL,LT-MOUNGO,MOUNGO,LT-MOUNGO-LOUM,LOUM,TRIBUNAL DE LOUM / G,311,ABATTOIR,elecam-bv-2025-littoral,e42152849acb4f244a8496c99704df19983ff29cb46fd163454bf511eaffa940,needs_review,113,113,32255,32455,200
ELECAM-2025-LT-MOUNGO-LOUM-0008,8,LT,LITTORAL,LT-MOUNGO,MOUNGO,LT-MOUNGO-LOUM,LOUM,SOUS PREFECTURE LOUM / A,232,ABATTOIR,elecam-bv-2025-littoral,e42152849acb4f244a8496c99704df19983ff29cb46fd163454bf511eaffa940,needs_review,113,113,32255,32455,200
ELECAM-2025-LT-MOUNGO-LOUM-0009,9,LT,LITTORAL,LT-MOUNGO,MOUNGO,LT-MOUNGO-LOUM,LOUM,SOUS PREFECTURE LOUM / B,300,ABATTOIR,elecam-bv-2025-littoral,e42152849acb4f244a8496c99704df19983ff29cb46fd163454bf511eaffa940,needs_review,113,113,32255,32455,200
ELECAM-2025-LT-MOUNGO-LOUM-0010,10,LT,LITTORAL,LT-MOUNGO,MOUNGO,LT-MOUNGO-LOUM,LOUM,SOUS PREFECTURE LOUM / C,279,ABATTOIR,elecam-bv-2025-littoral,e42152849acb4f244a8496c99704df19983ff29cb46fd163454bf511eaffa940,needs_review,113,113,32255,32455,200
ELECAM-2025-LT-MOUNGO-LOUM-0011,11,LT,LITTORAL,LT-MOUNGO,MOUNGO,LT-MOUNGO-LOUM,LOUM,SAR. SM BADJOKI / A,73,BADJOKI,elecam-bv-2025-littoral,e42152849acb4f244a8496c99704df19983ff29cb46fd163454bf511eaffa940,needs_review,113,113,32255,32455,200
ELECAM-2025-LT-MOUNGO-LOUM-0012,12,LT,LITTORAL,LT-MOUNGO,MOUNGO,LT-MOUNGO-LOUM,LOUM,ECOLE PUBLIQUE BALONDO / A,302,BALONDO,elecam-bv-2025-littoral,e42152849acb4f244a8496c99704df19983ff29cb46fd163454bf511eaffa940,needs_review,113,113,32255,32455,200
ELECAM-2025-LT-MOUNGO-LOUM-0013,13,LT,LITTORAL,LT-MOUNGO,MOUNGO,LT-MOUNGO-LOUM,LOUM,ECOLE PUBLIQUE BABONG / A,113,BONADAM (BABONG),elecam-bv-2025-littoral,e42152849acb4f244a8496c99704df19983ff29cb46fd163454bf511eaffa940,needs_review,113,113,32255,32455,200
ELECAM-2025-LT-MOUNGO-LOUM-0014,14,LT,LITTORAL,LT-MOUNGO,MOUNGO,LT-MOUNGO-LOUM,LOUM,ECOLE PUBLIQUE BONALEBE / A,296,BONALEBE,elecam-bv-2025-littoral,e42152849acb4f244a8496c99704df19983ff29cb46fd163454bf511eaffa940,needs_review,113,113,32255,32455,200
ELECAM-2025-LT-MOUNGO-LOUM-0015,15,LT,LITTORAL,LT-MOUNGO,MOUNGO,LT-MOUNGO-LOUM,LOUM,ECOLE PUBLIQUE BONKENG / A,332,BONAMBOME,elecam-bv-2025-littoral,e42152849acb4f244a8496c99704df19983ff29cb46fd163454bf511eaffa940,needs_review,113,113,32255,32455,200
ELECAM-2025-LT-MOUNGO-LOUM-0016,16,LT,LITTORAL,LT-MOUNGO,MOUNGO,LT-MOUNGO-LOUM,LOUM,ECOLE PUBLIQUE BONKENG / B,288,BONAMBOME,elecam-bv-2025-littoral,e42152849acb4f244a8496c99704df19983ff29cb46fd163454bf511eaffa940,needs_review,113,113,32255,32455,200
ELECAM-2025-LT-MOUNGO-LOUM-0017,17,LT,LITTORAL,LT-MOUNGO,MOUNGO,LT-MOUNGO-LOUM,LOUM,ECOLE PUBLIQUE BONKENG / C,136,BONAMBOME,elecam-bv-2025-littoral,e42152849acb4f244a8496c99704df19983ff29cb46fd163454bf511eaffa940,needs_review,113,113,32255,32455,200
ELECAM-2025-LT-MOUNGO-LOUM-0018,18,LT,LITTORAL,LT-MOUNGO,MOUNGO,LT-MOUNGO-LOUM,LOUM,ESPLANADE CHEFFERIE BWANIBWA II / A,257,BWANIBWA,elecam-bv-2025-littoral,e42152849acb4f244a8496c99704df19983ff29cb46fd163454bf511eaffa940,needs_review,113,113,32255,32455,200
ELECAM-2025-LT-MOUNGO-LOUM-0019,19,LT,LITTORAL,LT-MOUNGO,MOUNGO,LT-MOUNGO-LOUM,LOUM,E. ST PAUL LOUM CHT CIE / A,252,DIME,elecam-bv-2025-littoral,e42152849acb4f244a8496c99704df19983ff29cb46fd163454bf511eaffa940,needs_review,113,113,32255,32455,200
ELECAM-2025-LT-MOUNGO-LOUM-0020,20,LT,LITTORAL,LT-MOUNGO,MOUNGO,LT-MOUNGO-LOUM,LOUM,E. ST PAUL LOUM CHT CIE / B,303,DIME,elecam-bv-2025-littoral,e42152849acb4f244a8496c99704df19983ff29cb46fd163454bf511eaffa940,needs_review,113,113,32255,32455,200
ELECAM-2025-LT-MOUNGO-LOUM-0021,21,LT,LITTORAL,LT-MOUNGO,MOUNGO,LT-MOUNGO-LOUM,LOUM,E. ST PAUL LOUM CHT CIE / C,215,DIME,elecam-bv-2025-littoral,e42152849acb4f244a8496c99704df19983ff29cb46fd163454bf511eaffa940,needs_review,113,113,32255,32455,200
ELECAM-2025-LT-MOUNGO-LOUM-0022,22,LT,LITTORAL,LT-MOUNGO,MOUNGO,LT-MOUNGO-LOUM,LOUM,FOYER BANGOULAP / A,291,DIMITHE,elecam-bv-2025-littoral,e42152849acb4f244a8496c99704df19983ff29cb46fd163454bf511eaffa940,needs_review,113,113,32255,32455,200
ELECAM-2025-LT-MOUNGO-LOUM-0023,23,LT,LITTORAL,LT-MOUNGO,MOUNGO,LT-MOUNGO-LOUM,LOUM,FOYER BANGOULAP / B,246,DIMITHE,elecam-bv-2025-littoral,e42152849acb4f244a8496c99704df19983ff29cb46fd163454bf511eaffa940,needs_review,113,113,32255,32455,200
ELECAM-2025-LT-MOUNGO-LOUM-0024,24,LT,LITTORAL,LT-MOUNGO,MOUNGO,LT-MOUNGO-LOUM,LOUM,FOYER BANGOULAP / C,272,DIMITHE,elecam-bv-2025-littoral,e42152849acb4f244a8496c99704df19983ff29cb46fd163454bf511eaffa940,needs_review,113,113,32255,32455,200
ELECAM-2025-LT-MOUNGO-LOUM-0025,25,LT,LITTORAL,LT-MOUNGO,MOUNGO,LT-MOUNGO-LOUM,LOUM,MAIRIE DE LOUM / A,367,ETAPE,elecam-bv-2025-littoral,e42152849acb4f244a8496c99704df19983ff29cb46fd163454bf511eaffa940,needs_review,113,113,32255,32455,200
ELECAM-2025-LT-MOUNGO-LOUM-0026,26,LT,LITTORAL,LT-MOUNGO,MOUNGO,LT-MOUNGO-LOUM,LOUM,MAIRIE DE LOUM / B,355,ETAPE,elecam-bv-2025-littoral,e42152849acb4f244a8496c99704df19983ff29cb46fd163454bf511eaffa940,needs_review,113,113,32255,32455,200
ELECAM-2025-LT-MOUNGO-LOUM-0027,27,LT,LITTORAL,LT-MOUNGO,MOUNGO,LT-MOUNGO-LOUM,LOUM,MAIRIE DE LOUM / C,299,ETAPE,elecam-bv-2025-littoral,e42152849acb4f244a8496c99704df19983ff29cb46fd163454bf511eaffa940,needs_review,113,113,32255,32455,200
ELECAM-2025-LT-MOUNGO-LOUM-0028,28,LT,LITTORAL,LT-MOUNGO,MOUNGO,LT-MOUNGO-LOUM,LOUM,MAIRIE DE LOUM / D,146,ETAPE,elecam-bv-2025-littoral,e42152849acb4f244a8496c99704df19983ff29cb46fd163454bf511eaffa940,needs_review,113,113,32255,32455,200
ELECAM-2025-LT-MOUNGO-LOUM-0029,29,LT,LITTORAL,LT-MOUNGO,MOUNGO,LT-MOUNGO-LOUM,LOUM,FOYER FONTAINE LOUM CHT CIE / A,108,FONTAINE,elecam-bv-2025-littoral,e42152849acb4f244a8496c99704df19983ff29cb46fd163454bf511eaffa940,needs_review,113,113,32255,32455,200
ELECAM-2025-LT-MOUNGO-LOUM-0030,30,LT,LITTORAL,LT-MOUNGO,MOUNGO,LT-MOUNGO-LOUM,LOUM,ECOLE CEBEC MARCHE / A,334,INDEPENDANCE,elecam-bv-2025-littoral,e42152849acb4f244a8496c99704df19983ff29cb46fd163454bf511eaffa940,needs_review,113,113,32255,32455,200
ELECAM-2025-LT-MOUNGO-LOUM-0031,31,LT,LITTORAL,LT-MOUNGO,MOUNGO,LT-MOUNGO-LOUM,LOUM,ECOLE CEBEC MARCHE / B,297,INDEPENDANCE,elecam-bv-2025-littoral,e42152849acb4f244a8496c99704df19983ff29cb46fd163454bf511eaffa940,needs_review,113,113,32255,32455,200
ELECAM-2025-LT-MOUNGO-LOUM-0032,32,LT,LITTORAL,LT-MOUNGO,MOUNGO,LT-MOUNGO-LOUM,LOUM,ECOLE CEBEC MARCHE / C,332,INDEPENDANCE,elecam-bv-2025-littoral,e42152849acb4f244a8496c99704df19983ff29cb46fd163454bf511eaffa940,needs_review,113,113,32255,32455,200
ELECAM-2025-LT-MOUNGO-LOUM-0033,33,LT,LITTORAL,LT-MOUNGO,MOUNGO,LT-MOUNGO-LOUM,LOUM,ECOLE CEBEC MARCHE / D,240,INDEPENDANCE,elecam-bv-2025-littoral,e42152849acb4f244a8496c99704df19983ff29cb46fd163454bf511eaffa940,needs_review,113,113,32255,32455,200
ELECAM-2025-LT-MOUNGO-LOUM-0034,34,LT,LITTORAL,LT-MOUNGO,MOUNGO,LT-MOUNGO-LOUM,LOUM,ECOLE CEBEC MARCHE / E,365,INDEPENDANCE,elecam-bv-2025-littoral,e42152849acb4f244a8496c99704df19983ff29cb46fd163454bf511eaffa940,needs_review,113,113,32255,32455,200
ELECAM-2025-LT-MOUNGO-LOUM-0035,35,LT,LITTORAL,LT-MOUNGO,MOUNGO,LT-MOUNGO-LOUM,LOUM,ECOLE CEBEC MARCHE / F,357,INDEPENDANCE,elecam-bv-2025-littoral,e42152849acb4f244a8496c99704df19983ff29cb46fd163454bf511eaffa940,needs_review,113,113,32255,32455,200
ELECAM-2025-LT-MOUNGO-LOUM-0036,36,LT,LITTORAL,LT-MOUNGO,MOUNGO,LT-MOUNGO-LOUM,LOUM,ECOLE PUBLIQUE MABOMBE / A,221,MABOMBE,elecam-bv-2025-littoral,e42152849acb4f244a8496c99704df19983ff29cb46fd163454bf511eaffa940,needs_review,113,113,32255,32455,200
ELECAM-2025-LT-MOUNGO-LOUM-0037,37,LT,LITTORAL,LT-MOUNGO,MOUNGO,LT-MOUNGO-LOUM,LOUM,ECOLE PUBLIQUE MABOMBE / B,306,MABOMBE,elecam-bv-2025-littoral,e42152849acb4f244a8496c99704df19983ff29cb46fd163454bf511eaffa940,needs_review,113,113,32255,32455,200
ELECAM-2025-LT-MOUNGO-LOUM-0038,38,LT,LITTORAL,LT-MOUNGO,MOUNGO,LT-MOUNGO-LOUM,LOUM,ECOLE CEBEC MADAGASCAR / A,309,MADAGASCAR,elecam-bv-2025-littoral,e42152849acb4f244a8496c99704df19983ff29cb46fd163454bf511eaffa940,needs_review,113,113,32255,32455,200
ELECAM-2025-LT-MOUNGO-LOUM-0039,39,LT,LITTORAL,LT-MOUNGO,MOUNGO,LT-MOUNGO-LOUM,LOUM,ECOLE CEBEC MADAGASCAR / B,266,MADAGASCAR,elecam-bv-2025-littoral,e42152849acb4f244a8496c99704df19983ff29cb46fd163454bf511eaffa940,needs_review,113,113,32255,32455,200
ELECAM-2025-LT-MOUNGO-LOUM-0040,40,LT,LITTORAL,LT-MOUNGO,MOUNGO,LT-MOUNGO-LOUM,LOUM,FOYER BALENGOU / A,330,MANENGWASSA,elecam-bv-2025-littoral,e42152849acb4f244a8496c99704df19983ff29cb46fd163454bf511eaffa940,needs_review,113,113,32255,32455,200
ELECAM-2025-LT-MOUNGO-LOUM-0041,41,LT,LITTORAL,LT-MOUNGO,MOUNGO,LT-MOUNGO-LOUM,LOUM,FOYER BALENGOU / B,299,MANENGWASSA,elecam-bv-2025-littoral,e42152849acb4f244a8496c99704df19983ff29cb46fd163454bf511eaffa940,needs_review,113,113,32255,32455,200
ELECAM-2025-LT-MOUNGO-LOUM-0042,42,LT,LITTORAL,LT-MOUNGO,MOUNGO,LT-MOUNGO-LOUM,LOUM,FOYER BALENGOU / C,322,MANENGWASSA,elecam-bv-2025-littoral,e42152849acb4f244a8496c99704df19983ff29cb46fd163454bf511eaffa940,needs_review,113,113,32255,32455,200
ELECAM-2025-LT-MOUNGO-LOUM-0043,43,LT,LITTORAL,LT-MOUNGO,MOUNGO,LT-MOUNGO-LOUM,LOUM,FOYER BALENGOU / D,245,MANENGWASSA,elecam-bv-2025-littoral,e42152849acb4f244a8496c99704df19983ff29cb46fd163454bf511eaffa940,needs_review,113,113,32255,32455,200
ELECAM-2025-LT-MOUNGO-LOUM-0044,44,LT,LITTORAL,LT-MOUNGO,MOUNGO,LT-MOUNGO-LOUM,LOUM,FOYER BALENGOU / E,324,MANENGWASSA,elecam-bv-2025-littoral,e42152849acb4f244a8496c99704df19983ff29cb46fd163454bf511eaffa940,needs_review,113,113,32255,32455,200
ELECAM-2025-LT-MOUNGO-LOUM-0045,45,LT,LITTORAL,LT-MOUNGO,MOUNGO,LT-MOUNGO-LOUM,LOUM,ECOLE CEBEC MANENGWASSA / A,332,MANENGWASSA,elecam-bv-2025-littoral,e42152849acb4f244a8496c99704df19983ff29cb46fd163454bf511eaffa940,needs_review,113,113,32255,32455,200
ELECAM-2025-LT-MOUNGO-LOUM-0046,46,LT,LITTORAL,LT-MOUNGO,MOUNGO,LT-MOUNGO-LOUM,LOUM,ECOLE CEBEC MANENGWASSA / B,328,MANENGWASSA,elecam-bv-2025-littoral,e42152849acb4f244a8496c99704df19983ff29cb46fd163454bf511eaffa940,needs_review,113,113,32255,32455,200
ELECAM-2025-LT-MOUNGO-LOUM-0047,47,LT,LITTORAL,LT-MOUNGO,MOUNGO,LT-MOUNGO-LOUM,LOUM,ECOLE CEBEC MANENGWASSA / C,299,MANENGWASSA,elecam-bv-2025-littoral,e42152849acb4f244a8496c99704df19983ff29cb46fd163454bf511eaffa940,needs_review,113,113,32255,32455,200
ELECAM-2025-LT-MOUNGO-LOUM-0048,48,LT,LITTORAL,LT-MOUNGO,MOUNGO,LT-MOUNGO-LOUM,LOUM,ECOLE CEBEC MANENGWASSA / D,146,MANENGWASSA,elecam-bv-2025-littoral,e42152849acb4f244a8496c99704df19983ff29cb46fd163454bf511eaffa940,needs_review,113,113,32255,32455,200
ELECAM-2025-LT-MOUNGO-LOUM-0049,49,LT,LITTORAL,LT-MOUNGO,MOUNGO,LT-MOUNGO-LOUM,LOUM,LYCEE BILINGUE LOUM CHT GARE / A,320,BONEKO,elecam-bv-2025-littoral,e42152849acb4f244a8496c99704df19983ff29cb46fd163454bf511eaffa940,needs_review,113,113,32255,32455,200
ELECAM-2025-LT-MOUNGO-LOUM-0050,50,LT,LITTORAL,LT-MOUNGO,MOUNGO,LT-MOUNGO-LOUM,LOUM,LYCEE BILINGUE LOUM CHT GARE / B,215,BONEKO,elecam-bv-2025-littoral,e42152849acb4f244a8496c99704df19983ff29cb46fd163454bf511eaffa940,needs_review,113,113,32255,32455,200
ELECAM-2025-LT-MOUNGO-LOUM-0051,51,LT,LITTORAL,LT-MOUNGO,MOUNGO,LT-MOUNGO-LOUM,LOUM,ECOLE PUBLIQUE LOUM CHT CIE / A,335,MOUNGO RIVER,elecam-bv-2025-littoral,e42152849acb4f244a8496c99704df19983ff29cb46fd163454bf511eaffa940,needs_review,113,113,32255,32455,200
ELECAM-2025-LT-MOUNGO-LOUM-0052,52,LT,LITTORAL,LT-MOUNGO,MOUNGO,LT-MOUNGO-LOUM,LOUM,ECOLE PUBLIQUE LOUM CHT CIE / B,308,MOUNGO RIVER,elecam-bv-2025-littoral,e42152849acb4f244a8496c99704df19983ff29cb46fd163454bf511eaffa940,needs_review,113,113,32255,32455,200
ELECAM-2025-LT-MOUNGO-LOUM-0053,53,LT,LITTORAL,LT-MOUNGO,MOUNGO,LT-MOUNGO-LOUM,LOUM,ECOLE PUBLIQUE LOUM CHT CIE / C,279,MOUNGO RIVER,elecam-bv-2025-littoral,e42152849acb4f244a8496c99704df19983ff29cb46fd163454bf511eaffa940,needs_review,113,113,32255,32455,200
ELECAM-2025-LT-MOUNGO-LOUM-0054,54,LT,LITTORAL,LT-MOUNGO,MOUNGO,LT-MOUNGO-LOUM,LOUM,ECOLE PUBLIQUE LOUM CHT CIE / D,337,MOUNGO RIVER,elecam-bv-2025-littoral,e42152849acb4f244a8496c99704df19983ff29cb46fd163454bf511eaffa940,needs_review,113,113,32255,32455,200
ELECAM-2025-LT-MOUNGO-LOUM-0055,55,LT,LITTORAL,LT-MOUNGO,MOUNGO,LT-MOUNGO-LOUM,LOUM,LYCEE DE LOUM / A,253,MPONDO,elecam-bv-2025-littoral,e42152849acb4f244a8496c99704df19983ff29cb46fd163454bf511eaffa940,needs_review,113,113,32255,32455,200
ELECAM-2025-LT-MOUNGO-LOUM-0056,56,LT,LITTORAL,LT-MOUNGO,MOUNGO,LT-MOUNGO-LOUM,LOUM,ECOLE CEBEC LOUM CHT CIE / A,354,MOUNGO RIVER,elecam-bv-2025-littoral,e42152849acb4f244a8496c99704df19983ff29cb46fd163454bf511eaffa940,needs_review,113,113,32255,32455,200
ELECAM-2025-LT-MOUNGO-LOUM-0057,57,LT,LITTORAL,LT-MOUNGO,MOUNGO,LT-MOUNGO-LOUM,LOUM,ECOLE CEBEC LOUM CHT CIE / B,325,MOUNGO RIVER,elecam-bv-2025-littoral,e42152849acb4f244a8496c99704df19983ff29cb46fd163454bf511eaffa940,needs_review,113,113,32255,32455,200
ELECAM-2025-LT-MOUNGO-LOUM-0058,58,LT,LITTORAL,LT-MOUNGO,MOUNGO,LT-MOUNGO-LOUM,LOUM,ECOLE CEBEC LOUM CHT CIE / C,354,MOUNGO RIVER,elecam-bv-2025-littoral,e42152849acb4f244a8496c99704df19983ff29cb46fd163454bf511eaffa940,needs_review,113,113,32255,32455,200
ELECAM-2025-LT-MOUNGO-LOUM-0059,59,LT,LITTORAL,LT-MOUNGO,MOUNGO,LT-MOUNGO-LOUM,LOUM,ECOLE PUBLIQUE SANDA I / A,283,NGODI,elecam-bv-2025-littoral,e42152849acb4f244a8496c99704df19983ff29cb46fd163454bf511eaffa940,needs_review,113,113,32255,32455,200
ELECAM-2025-LT-MOUNGO-LOUM-0060,60,LT,LITTORAL,LT-MOUNGO,MOUNGO,LT-MOUNGO-LOUM,LOUM,ECOLE PUBLIQUE SANDA II / A,201,NGODI,elecam-bv-2025-littoral,e42152849acb4f244a8496c99704df19983ff29cb46fd163454bf511eaffa940,needs_review,113,113,32255,32455,200
ELECAM-2025-LT-MOUNGO-LOUM-0061,61,LT,LITTORAL,LT-MOUNGO,MOUNGO,LT-MOUNGO-LOUM,LOUM,ECOLE PUBLIQUE SANDA III / A,351,NGODI,elecam-bv-2025-littoral,e42152849acb4f244a8496c99704df19983ff29cb46fd163454bf511eaffa940,needs_review,113,113,32255,32455,200
ELECAM-2025-LT-MOUNGO-LOUM-0062,62,LT,LITTORAL,LT-MOUNGO,MOUNGO,LT-MOUNGO-LOUM,LOUM,ECOLE BILINGUE LES PETITS AS / A,317,NGODI,elecam-bv-2025-littoral,e42152849acb4f244a8496c99704df19983ff29cb46fd163454bf511eaffa940,needs_review,113,113,32255,32455,200
ELECAM-2025-LT-MOUNGO-LOUM-0063,63,LT,LITTORAL,LT-MOUNGO,MOUNGO,LT-MOUNGO-LOUM,LOUM,ECOLE BILINGUE LES PETITS AS / B,300,NGODI,elecam-bv-2025-littoral,e42152849acb4f244a8496c99704df19983ff29cb46fd163454bf511eaffa940,needs_review,113,113,32255,32455,200
ELECAM-2025-LT-MOUNGO-LOUM-0064,64,LT,LITTORAL,LT-MOUNGO,MOUNGO,LT-MOUNGO-LOUM,LOUM,ECOLE BILINGUE LES PETITS AS / C,179,NGODI,elecam-bv-2025-littoral,e42152849acb4f244a8496c99704df19983ff29cb46fd163454bf511eaffa940,needs_review,113,113,32255,32455,200
ELECAM-2025-LT-MOUNGO-LOUM-0065,65,LT,LITTORAL,LT-MOUNGO,MOUNGO,LT-MOUNGO-LOUM,LOUM,ECOLE ST PROSPER / A,340,NGODI,elecam-bv-2025-littoral,e42152849acb4f244a8496c99704df19983ff29cb46fd163454bf511eaffa940,needs_review,113,113,32255,32455,200
ELECAM-2025-LT-MOUNGO-LOUM-0066,66,LT,LITTORAL,LT-MOUNGO,MOUNGO,LT-MOUNGO-LOUM,LOUM,ECOLE ST PROSPER / B,319,NGODI,elecam-bv-2025-littoral,e42152849acb4f244a8496c99704df19983ff29cb46fd163454bf511eaffa940,needs_review,113,113,32255,32455,200
ELECAM-2025-LT-MOUNGO-LOUM-0067,67,LT,LITTORAL,LT-MOUNGO,MOUNGO,LT-MOUNGO-LOUM,LOUM,ECOLE ST PROSPER / C,292,NGODI,elecam-bv-2025-littoral,e42152849acb4f244a8496c99704df19983ff29cb46fd163454bf511eaffa940,needs_review,113,113,32255,32455,200
ELECAM-2025-LT-MOUNGO-LOUM-0068,68,LT,LITTORAL,LT-MOUNGO,MOUNGO,LT-MOUNGO-LOUM,LOUM,ECOLE ST PROSPER / D,313,NGODI,elecam-bv-2025-littoral,e42152849acb4f244a8496c99704df19983ff29cb46fd163454bf511eaffa940,needs_review,113,113,32255,32455,200
ELECAM-2025-LT-MOUNGO-LOUM-0069,69,LT,LITTORAL,LT-MOUNGO,MOUNGO,LT-MOUNGO-LOUM,LOUM,ECOLE ST PROSPER / E,231,NGODI,elecam-bv-2025-littoral,e42152849acb4f244a8496c99704df19983ff29cb46fd163454bf511eaffa940,needs_review,113,113,32255,32455,200
ELECAM-2025-LT-MOUNGO-LOUM-0070,70,LT,LITTORAL,LT-MOUNGO,MOUNGO,LT-MOUNGO-LOUM,LOUM,ECOLE ST PROSPER / F,246,NGODI,elecam-bv-2025-littoral,e42152849acb4f244a8496c99704df19983ff29cb46fd163454bf511eaffa940,needs_review,113,113,32255,32455,200
ELECAM-2025-LT-MOUNGO-LOUM-0071,71,LT,LITTORAL,LT-MOUNGO,MOUNGO,LT-MOUNGO-LOUM,LOUM,ECOLE ST PROSPER / G,365,NGODI,elecam-bv-2025-littoral,e42152849acb4f244a8496c99704df19983ff29cb46fd163454bf511eaffa940,needs_review,113,113,32255,32455,200
ELECAM-2025-LT-MOUNGO-LOUM-0072,72,LT,LITTORAL,LT-MOUNGO,MOUNGO,LT-MOUNGO-LOUM,LOUM,ECOLE ST PROSPER / H,347,NGODI,elecam-bv-2025-littoral,e42152849acb4f244a8496c99704df19983ff29cb46fd163454bf511eaffa940,needs_review,113,113,32255,32455,200
ELECAM-2025-LT-MOUNGO-LOUM-0073,73,LT,LITTORAL,LT-MOUNGO,MOUNGO,LT-MOUNGO-LOUM,LOUM,ECOLE PUBLIQUE NGODI 3 / A,320,NGODI,elecam-bv-2025-littoral,e42152849acb4f244a8496c99704df19983ff29cb46fd163454bf511eaffa940,needs_review,113,113,32255,32455,200
ELECAM-2025-LT-MOUNGO-LOUM-0074,74,LT,LITTORAL,LT-MOUNGO,MOUNGO,LT-MOUNGO-LOUM,LOUM,ECOLE PUBLIQUE NGODI 3 / B,347,NGODI,elecam-bv-2025-littoral,e42152849acb4f244a8496c99704df19983ff29cb46fd163454bf511eaffa940,needs_review,113,113,32255,32455,200
ELECAM-2025-LT-MOUNGO-LOUM-0075,75,LT,LITTORAL,LT-MOUNGO,MOUNGO,LT-MOUNGO-LOUM,LOUM,ECOLE PUBLIQUE NGODI 3 / C,333,NGODI,elecam-bv-2025-littoral,e42152849acb4f244a8496c99704df19983ff29cb46fd163454bf511eaffa940,needs_review,113,113,32255,32455,200
ELECAM-2025-LT-MOUNGO-LOUM-0076,76,LT,LITTORAL,LT-MOUNGO,MOUNGO,LT-MOUNGO-LOUM,LOUM,ECOLE PUBLIQUE NGODI 3 / D,340,NGODI,elecam-bv-2025-littoral,e42152849acb4f244a8496c99704df19983ff29cb46fd163454bf511eaffa940,needs_review,113,113,32255,32455,200
ELECAM-2025-LT-MOUNGO-LOUM-0077,77,LT,LITTORAL,LT-MOUNGO,MOUNGO,LT-MOUNGO-LOUM,LOUM,ECOLE PUBLIQUE NGODI 3 / E,269,NGODI,elecam-bv-2025-littoral,e42152849acb4f244a8496c99704df19983ff29cb46fd163454bf511eaffa940,needs_review,113,113,32255,32455,200
ELECAM-2025-LT-MOUNGO-LOUM-0078,78,LT,LITTORAL,LT-MOUNGO,MOUNGO,LT-MOUNGO-LOUM,LOUM,ECOLE PUBLIQUE NGODI 3 / F,282,NGODI,elecam-bv-2025-littoral,e42152849acb4f244a8496c99704df19983ff29cb46fd163454bf511eaffa940,needs_review,113,113,32255,32455,200
ELECAM-2025-LT-MOUNGO-LOUM-0079,79,LT,LITTORAL,LT-MOUNGO,MOUNGO,LT-MOUNGO-LOUM,LOUM,ECOLE PUBLIQUE NGODI 3 / G,302,NGODI,elecam-bv-2025-littoral,e42152849acb4f244a8496c99704df19983ff29cb46fd163454bf511eaffa940,needs_review,113,113,32255,32455,200
ELECAM-2025-LT-MOUNGO-LOUM-0080,80,LT,LITTORAL,LT-MOUNGO,MOUNGO,LT-MOUNGO-LOUM,LOUM,ECOLE PUBLIQUE NGODI 3 / H,368,NGODI,elecam-bv-2025-littoral,e42152849acb4f244a8496c99704df19983ff29cb46fd163454bf511eaffa940,needs_review,113,113,32255,32455,200
ELECAM-2025-LT-MOUNGO-LOUM-0081,81,LT,LITTORAL,LT-MOUNGO,MOUNGO,LT-MOUNGO-LOUM,LOUM,ECOLE PUBLIQUE NGODI 3 / I,375,NGODI,elecam-bv-2025-littoral,e42152849acb4f244a8496c99704df19983ff29cb46fd163454bf511eaffa940,needs_review,113,113,32255,32455,200
ELECAM-2025-LT-MOUNGO-LOUM-0082,82,LT,LITTORAL,LT-MOUNGO,MOUNGO,LT-MOUNGO-LOUM,LOUM,E. ST ALBERT LOUM CHT GARE / A,323,NGONGUE,elecam-bv-2025-littoral,e42152849acb4f244a8496c99704df19983ff29cb46fd163454bf511eaffa940,needs_review,113,113,32255,32455,200
ELECAM-2025-LT-MOUNGO-LOUM-0083,83,LT,LITTORAL,LT-MOUNGO,MOUNGO,LT-MOUNGO-LOUM,LOUM,E. ST ALBERT LOUM CHT GARE / B,304,NGONGUE,elecam-bv-2025-littoral,e42152849acb4f244a8496c99704df19983ff29cb46fd163454bf511eaffa940,needs_review,113,113,32255,32455,200
ELECAM-2025-LT-MOUNGO-LOUM-0084,84,LT,LITTORAL,LT-MOUNGO,MOUNGO,LT-MOUNGO-LOUM,LOUM,E. ST ALBERT LOUM CHT GARE / C,121,NGONGUE,elecam-bv-2025-littoral,e42152849acb4f244a8496c99704df19983ff29cb46fd163454bf511eaffa940,needs_review,113,113,32255,32455,200
ELECAM-2025-LT-MOUNGO-LOUM-0085,85,LT,LITTORAL,LT-MOUNGO,MOUNGO,LT-MOUNGO-LOUM,LOUM,COLLEGE ST PIERRE & PAUL / A,308,NKOMBI,elecam-bv-2025-littoral,e42152849acb4f244a8496c99704df19983ff29cb46fd163454bf511eaffa940,needs_review,113,113,32255,32455,200
ELECAM-2025-LT-MOUNGO-LOUM-0086,86,LT,LITTORAL,LT-MOUNGO,MOUNGO,LT-MOUNGO-LOUM,LOUM,COLLEGE ST PIERRE & PAUL / B,168,NKOMBI,elecam-bv-2025-littoral,e42152849acb4f244a8496c99704df19983ff29cb46fd163454bf511eaffa940,needs_review,113,113,32255,32455,200
ELECAM-2025-LT-MOUNGO-LOUM-0087,87,LT,LITTORAL,LT-MOUNGO,MOUNGO,LT-MOUNGO-LOUM,LOUM,FOYER D'ANIMATION / A,327,NKOMBI,elecam-bv-2025-littoral,e42152849acb4f244a8496c99704df19983ff29cb46fd163454bf511eaffa940,needs_review,113,113,32255,32455,200
ELECAM-2025-LT-MOUNGO-LOUM-0088,88,LT,LITTORAL,LT-MOUNGO,MOUNGO,LT-MOUNGO-LOUM,LOUM,FOYER D'ANIMATION / B,333,NKOMBI,elecam-bv-2025-littoral,e42152849acb4f244a8496c99704df19983ff29cb46fd163454bf511eaffa940,needs_review,113,113,32255,32455,200
ELECAM-2025-LT-MOUNGO-LOUM-0089,89,LT,LITTORAL,LT-MOUNGO,MOUNGO,LT-MOUNGO-LOUM,LOUM,FOYER D'ANIMATION / C,293,NKOMBI,elecam-bv-2025-littoral,e42152849acb4f244a8496c99704df19983ff29cb46fd163454bf511eaffa940,needs_review,113,113,32255,32455,200
ELECAM-2025-LT-MOUNGO-LOUM-0090,90,LT,LITTORAL,LT-MOUNGO,MOUNGO,LT-MOUNGO-LOUM,LOUM,FOYER D'ANIMATION / D,260,NKOMBI,elecam-bv-2025-littoral,e42152849acb4f244a8496c99704df19983ff29cb46fd163454bf511eaffa940,needs_review,113,113,32255,32455,200
ELECAM-2025-LT-MOUNGO-LOUM-0091,91,LT,LITTORAL,LT-MOUNGO,MOUNGO,LT-MOUNGO-LOUM,LOUM,FOYER D'ANIMATION / E,298,NKOMBI,elecam-bv-2025-littoral,e42152849acb4f244a8496c99704df19983ff29cb46fd163454bf511eaffa940,needs_review,113,113,32255,32455,200
ELECAM-2025-LT-MOUNGO-LOUM-0092,92,LT,LITTORAL,LT-MOUNGO,MOUNGO,LT-MOUNGO-LOUM,LOUM,FOYER D'ANIMATION / F,258,NKOMBI,elecam-bv-2025-littoral,e42152849acb4f244a8496c99704df19983ff29cb46fd163454bf511eaffa940,needs_review,113,113,32255,32455,200
ELECAM-2025-LT-MOUNGO-LOUM-0093,93,LT,LITTORAL,LT-MOUNGO,MOUNGO,LT-MOUNGO-LOUM,LOUM,FOYER D'ANIMATION / G,278,NKOMBI,elecam-bv-2025-littoral,e42152849acb4f244a8496c99704df19983ff29cb46fd163454bf511eaffa940,needs_review,113,113,32255,32455,200
ELECAM-2025-LT-MOUNGO-LOUM-0094,94,LT,LITTORAL,LT-MOUNGO,MOUNGO,LT-MOUNGO-LOUM,LOUM,FOYER D'ANIMATION / H,303,NKOMBI,elecam-bv-2025-littoral,e42152849acb4f244a8496c99704df19983ff29cb46fd163454bf511eaffa940,needs_review,113,113,32255,32455,200
ELECAM-2025-LT-MOUNGO-LOUM-0095,95,LT,LITTORAL,LT-MOUNGO,MOUNGO,LT-MOUNGO-LOUM,LOUM,ECOLE PUBLIQUE KM 99 / A,315,PK,elecam-bv-2025-littoral,e42152849acb4f244a8496c99704df19983ff29cb46fd163454bf511eaffa940,needs_review,113,113,32255,32455,200
ELECAM-2025-LT-MOUNGO-LOUM-0096,96,LT,LITTORAL,LT-MOUNGO,MOUNGO,LT-MOUNGO-LOUM,LOUM,ECOLE PUBLIQUE KM 99 / B,227,PK,elecam-bv-2025-littoral,e42152849acb4f244a8496c99704df19983ff29cb46fd163454bf511eaffa940,needs_review,113,113,32255,32455,200
ELECAM-2025-LT-MOUNGO-LOUM-0097,97,LT,LITTORAL,LT-MOUNGO,MOUNGO,LT-MOUNGO-LOUM,LOUM,COLLEGE NGAMGA & FRERES / A,296,RAILS BONEBELA,elecam-bv-2025-littoral,e42152849acb4f244a8496c99704df19983ff29cb46fd163454bf511eaffa940,needs_review,113,113,32255,32455,200
ELECAM-2025-LT-MOUNGO-LOUM-0098,98,LT,LITTORAL,LT-MOUNGO,MOUNGO,LT-MOUNGO-LOUM,LOUM,HANGAR PHP ROUTE BAKOSSI A / A,306,INDEPENDANCE,elecam-bv-2025-littoral,e42152849acb4f244a8496c99704df19983ff29cb46fd163454bf511eaffa940,needs_review,113,113,32255,32455,200
ELECAM-2025-LT-MOUNGO-LOUM-0099,99,LT,LITTORAL,LT-MOUNGO,MOUNGO,LT-MOUNGO-LOUM,LOUM,HANGAR PHP ROUTE BAKOSSI A / B,350,INDEPENDANCE,elecam-bv-2025-littoral,e42152849acb4f244a8496c99704df19983ff29cb46fd163454bf511eaffa940,needs_review,113,113,32255,32455,200
ELECAM-2025-LT-MOUNGO-LOUM-0100,100,LT,LITTORAL,LT-MOUNGO,MOUNGO,LT-MOUNGO-LOUM,LOUM,HANGAR PHP ROUTE BAKOSSI A / C,290,INDEPENDANCE,elecam-bv-2025-littoral,e42152849acb4f244a8496c99704df19983ff29cb46fd163454bf511eaffa940,needs_review,113,113,32255,32455,200
ELECAM-2025-LT-MOUNGO-LOUM-0101,101,LT,LITTORAL,LT-MOUNGO,MOUNGO,LT-MOUNGO-LOUM,LOUM,HANGAR PHP ROUTE BAKOSSI A / D,223,INDEPENDANCE,elecam-bv-2025-littoral,e42152849acb4f244a8496c99704df19983ff29cb46fd163454bf511eaffa940,needs_review,113,113,32255,32455,200
ELECAM-2025-LT-MOUNGO-LOUM-0102,102,LT,LITTORAL,LT-MOUNGO,MOUNGO,LT-MOUNGO-LOUM,LOUM,HANGAR PHP ROUTE BAKOSSI A / E,243,INDEPENDANCE,elecam-bv-2025-littoral,e42152849acb4f244a8496c99704df19983ff29cb46fd163454bf511eaffa940,needs_review,113,113,32255,32455,200
ELECAM-2025-LT-MOUNGO-LOUM-0103,103,LT,LITTORAL,LT-MOUNGO,MOUNGO,LT-MOUNGO-LOUM,LOUM,HANGAR PHP ROUTE BAKOSSI A / F,376,INDEPENDANCE,elecam-bv-2025-littoral,e42152849acb4f244a8496c99704df19983ff29cb46fd163454bf511eaffa940,needs_review,113,113,32255,32455,200
ELECAM-2025-LT-MOUNGO-LOUM-0104,104,LT,LITTORAL,LT-MOUNGO,MOUNGO,LT-MOUNGO-LOUM,LOUM,HANGAR PHP ROUTE BAKOSSI A / G,370,INDEPENDANCE,elecam-bv-2025-littoral,e42152849acb4f244a8496c99704df19983ff29cb46fd163454bf511eaffa940,needs_review,113,113,32255,32455,200
ELECAM-2025-LT-MOUNGO-LOUM-0105,105,LT,LITTORAL,LT-MOUNGO,MOUNGO,LT-MOUNGO-LOUM,LOUM,FOYER SALAKA / A,123,SALAKA,elecam-bv-2025-littoral,e42152849acb4f244a8496c99704df19983ff29cb46fd163454bf511eaffa940,needs_review,113,113,32255,32455,200
ELECAM-2025-LT-MOUNGO-LOUM-0106,106,LT,LITTORAL,LT-MOUNGO,MOUNGO,LT-MOUNGO-LOUM,LOUM,ECOLE SAINT THOMAS / A,171,KM,elecam-bv-2025-littoral,e42152849acb4f244a8496c99704df19983ff29cb46fd163454bf511eaffa940,needs_review,113,113,32255,32455,200
ELECAM-2025-LT-MOUNGO-LOUM-0107,107,LT,LITTORAL,LT-MOUNGO,MOUNGO,LT-MOUNGO-LOUM,LOUM,LYCEE BILINGUE DE MANENGWASSA / A,258,MANENGWASSA,elecam-bv-2025-littoral,e42152849acb4f244a8496c99704df19983ff29cb46fd163454bf511eaffa940,needs_review,113,113,32255,32455,200
ELECAM-2025-LT-MOUNGO-LOUM-0108,108,LT,LITTORAL,LT-MOUNGO,MOUNGO,LT-MOUNGO-LOUM,LOUM,LYCEE BILINGUE DE MANENGWASSA / B,368,MANENGWASSA,elecam-bv-2025-littoral,e42152849acb4f244a8496c99704df19983ff29cb46fd163454bf511eaffa940,needs_review,113,113,32255,32455,200
ELECAM-2025-LT-MOUNGO-LOUM-0109,109,LT,LITTORAL,LT-MOUNGO,MOUNGO,LT-MOUNGO-LOUM,LOUM,E.P. DE NKOMBI II / A,286,NKOMBI,elecam-bv-2025-littoral,e42152849acb4f244a8496c99704df19983ff29cb46fd163454bf511eaffa940,needs_review,113,113,32255,32455,200
ELECAM-2025-LT-MOUNGO-LOUM-0110,110,LT,LITTORAL,LT-MOUNGO,MOUNGO,LT-MOUNGO-LOUM,LOUM,E.P. DE NKOMBI II / B,267,NKOMBI,elecam-bv-2025-littoral,e42152849acb4f244a8496c99704df19983ff29cb46fd163454bf511eaffa940,needs_review,113,113,32255,32455,200
ELECAM-2025-LT-MOUNGO-LOUM-0111,111,LT,LITTORAL,LT-MOUNGO,MOUNGO,LT-MOUNGO-LOUM,LOUM,E.P. DE BILINGUE DE LOUM / A,380,NKOMBI,elecam-bv-2025-littoral,e42152849acb4f244a8496c99704df19983ff29cb46fd163454bf511eaffa940,needs_review,113,113,32255,32455,200
ELECAM-2025-LT-MOUNGO-LOUM-0112,112,LT,LITTORAL,LT-MOUNGO,MOUNGO,LT-MOUNGO-LOUM,LOUM,E.P. DE BILINGUE DE LOUM / B,389,NKOMBI,elecam-bv-2025-littoral,e42152849acb4f244a8496c99704df19983ff29cb46fd163454bf511eaffa940,needs_review,113,113,32255,32455,200
ELECAM-2025-LT-MOUNGO-LOUM-0113,113,LT,LITTORAL,LT-MOUNGO,MOUNGO,LT-MOUNGO-LOUM,LOUM,FOYER NGONDO III / A,55,VILLAGE NGONDO III,elecam-bv-2025-littoral,e42152849acb4f244a8496c99704df19983ff29cb46fd163454bf511eaffa940,needs_review,113,113,32255,32455,200
ELECAM-2025-LT-MOUNGO-MBANGA-0001,1,LT,LITTORAL,LT-MOUNGO,MOUNGO,LT-MOUNGO-MBANGA,MBANGA,FOYER CAMP I / A,215,CAMP ONE,elecam-bv-2025-littoral,e42152849acb4f244a8496c99704df19983ff29cb46fd163454bf511eaffa940,needs_review,102,102,28030,28730,700
ELECAM-2025-LT-MOUNGO-MBANGA-0002,2,LT,LITTORAL,LT-MOUNGO,MOUNGO,LT-MOUNGO-MBANGA,MBANGA,EEC DIKOUMA I / A,147,DIKOUMA,elecam-bv-2025-littoral,e42152849acb4f244a8496c99704df19983ff29cb46fd163454bf511eaffa940,needs_review,102,102,28030,28730,700
ELECAM-2025-LT-MOUNGO-MBANGA-0003,3,LT,LITTORAL,LT-MOUNGO,MOUNGO,LT-MOUNGO-MBANGA,MBANGA,ECOLE PUBLIQUE GRP IV / A,211,DIKOUMA MALENDE,elecam-bv-2025-littoral,e42152849acb4f244a8496c99704df19983ff29cb46fd163454bf511eaffa940,needs_review,102,102,28030,28730,700
ELECAM-2025-LT-MOUNGO-MBANGA-0004,4,LT,LITTORAL,LT-MOUNGO,MOUNGO,LT-MOUNGO-MBANGA,MBANGA,ECOLE PUBLIQUE GRP III / A,252,FIKO,elecam-bv-2025-littoral,e42152849acb4f244a8496c99704df19983ff29cb46fd163454bf511eaffa940,needs_review,102,102,28030,28730,700
ELECAM-2025-LT-MOUNGO-MBANGA-0005,5,LT,LITTORAL,LT-MOUNGO,MOUNGO,LT-MOUNGO-MBANGA,MBANGA,ECOLE PUBLIQUE GRP III / B,271,FIKO,elecam-bv-2025-littoral,e42152849acb4f244a8496c99704df19983ff29cb46fd163454bf511eaffa940,needs_review,102,102,28030,28730,700
ELECAM-2025-LT-MOUNGO-MBANGA-0006,6,LT,LITTORAL,LT-MOUNGO,MOUNGO,LT-MOUNGO-MBANGA,MBANGA,ECOLE PUBLIQUE GRP III / C,257,FIKO,elecam-bv-2025-littoral,e42152849acb4f244a8496c99704df19983ff29cb46fd163454bf511eaffa940,needs_review,102,102,28030,28730,700
ELECAM-2025-LT-MOUNGO-MBANGA-0007,7,LT,LITTORAL,LT-MOUNGO,MOUNGO,LT-MOUNGO-MBANGA,MBANGA,ECOLE PUBLIQUE GRP III / D,247,FIKO,elecam-bv-2025-littoral,e42152849acb4f244a8496c99704df19983ff29cb46fd163454bf511eaffa940,needs_review,102,102,28030,28730,700
ELECAM-2025-LT-MOUNGO-MBANGA-0008,8,LT,LITTORAL,LT-MOUNGO,MOUNGO,LT-MOUNGO-MBANGA,MBANGA,ECOLE PUBLIQUE GRP III / E,233,FIKO,elecam-bv-2025-littoral,e42152849acb4f244a8496c99704df19983ff29cb46fd163454bf511eaffa940,needs_review,102,102,28030,28730,700
ELECAM-2025-LT-MOUNGO-MBANGA-0009,9,LT,LITTORAL,LT-MOUNGO,MOUNGO,LT-MOUNGO-MBANGA,MBANGA,ECOLE PUBLIQUE GRP III / F,301,FIKO,elecam-bv-2025-littoral,e42152849acb4f244a8496c99704df19983ff29cb46fd163454bf511eaffa940,needs_review,102,102,28030,28730,700
ELECAM-2025-LT-MOUNGO-MBANGA-0010,10,LT,LITTORAL,LT-MOUNGO,MOUNGO,LT-MOUNGO-MBANGA,MBANGA,ECOLE PUBLIQUE GRP III / G,321,FIKO,elecam-bv-2025-littoral,e42152849acb4f244a8496c99704df19983ff29cb46fd163454bf511eaffa940,needs_review,102,102,28030,28730,700
ELECAM-2025-LT-MOUNGO-MBANGA-0011,11,LT,LITTORAL,LT-MOUNGO,MOUNGO,LT-MOUNGO-MBANGA,MBANGA,ECOLE PUBLIQUE GRP III / H,348,FIKO,elecam-bv-2025-littoral,e42152849acb4f244a8496c99704df19983ff29cb46fd163454bf511eaffa940,needs_review,102,102,28030,28730,700
ELECAM-2025-LT-MOUNGO-MBANGA-0012,12,LT,LITTORAL,LT-MOUNGO,MOUNGO,LT-MOUNGO-MBANGA,MBANGA,ECOLE PUBLIQUE GRP III / I,199,FIKO,elecam-bv-2025-littoral,e42152849acb4f244a8496c99704df19983ff29cb46fd163454bf511eaffa940,needs_review,102,102,28030,28730,700
ELECAM-2025-LT-MOUNGO-MBANGA-0013,13,LT,LITTORAL,LT-MOUNGO,MOUNGO,LT-MOUNGO-MBANGA,MBANGA,GARE DE TRAIN KOMBE / A,115,KOMBE GARE,elecam-bv-2025-littoral,e42152849acb4f244a8496c99704df19983ff29cb46fd163454bf511eaffa940,needs_review,102,102,28030,28730,700
ELECAM-2025-LT-MOUNGO-MBANGA-0014,14,LT,LITTORAL,LT-MOUNGO,MOUNGO,LT-MOUNGO-MBANGA,MBANGA,MISSION CATHOLIQUE / A,174,KOMBE MISSION,elecam-bv-2025-littoral,e42152849acb4f244a8496c99704df19983ff29cb46fd163454bf511eaffa940,needs_review,102,102,28030,28730,700
ELECAM-2025-LT-MOUNGO-MBANGA-0015,15,LT,LITTORAL,LT-MOUNGO,MOUNGO,LT-MOUNGO-MBANGA,MBANGA,MISSION CATHOLIQUE / B,226,KOMBE MISSION,elecam-bv-2025-littoral,e42152849acb4f244a8496c99704df19983ff29cb46fd163454bf511eaffa940,needs_review,102,102,28030,28730,700
ELECAM-2025-LT-MOUNGO-MBANGA-0016,16,LT,LITTORAL,LT-MOUNGO,MOUNGO,LT-MOUNGO-MBANGA,MBANGA,MISSION CATHOLIQUE / C,255,KOMBE MISSION,elecam-bv-2025-littoral,e42152849acb4f244a8496c99704df19983ff29cb46fd163454bf511eaffa940,needs_review,102,102,28030,28730,700
ELECAM-2025-LT-MOUNGO-MBANGA-0017,17,LT,LITTORAL,LT-MOUNGO,MOUNGO,LT-MOUNGO-MBANGA,MBANGA,CASE COMMUNAUTAIRE / A,219,KOMBE ROUTE,elecam-bv-2025-littoral,e42152849acb4f244a8496c99704df19983ff29cb46fd163454bf511eaffa940,needs_review,102,102,28030,28730,700
ELECAM-2025-LT-MOUNGO-MBANGA-0018,18,LT,LITTORAL,LT-MOUNGO,MOUNGO,LT-MOUNGO-MBANGA,MBANGA,CASE COMMUNAUTAIRE / B,177,KOMBE ROUTE,elecam-bv-2025-littoral,e42152849acb4f244a8496c99704df19983ff29cb46fd163454bf511eaffa940,needs_review,102,102,28030,28730,700
ELECAM-2025-LT-MOUNGO-MBANGA-0019,19,LT,LITTORAL,LT-MOUNGO,MOUNGO,LT-MOUNGO-MBANGA,MBANGA,ECOLE PUBLIQUE KOTTO DOWN TOWN / A,294,KOTTO MISSION,elecam-bv-2025-littoral,e42152849acb4f244a8496c99704df19983ff29cb46fd163454bf511eaffa940,needs_review,102,102,28030,28730,700
ELECAM-2025-LT-MOUNGO-MBANGA-0020,20,LT,LITTORAL,LT-MOUNGO,MOUNGO,LT-MOUNGO-MBANGA,MBANGA,ECOLE PUBLIQUE KOTTO DOWN TOWN / B,324,KOTTO MISSION,elecam-bv-2025-littoral,e42152849acb4f244a8496c99704df19983ff29cb46fd163454bf511eaffa940,needs_review,102,102,28030,28730,700
ELECAM-2025-LT-MOUNGO-MBANGA-0021,21,LT,LITTORAL,LT-MOUNGO,MOUNGO,LT-MOUNGO-MBANGA,MBANGA,ECOLE PRIVEE KOTTO UP / A,345,KOTTO UP,elecam-bv-2025-littoral,e42152849acb4f244a8496c99704df19983ff29cb46fd163454bf511eaffa940,needs_review,102,102,28030,28730,700
ELECAM-2025-LT-MOUNGO-MBANGA-0022,22,LT,LITTORAL,LT-MOUNGO,MOUNGO,LT-MOUNGO-MBANGA,MBANGA,ECOLE PRIVEE KOTTO UP / B,278,KOTTO UP,elecam-bv-2025-littoral,e42152849acb4f244a8496c99704df19983ff29cb46fd163454bf511eaffa940,needs_review,102,102,28030,28730,700
ELECAM-2025-LT-MOUNGO-MBANGA-0023,23,LT,LITTORAL,LT-MOUNGO,MOUNGO,LT-MOUNGO-MBANGA,MBANGA,ECOLE PRIVEE KOTTO UP / C,242,KOTTO UP,elecam-bv-2025-littoral,e42152849acb4f244a8496c99704df19983ff29cb46fd163454bf511eaffa940,needs_review,102,102,28030,28730,700
ELECAM-2025-LT-MOUNGO-MBANGA-0024,24,LT,LITTORAL,LT-MOUNGO,MOUNGO,LT-MOUNGO-MBANGA,MBANGA,FOYER ITALIA CERAMICA / A,178,LENGUE,elecam-bv-2025-littoral,e42152849acb4f244a8496c99704df19983ff29cb46fd163454bf511eaffa940,needs_review,102,102,28030,28730,700
ELECAM-2025-LT-MOUNGO-MBANGA-0025,25,LT,LITTORAL,LT-MOUNGO,MOUNGO,LT-MOUNGO-MBANGA,MBANGA,ECOLE PUBLIQUE MATOUKE / A,242,MATOUKE,elecam-bv-2025-littoral,e42152849acb4f244a8496c99704df19983ff29cb46fd163454bf511eaffa940,needs_review,102,102,28030,28730,700
ELECAM-2025-LT-MOUNGO-MBANGA-0026,26,LT,LITTORAL,LT-MOUNGO,MOUNGO,LT-MOUNGO-MBANGA,MBANGA,ECOLE PUBLIQUE MATOUKE / B,205,MATOUKE,elecam-bv-2025-littoral,e42152849acb4f244a8496c99704df19983ff29cb46fd163454bf511eaffa940,needs_review,102,102,28030,28730,700
ELECAM-2025-LT-MOUNGO-MBANGA-0027,27,LT,LITTORAL,LT-MOUNGO,MOUNGO,LT-MOUNGO-MBANGA,MBANGA,ECOLE PUBLIQUE MOUYOUKA / A,278,MOUYOUKA,elecam-bv-2025-littoral,e42152849acb4f244a8496c99704df19983ff29cb46fd163454bf511eaffa940,needs_review,102,102,28030,28730,700
ELECAM-2025-LT-MOUNGO-MBANGA-0028,28,LT,LITTORAL,LT-MOUNGO,MOUNGO,LT-MOUNGO-MBANGA,MBANGA,EGLISE CATHOLIQUE MOUYOUKA 2A / A,328,MOUYOUKA 2A,elecam-bv-2025-littoral,e42152849acb4f244a8496c99704df19983ff29cb46fd163454bf511eaffa940,needs_review,102,102,28030,28730,700
ELECAM-2025-LT-MOUNGO-MBANGA-0029,29,LT,LITTORAL,LT-MOUNGO,MOUNGO,LT-MOUNGO-MBANGA,MBANGA,EGLISE CATHOLIQUE MOUYOUKA 2A / B,271,MOUYOUKA 2A,elecam-bv-2025-littoral,e42152849acb4f244a8496c99704df19983ff29cb46fd163454bf511eaffa940,needs_review,102,102,28030,28730,700
ELECAM-2025-LT-MOUNGO-MBANGA-0030,30,LT,LITTORAL,LT-MOUNGO,MOUNGO,LT-MOUNGO-MBANGA,MBANGA,EGLISE CATHOLIQUE MOUYOUKA 2B / A,239,MOUYOUKA 2A,elecam-bv-2025-littoral,e42152849acb4f244a8496c99704df19983ff29cb46fd163454bf511eaffa940,needs_review,102,102,28030,28730,700
ELECAM-2025-LT-MOUNGO-MBANGA-0031,31,LT,LITTORAL,LT-MOUNGO,MOUNGO,LT-MOUNGO-MBANGA,MBANGA,EEC NDOH I / A,157,NDOH,elecam-bv-2025-littoral,e42152849acb4f244a8496c99704df19983ff29cb46fd163454bf511eaffa940,needs_review,102,102,28030,28730,700
ELECAM-2025-LT-MOUNGO-MBANGA-0032,32,LT,LITTORAL,LT-MOUNGO,MOUNGO,LT-MOUNGO-MBANGA,MBANGA,PLACE DU MARCHE NDOH II / A,254,NDOH,elecam-bv-2025-littoral,e42152849acb4f244a8496c99704df19983ff29cb46fd163454bf511eaffa940,needs_review,102,102,28030,28730,700
ELECAM-2025-LT-MOUNGO-MBANGA-0033,33,LT,LITTORAL,LT-MOUNGO,MOUNGO,LT-MOUNGO-MBANGA,MBANGA,COLLEGE SAINT JEAN / A,311,NDOH,elecam-bv-2025-littoral,e42152849acb4f244a8496c99704df19983ff29cb46fd163454bf511eaffa940,needs_review,102,102,28030,28730,700
ELECAM-2025-LT-MOUNGO-MBANGA-0034,34,LT,LITTORAL,LT-MOUNGO,MOUNGO,LT-MOUNGO-MBANGA,MBANGA,COLLEGE SAINT JEAN / B,375,NDOH,elecam-bv-2025-littoral,e42152849acb4f244a8496c99704df19983ff29cb46fd163454bf511eaffa940,needs_review,102,102,28030,28730,700
ELECAM-2025-LT-MOUNGO-MBANGA-0035,35,LT,LITTORAL,LT-MOUNGO,MOUNGO,LT-MOUNGO-MBANGA,MBANGA,COLLEGE SAINT JEAN / C,325,NDOH,elecam-bv-2025-littoral,e42152849acb4f244a8496c99704df19983ff29cb46fd163454bf511eaffa940,needs_review,102,102,28030,28730,700
ELECAM-2025-LT-MOUNGO-MBANGA-0036,36,LT,LITTORAL,LT-MOUNGO,MOUNGO,LT-MOUNGO-MBANGA,MBANGA,COLLEGE SAINT JEAN / D,261,NDOH,elecam-bv-2025-littoral,e42152849acb4f244a8496c99704df19983ff29cb46fd163454bf511eaffa940,needs_review,102,102,28030,28730,700
ELECAM-2025-LT-MOUNGO-MBANGA-0037,37,LT,LITTORAL,LT-MOUNGO,MOUNGO,LT-MOUNGO-MBANGA,MBANGA,COLLEGE SAINT JEAN / E,316,NDOH,elecam-bv-2025-littoral,e42152849acb4f244a8496c99704df19983ff29cb46fd163454bf511eaffa940,needs_review,102,102,28030,28730,700
ELECAM-2025-LT-MOUNGO-MBANGA-0038,38,LT,LITTORAL,LT-MOUNGO,MOUNGO,LT-MOUNGO-MBANGA,MBANGA,COLLEGE SAINT JEAN / F,307,NDOH,elecam-bv-2025-littoral,e42152849acb4f244a8496c99704df19983ff29cb46fd163454bf511eaffa940,needs_review,102,102,28030,28730,700
ELECAM-2025-LT-MOUNGO-MBANGA-0039,39,LT,LITTORAL,LT-MOUNGO,MOUNGO,LT-MOUNGO-MBANGA,MBANGA,GARE DE NDOH BEACH / A,80,NDOH BEACH,elecam-bv-2025-littoral,e42152849acb4f244a8496c99704df19983ff29cb46fd163454bf511eaffa940,needs_review,102,102,28030,28730,700
ELECAM-2025-LT-MOUNGO-MBANGA-0040,40,LT,LITTORAL,LT-MOUNGO,MOUNGO,LT-MOUNGO-MBANGA,MBANGA,EEC NDOM I / A,133,NDOM,elecam-bv-2025-littoral,e42152849acb4f244a8496c99704df19983ff29cb46fd163454bf511eaffa940,needs_review,102,102,28030,28730,700
ELECAM-2025-LT-MOUNGO-MBANGA-0041,41,LT,LITTORAL,LT-MOUNGO,MOUNGO,LT-MOUNGO-MBANGA,MBANGA,EEC NDOM II / A,274,NDOM,elecam-bv-2025-littoral,e42152849acb4f244a8496c99704df19983ff29cb46fd163454bf511eaffa940,needs_review,102,102,28030,28730,700
ELECAM-2025-LT-MOUNGO-MBANGA-0042,42,LT,LITTORAL,LT-MOUNGO,MOUNGO,LT-MOUNGO-MBANGA,MBANGA,EEC MBANGA BALONG / A,253,QUARTIER,elecam-bv-2025-littoral,e42152849acb4f244a8496c99704df19983ff29cb46fd163454bf511eaffa940,needs_review,102,102,28030,28730,700
ELECAM-2025-LT-MOUNGO-MBANGA-0043,43,LT,LITTORAL,LT-MOUNGO,MOUNGO,LT-MOUNGO-MBANGA,MBANGA,EEC MBANGA BALONG / B,234,QUARTIER,elecam-bv-2025-littoral,e42152849acb4f244a8496c99704df19983ff29cb46fd163454bf511eaffa940,needs_review,102,102,28030,28730,700
ELECAM-2025-LT-MOUNGO-MBANGA-0044,44,LT,LITTORAL,LT-MOUNGO,MOUNGO,LT-MOUNGO-MBANGA,MBANGA,LYCEE BILINGUE DE MBANGA / A,295,QUARTIER 2 A,elecam-bv-2025-littoral,e42152849acb4f244a8496c99704df19983ff29cb46fd163454bf511eaffa940,needs_review,102,102,28030,28730,700
ELECAM-2025-LT-MOUNGO-MBANGA-0045,45,LT,LITTORAL,LT-MOUNGO,MOUNGO,LT-MOUNGO-MBANGA,MBANGA,LYCEE BILINGUE DE MBANGA / B,283,QUARTIER 2 A,elecam-bv-2025-littoral,e42152849acb4f244a8496c99704df19983ff29cb46fd163454bf511eaffa940,needs_review,102,102,28030,28730,700
ELECAM-2025-LT-MOUNGO-MBANGA-0046,46,LT,LITTORAL,LT-MOUNGO,MOUNGO,LT-MOUNGO-MBANGA,MBANGA,LYCEE BILINGUE DE MBANGA / C,283,QUARTIER 2 A,elecam-bv-2025-littoral,e42152849acb4f244a8496c99704df19983ff29cb46fd163454bf511eaffa940,needs_review,102,102,28030,28730,700
ELECAM-2025-LT-MOUNGO-MBANGA-0047,47,LT,LITTORAL,LT-MOUNGO,MOUNGO,LT-MOUNGO-MBANGA,MBANGA,LYCEE BILINGUE DE MBANGA / D,275,QUARTIER 2 A,elecam-bv-2025-littoral,e42152849acb4f244a8496c99704df19983ff29cb46fd163454bf511eaffa940,needs_review,102,102,28030,28730,700
ELECAM-2025-LT-MOUNGO-MBANGA-0048,48,LT,LITTORAL,LT-MOUNGO,MOUNGO,LT-MOUNGO-MBANGA,MBANGA,LYCEE BILINGUE DE MBANGA / E,272,QUARTIER 2 A,elecam-bv-2025-littoral,e42152849acb4f244a8496c99704df19983ff29cb46fd163454bf511eaffa940,needs_review,102,102,28030,28730,700
ELECAM-2025-LT-MOUNGO-MBANGA-0049,49,LT,LITTORAL,LT-MOUNGO,MOUNGO,LT-MOUNGO-MBANGA,MBANGA,LYCEE BILINGUE DE MBANGA / F,356,QUARTIER 2 A,elecam-bv-2025-littoral,e42152849acb4f244a8496c99704df19983ff29cb46fd163454bf511eaffa940,needs_review,102,102,28030,28730,700
ELECAM-2025-LT-MOUNGO-MBANGA-0050,50,LT,LITTORAL,LT-MOUNGO,MOUNGO,LT-MOUNGO-MBANGA,MBANGA,LYCEE BILINGUE DE MBANGA / G,307,QUARTIER 2 A,elecam-bv-2025-littoral,e42152849acb4f244a8496c99704df19983ff29cb46fd163454bf511eaffa940,needs_review,102,102,28030,28730,700
ELECAM-2025-LT-MOUNGO-MBANGA-0051,51,LT,LITTORAL,LT-MOUNGO,MOUNGO,LT-MOUNGO-MBANGA,MBANGA,LYCEE BILINGUE DE MBANGA / H,352,QUARTIER 2 A,elecam-bv-2025-littoral,e42152849acb4f244a8496c99704df19983ff29cb46fd163454bf511eaffa940,needs_review,102,102,28030,28730,700
ELECAM-2025-LT-MOUNGO-MBANGA-0052,52,LT,LITTORAL,LT-MOUNGO,MOUNGO,LT-MOUNGO-MBANGA,MBANGA,ECOLE SAINT ANDRE GRP I / A,288,QUARTIER 4 B,elecam-bv-2025-littoral,e42152849acb4f244a8496c99704df19983ff29cb46fd163454bf511eaffa940,needs_review,102,102,28030,28730,700
ELECAM-2025-LT-MOUNGO-MBANGA-0053,53,LT,LITTORAL,LT-MOUNGO,MOUNGO,LT-MOUNGO-MBANGA,MBANGA,ECOLE SAINT ANDRE GRP I / B,261,QUARTIER 4 B,elecam-bv-2025-littoral,e42152849acb4f244a8496c99704df19983ff29cb46fd163454bf511eaffa940,needs_review,102,102,28030,28730,700
ELECAM-2025-LT-MOUNGO-MBANGA-0054,54,LT,LITTORAL,LT-MOUNGO,MOUNGO,LT-MOUNGO-MBANGA,MBANGA,ECOLE SAINT ANDRE GRP I / C,260,QUARTIER 4 B,elecam-bv-2025-littoral,e42152849acb4f244a8496c99704df19983ff29cb46fd163454bf511eaffa940,needs_review,102,102,28030,28730,700
ELECAM-2025-LT-MOUNGO-MBANGA-0055,55,LT,LITTORAL,LT-MOUNGO,MOUNGO,LT-MOUNGO-MBANGA,MBANGA,ECOLE SAINT ANDRE GRP I / D,268,QUARTIER 4 B,elecam-bv-2025-littoral,e42152849acb4f244a8496c99704df19983ff29cb46fd163454bf511eaffa940,needs_review,102,102,28030,28730,700
ELECAM-2025-LT-MOUNGO-MBANGA-0056,56,LT,LITTORAL,LT-MOUNGO,MOUNGO,LT-MOUNGO-MBANGA,MBANGA,ECOLE SAINT ANDRE GRP I / E,295,QUARTIER 4 B,elecam-bv-2025-littoral,e42152849acb4f244a8496c99704df19983ff29cb46fd163454bf511eaffa940,needs_review,102,102,28030,28730,700
ELECAM-2025-LT-MOUNGO-MBANGA-0057,57,LT,LITTORAL,LT-MOUNGO,MOUNGO,LT-MOUNGO-MBANGA,MBANGA,ECOLE SAINT ANDRE GRP I / F,310,QUARTIER 4 B,elecam-bv-2025-littoral,e42152849acb4f244a8496c99704df19983ff29cb46fd163454bf511eaffa940,needs_review,102,102,28030,28730,700
ELECAM-2025-LT-MOUNGO-MBANGA-0058,58,LT,LITTORAL,LT-MOUNGO,MOUNGO,LT-MOUNGO-MBANGA,MBANGA,ECOLE CEBEC / A,298,QUARTIER,elecam-bv-2025-littoral,e42152849acb4f244a8496c99704df19983ff29cb46fd163454bf511eaffa940,needs_review,102,102,28030,28730,700
ELECAM-2025-LT-MOUNGO-MBANGA-0059,59,LT,LITTORAL,LT-MOUNGO,MOUNGO,LT-MOUNGO-MBANGA,MBANGA,ECOLE CEBEC / B,254,QUARTIER,elecam-bv-2025-littoral,e42152849acb4f244a8496c99704df19983ff29cb46fd163454bf511eaffa940,needs_review,102,102,28030,28730,700
ELECAM-2025-LT-MOUNGO-MBANGA-0060,60,LT,LITTORAL,LT-MOUNGO,MOUNGO,LT-MOUNGO-MBANGA,MBANGA,ECOLE CEBEC / C,264,QUARTIER,elecam-bv-2025-littoral,e42152849acb4f244a8496c99704df19983ff29cb46fd163454bf511eaffa940,needs_review,102,102,28030,28730,700
ELECAM-2025-LT-MOUNGO-MBANGA-0061,61,LT,LITTORAL,LT-MOUNGO,MOUNGO,LT-MOUNGO-MBANGA,MBANGA,ECOLE CEBEC / D,303,QUARTIER,elecam-bv-2025-littoral,e42152849acb4f244a8496c99704df19983ff29cb46fd163454bf511eaffa940,needs_review,102,102,28030,28730,700
ELECAM-2025-LT-MOUNGO-MBANGA-0062,62,LT,LITTORAL,LT-MOUNGO,MOUNGO,LT-MOUNGO-MBANGA,MBANGA,ECOLE CEBEC / E,361,QUARTIER,elecam-bv-2025-littoral,e42152849acb4f244a8496c99704df19983ff29cb46fd163454bf511eaffa940,needs_review,102,102,28030,28730,700
ELECAM-2025-LT-MOUNGO-MBANGA-0063,63,LT,LITTORAL,LT-MOUNGO,MOUNGO,LT-MOUNGO-MBANGA,MBANGA,ECOLE SAINT ANDRE GRP II / A,281,QUARTIER 7 A,elecam-bv-2025-littoral,e42152849acb4f244a8496c99704df19983ff29cb46fd163454bf511eaffa940,needs_review,102,102,28030,28730,700
ELECAM-2025-LT-MOUNGO-MBANGA-0064,64,LT,LITTORAL,LT-MOUNGO,MOUNGO,LT-MOUNGO-MBANGA,MBANGA,ECOLE SAINT ANDRE GRP II / B,289,QUARTIER 7 A,elecam-bv-2025-littoral,e42152849acb4f244a8496c99704df19983ff29cb46fd163454bf511eaffa940,needs_review,102,102,28030,28730,700
ELECAM-2025-LT-MOUNGO-MBANGA-0065,65,LT,LITTORAL,LT-MOUNGO,MOUNGO,LT-MOUNGO-MBANGA,MBANGA,ECOLE SAINT ANDRE GRP II / C,252,QUARTIER 7 A,elecam-bv-2025-littoral,e42152849acb4f244a8496c99704df19983ff29cb46fd163454bf511eaffa940,needs_review,102,102,28030,28730,700
ELECAM-2025-LT-MOUNGO-MBANGA-0066,66,LT,LITTORAL,LT-MOUNGO,MOUNGO,LT-MOUNGO-MBANGA,MBANGA,ECOLE SAINT ANDRE GRP II / D,244,QUARTIER 7 A,elecam-bv-2025-littoral,e42152849acb4f244a8496c99704df19983ff29cb46fd163454bf511eaffa940,needs_review,102,102,28030,28730,700
ELECAM-2025-LT-MOUNGO-MBANGA-0067,67,LT,LITTORAL,LT-MOUNGO,MOUNGO,LT-MOUNGO-MBANGA,MBANGA,ECOLE SAINT ANDRE GRP II / E,349,QUARTIER 7 A,elecam-bv-2025-littoral,e42152849acb4f244a8496c99704df19983ff29cb46fd163454bf511eaffa940,needs_review,102,102,28030,28730,700
ELECAM-2025-LT-MOUNGO-MBANGA-0068,68,LT,LITTORAL,LT-MOUNGO,MOUNGO,LT-MOUNGO-MBANGA,MBANGA,ECOLE SAINT ANDRE GRP II / F,298,QUARTIER 7 A,elecam-bv-2025-littoral,e42152849acb4f244a8496c99704df19983ff29cb46fd163454bf511eaffa940,needs_review,102,102,28030,28730,700
ELECAM-2025-LT-MOUNGO-MBANGA-0069,69,LT,LITTORAL,LT-MOUNGO,MOUNGO,LT-MOUNGO-MBANGA,MBANGA,ECOLE SAINT ANDRE GARE / A,255,QUARTIER,elecam-bv-2025-littoral,e42152849acb4f244a8496c99704df19983ff29cb46fd163454bf511eaffa940,needs_review,102,102,28030,28730,700
ELECAM-2025-LT-MOUNGO-MBANGA-0070,70,LT,LITTORAL,LT-MOUNGO,MOUNGO,LT-MOUNGO-MBANGA,MBANGA,ECOLE SAINT ANDRE GARE / B,287,QUARTIER,elecam-bv-2025-littoral,e42152849acb4f244a8496c99704df19983ff29cb46fd163454bf511eaffa940,needs_review,102,102,28030,28730,700
ELECAM-2025-LT-MOUNGO-MBANGA-0071,71,LT,LITTORAL,LT-MOUNGO,MOUNGO,LT-MOUNGO-MBANGA,MBANGA,ECOLE SAINT ANDRE GARE / C,324,QUARTIER,elecam-bv-2025-littoral,e42152849acb4f244a8496c99704df19983ff29cb46fd163454bf511eaffa940,needs_review,102,102,28030,28730,700
ELECAM-2025-LT-MOUNGO-MBANGA-0072,72,LT,LITTORAL,LT-MOUNGO,MOUNGO,LT-MOUNGO-MBANGA,MBANGA,ECOLE PUBLIQUE GRP I / A,273,QUARTIER,elecam-bv-2025-littoral,e42152849acb4f244a8496c99704df19983ff29cb46fd163454bf511eaffa940,needs_review,102,102,28030,28730,700
ELECAM-2025-LT-MOUNGO-MBANGA-0073,73,LT,LITTORAL,LT-MOUNGO,MOUNGO,LT-MOUNGO-MBANGA,MBANGA,ECOLE PUBLIQUE GRP I / B,200,QUARTIER,elecam-bv-2025-littoral,e42152849acb4f244a8496c99704df19983ff29cb46fd163454bf511eaffa940,needs_review,102,102,28030,28730,700
ELECAM-2025-LT-MOUNGO-MBANGA-0074,74,LT,LITTORAL,LT-MOUNGO,MOUNGO,LT-MOUNGO-MBANGA,MBANGA,ECOLE PUBLIQUE FRP II / A,244,QUARTIER,elecam-bv-2025-littoral,e42152849acb4f244a8496c99704df19983ff29cb46fd163454bf511eaffa940,needs_review,102,102,28030,28730,700
ELECAM-2025-LT-MOUNGO-MBANGA-0075,75,LT,LITTORAL,LT-MOUNGO,MOUNGO,LT-MOUNGO-MBANGA,MBANGA,ECOLE PUBLIQUE FRP II / B,280,QUARTIER,elecam-bv-2025-littoral,e42152849acb4f244a8496c99704df19983ff29cb46fd163454bf511eaffa940,needs_review,102,102,28030,28730,700
ELECAM-2025-LT-MOUNGO-MBANGA-0076,76,LT,LITTORAL,LT-MOUNGO,MOUNGO,LT-MOUNGO-MBANGA,MBANGA,ECOLE PUBLIQUE FRP II / C,332,QUARTIER,elecam-bv-2025-littoral,e42152849acb4f244a8496c99704df19983ff29cb46fd163454bf511eaffa940,needs_review,102,102,28030,28730,700
ELECAM-2025-LT-MOUNGO-MBANGA-0077,77,LT,LITTORAL,LT-MOUNGO,MOUNGO,LT-MOUNGO-MBANGA,MBANGA,MAIRIE DE MBANGA / A,340,QUARTIER ADMINISTRATIF,elecam-bv-2025-littoral,e42152849acb4f244a8496c99704df19983ff29cb46fd163454bf511eaffa940,needs_review,102,102,28030,28730,700
ELECAM-2025-LT-MOUNGO-MBANGA-0078,78,LT,LITTORAL,LT-MOUNGO,MOUNGO,LT-MOUNGO-MBANGA,MBANGA,ECOLE PUBLIQUE GRP V / A,219,YOKE,elecam-bv-2025-littoral,e42152849acb4f244a8496c99704df19983ff29cb46fd163454bf511eaffa940,needs_review,102,102,28030,28730,700
ELECAM-2025-LT-MOUNGO-MBANGA-0079,79,LT,LITTORAL,LT-MOUNGO,MOUNGO,LT-MOUNGO-MBANGA,MBANGA,MISSION CATHOLIQUE KOMBE ROUTE / A,140,KOMBE MISSION,elecam-bv-2025-littoral,e42152849acb4f244a8496c99704df19983ff29cb46fd163454bf511eaffa940,needs_review,102,102,28030,28730,700
ELECAM-2025-LT-MOUNGO-MBANGA-0080,80,LT,LITTORAL,LT-MOUNGO,MOUNGO,LT-MOUNGO-MBANGA,MBANGA,MISSION CATHOLIQUE KOMBE / A,111,KOMBE MISSION,elecam-bv-2025-littoral,e42152849acb4f244a8496c99704df19983ff29cb46fd163454bf511eaffa940,needs_review,102,102,28030,28730,700
ELECAM-2025-LT-MOUNGO-MBANGA-0081,81,LT,LITTORAL,LT-MOUNGO,MOUNGO,LT-MOUNGO-MBANGA,MBANGA,ECOLE PUB BILINGUE MBANGA GPE 1 / A,262,GENDARMERIE TERRITORIALE,elecam-bv-2025-littoral,e42152849acb4f244a8496c99704df19983ff29cb46fd163454bf511eaffa940,needs_review,102,102,28030,28730,700
ELECAM-2025-LT-MOUNGO-MBANGA-0082,82,LT,LITTORAL,LT-MOUNGO,MOUNGO,LT-MOUNGO-MBANGA,MBANGA,ECOLE PUBLIQUE BILINGUE MBANGA GPE 2 /,101,YOKE PRISON,elecam-bv-2025-littoral,e42152849acb4f244a8496c99704df19983ff29cb46fd163454bf511eaffa940,needs_review,102,102,28030,28730,700
ELECAM-2025-LT-MOUNGO-MBANGA-0083,83,LT,LITTORAL,LT-MOUNGO,MOUNGO,LT-MOUNGO-MBANGA,MBANGA,GROUPE SCOLAIRE BILINGUE KOMBE,465,KOMBE MARCHE,elecam-bv-2025-littoral,e42152849acb4f244a8496c99704df19983ff29cb46fd163454bf511eaffa940,needs_review,102,102,28030,28730,700
ELECAM-2025-LT-MOUNGO-MBANGA-0084,84,LT,LITTORAL,LT-MOUNGO,MOUNGO,LT-MOUNGO-MBANGA,MBANGA,GROUPE SCOLAIRE BILINGUE KOMBE,430,KOMBE MARCHE,elecam-bv-2025-littoral,e42152849acb4f244a8496c99704df19983ff29cb46fd163454bf511eaffa940,needs_review,102,102,28030,28730,700
ELECAM-2025-LT-MOUNGO-MBANGA-0085,85,LT,LITTORAL,LT-MOUNGO,MOUNGO,LT-MOUNGO-MBANGA,MBANGA,GROUPE SCOLAIRE BILINGUE KOMBE,425,KOMBE MARCHE,elecam-bv-2025-littoral,e42152849acb4f244a8496c99704df19983ff29cb46fd163454bf511eaffa940,needs_review,102,102,28030,28730,700
ELECAM-2025-LT-MOUNGO-MBANGA-0086,86,LT,LITTORAL,LT-MOUNGO,MOUNGO,LT-MOUNGO-MBANGA,MBANGA,GROUPE SCOLAIRE BILINGUE KOMBE,127,KOMBE MARCHE,elecam-bv-2025-littoral,e42152849acb4f244a8496c99704df19983ff29cb46fd163454bf511eaffa940,needs_review,102,102,28030,28730,700
ELECAM-2025-LT-MOUNGO-MBANGA-0087,87,LT,LITTORAL,LT-MOUNGO,MOUNGO,LT-MOUNGO-MBANGA,MBANGA,ECOLE SAINT JOSEPH KOTTO NACHTIGAL / A,391,KOTTO NACHTIGAL,elecam-bv-2025-littoral,e42152849acb4f244a8496c99704df19983ff29cb46fd163454bf511eaffa940,needs_review,102,102,28030,28730,700
ELECAM-2025-LT-MOUNGO-MBANGA-0088,88,LT,LITTORAL,LT-MOUNGO,MOUNGO,LT-MOUNGO-MBANGA,MBANGA,ECOLE SAINT JOSEPH KOTTO NACHTIGAL / B,387,KOTTO NACHTIGAL,elecam-bv-2025-littoral,e42152849acb4f244a8496c99704df19983ff29cb46fd163454bf511eaffa940,needs_review,102,102,28030,28730,700
ELECAM-2025-LT-MOUNGO-MBANGA-0089,89,LT,LITTORAL,LT-MOUNGO,MOUNGO,LT-MOUNGO-MBANGA,MBANGA,LYCEE TECHNIQUE MBANGA / A,209,QUARTIER,elecam-bv-2025-littoral,e42152849acb4f244a8496c99704df19983ff29cb46fd163454bf511eaffa940,needs_review,102,102,28030,28730,700
ELECAM-2025-LT-MOUNGO-MBANGA-0090,90,LT,LITTORAL,LT-MOUNGO,MOUNGO,LT-MOUNGO-MBANGA,MBANGA,LYCEE TECHNIQUE MBANGA / B,212,QUARTIER,elecam-bv-2025-littoral,e42152849acb4f244a8496c99704df19983ff29cb46fd163454bf511eaffa940,needs_review,102,102,28030,28730,700
ELECAM-2025-LT-MOUNGO-MBANGA-0091,91,LT,LITTORAL,LT-MOUNGO,MOUNGO,LT-MOUNGO-MBANGA,MBANGA,COLLEGE SAINT BERNARD MBANGA / A,424,QUARTIER,elecam-bv-2025-littoral,e42152849acb4f244a8496c99704df19983ff29cb46fd163454bf511eaffa940,needs_review,102,102,28030,28730,700
ELECAM-2025-LT-MOUNGO-MBANGA-0092,92,LT,LITTORAL,LT-MOUNGO,MOUNGO,LT-MOUNGO-MBANGA,MBANGA,COLLEGE SAINT BERNARD MBANGA / B,433,QUARTIER,elecam-bv-2025-littoral,e42152849acb4f244a8496c99704df19983ff29cb46fd163454bf511eaffa940,needs_review,102,102,28030,28730,700
ELECAM-2025-LT-MOUNGO-MBANGA-0093,93,LT,LITTORAL,LT-MOUNGO,MOUNGO,LT-MOUNGO-MBANGA,MBANGA,COLLEGE SAINT BERNARD MBANGA / C,398,QUARTIER,elecam-bv-2025-littoral,e42152849acb4f244a8496c99704df19983ff29cb46fd163454bf511eaffa940,needs_review,102,102,28030,28730,700
ELECAM-2025-LT-MOUNGO-MBANGA-0094,94,LT,LITTORAL,LT-MOUNGO,MOUNGO,LT-MOUNGO-MBANGA,MBANGA,COLLEGE SAINT BERNARD MBANGA / D,380,QUARTIER,elecam-bv-2025-littoral,e42152849acb4f244a8496c99704df19983ff29cb46fd163454bf511eaffa940,needs_review,102,102,28030,28730,700
ELECAM-2025-LT-MOUNGO-MBANGA-0095,95,LT,LITTORAL,LT-MOUNGO,MOUNGO,LT-MOUNGO-MBANGA,MBANGA,COLLEGE SAINT BERNARD MBANGA / E,374,QUARTIER,elecam-bv-2025-littoral,e42152849acb4f244a8496c99704df19983ff29cb46fd163454bf511eaffa940,needs_review,102,102,28030,28730,700
ELECAM-2025-LT-MOUNGO-MBANGA-0096,96,LT,LITTORAL,LT-MOUNGO,MOUNGO,LT-MOUNGO-MBANGA,MBANGA,COLLEGE SAINT BERNARD MBANGA / F,375,QUARTIER,elecam-bv-2025-littoral,e42152849acb4f244a8496c99704df19983ff29cb46fd163454bf511eaffa940,needs_review,102,102,28030,28730,700
ELECAM-2025-LT-MOUNGO-MBANGA-0097,97,LT,LITTORAL,LT-MOUNGO,MOUNGO,LT-MOUNGO-MBANGA,MBANGA,COLLEGE SAINT BERNARD MBANGA / G,407,QUARTIER,elecam-bv-2025-littoral,e42152849acb4f244a8496c99704df19983ff29cb46fd163454bf511eaffa940,needs_review,102,102,28030,28730,700
ELECAM-2025-LT-MOUNGO-MBANGA-0098,98,LT,LITTORAL,LT-MOUNGO,MOUNGO,LT-MOUNGO-MBANGA,MBANGA,ECOLE SŒURS JUMELLES MBANGA / A,420,QUARTIER,elecam-bv-2025-littoral,e42152849acb4f244a8496c99704df19983ff29cb46fd163454bf511eaffa940,needs_review,102,102,28030,28730,700
ELECAM-2025-LT-MOUNGO-MBANGA-0099,99,LT,LITTORAL,LT-MOUNGO,MOUNGO,LT-MOUNGO-MBANGA,MBANGA,ECOLE SŒURS JUMELLES MBANGA / B,421,QUARTIER,elecam-bv-2025-littoral,e42152849acb4f244a8496c99704df19983ff29cb46fd163454bf511eaffa940,needs_review,102,102,28030,28730,700
ELECAM-2025-LT-MOUNGO-MBANGA-0100,100,LT,LITTORAL,LT-MOUNGO,MOUNGO,LT-MOUNGO-MBANGA,MBANGA,ECOLE SŒURS JUMELLES MBANGA / C,418,QUARTIER,elecam-bv-2025-littoral,e42152849acb4f244a8496c99704df19983ff29cb46fd163454bf511eaffa940,needs_review,102,102,28030,28730,700
ELECAM-2025-LT-MOUNGO-MBANGA-0101,101,LT,LITTORAL,LT-MOUNGO,MOUNGO,LT-MOUNGO-MBANGA,MBANGA,ECOLE SŒURS JUMELLES MBANGA / D,420,QUARTIER,elecam-bv-2025-littoral,e42152849acb4f244a8496c99704df19983ff29cb46fd163454bf511eaffa940,needs_review,102,102,28030,28730,700
ELECAM-2025-LT-MOUNGO-MBANGA-0102,102,LT,LITTORAL,LT-MOUNGO,MOUNGO,LT-MOUNGO-MBANGA,MBANGA,ECOLE SŒURS JUMELLES MBANGA / E,276,QUARTIER,elecam-bv-2025-littoral,e42152849acb4f244a8496c99704df19983ff29cb46fd163454bf511eaffa940,needs_review,102,102,28030,28730,700
ELECAM-2025-LT-MOUNGO-MELONG-0001,1,LT,LITTORAL,LT-MOUNGO,MOUNGO,LT-MOUNGO-MELONG,MELONG,COLLEGE 3 ETOILES / A,192,DENZO VILLE,elecam-bv-2025-littoral,e42152849acb4f244a8496c99704df19983ff29cb46fd163454bf511eaffa940,needs_review,104,104,27317,27517,200
ELECAM-2025-LT-MOUNGO-MELONG-0002,2,LT,LITTORAL,LT-MOUNGO,MOUNGO,LT-MOUNGO-MELONG,MELONG,EP EBAKONG / A,124,EBAKONG,elecam-bv-2025-littoral,e42152849acb4f244a8496c99704df19983ff29cb46fd163454bf511eaffa940,needs_review,104,104,27317,27517,200
ELECAM-2025-LT-MOUNGO-MELONG-0003,3,LT,LITTORAL,LT-MOUNGO,MOUNGO,LT-MOUNGO-MELONG,MELONG,EP EBANG MAMA / A,313,EBANG MAMA,elecam-bv-2025-littoral,e42152849acb4f244a8496c99704df19983ff29cb46fd163454bf511eaffa940,needs_review,104,104,27317,27517,200
ELECAM-2025-LT-MOUNGO-MELONG-0004,4,LT,LITTORAL,LT-MOUNGO,MOUNGO,LT-MOUNGO-MELONG,MELONG,EP EDIENGO / A,20,EDIENGO,elecam-bv-2025-littoral,e42152849acb4f244a8496c99704df19983ff29cb46fd163454bf511eaffa940,needs_review,104,104,27317,27517,200
ELECAM-2025-LT-MOUNGO-MELONG-0005,5,LT,LITTORAL,LT-MOUNGO,MOUNGO,LT-MOUNGO-MELONG,MELONG,EP EKAH / A,85,EKAH,elecam-bv-2025-littoral,e42152849acb4f244a8496c99704df19983ff29cb46fd163454bf511eaffa940,needs_review,104,104,27317,27517,200
ELECAM-2025-LT-MOUNGO-MELONG-0006,6,LT,LITTORAL,LT-MOUNGO,MOUNGO,LT-MOUNGO-MELONG,MELONG,EP EKANANG / A,235,EKANANG,elecam-bv-2025-littoral,e42152849acb4f244a8496c99704df19983ff29cb46fd163454bf511eaffa940,needs_review,104,104,27317,27517,200
ELECAM-2025-LT-MOUNGO-MELONG-0007,7,LT,LITTORAL,LT-MOUNGO,MOUNGO,LT-MOUNGO-MELONG,MELONG,POSTE AGRICOLE / A,158,EKOLBOUNI POSTE AGRICOLE,elecam-bv-2025-littoral,e42152849acb4f244a8496c99704df19983ff29cb46fd163454bf511eaffa940,needs_review,104,104,27317,27517,200
ELECAM-2025-LT-MOUNGO-MELONG-0008,8,LT,LITTORAL,LT-MOUNGO,MOUNGO,LT-MOUNGO-MELONG,MELONG,EP EKOLBOUNI / A,122,EKOLBOUNI VILLAGE,elecam-bv-2025-littoral,e42152849acb4f244a8496c99704df19983ff29cb46fd163454bf511eaffa940,needs_review,104,104,27317,27517,200
ELECAM-2025-LT-MOUNGO-MELONG-0009,9,LT,LITTORAL,LT-MOUNGO,MOUNGO,LT-MOUNGO-MELONG,MELONG,LYCEE BILINGUE DE MELONG / A,297,EKOLKANG,elecam-bv-2025-littoral,e42152849acb4f244a8496c99704df19983ff29cb46fd163454bf511eaffa940,needs_review,104,104,27317,27517,200
ELECAM-2025-LT-MOUNGO-MELONG-0010,10,LT,LITTORAL,LT-MOUNGO,MOUNGO,LT-MOUNGO-MELONG,MELONG,EP ESSEKOU / A,333,ESSEKOU,elecam-bv-2025-littoral,e42152849acb4f244a8496c99704df19983ff29cb46fd163454bf511eaffa940,needs_review,104,104,27317,27517,200
ELECAM-2025-LT-MOUNGO-MELONG-0011,11,LT,LITTORAL,LT-MOUNGO,MOUNGO,LT-MOUNGO-MELONG,MELONG,EP ESSEKOU / B,338,ESSEKOU,elecam-bv-2025-littoral,e42152849acb4f244a8496c99704df19983ff29cb46fd163454bf511eaffa940,needs_review,104,104,27317,27517,200
ELECAM-2025-LT-MOUNGO-MELONG-0012,12,LT,LITTORAL,LT-MOUNGO,MOUNGO,LT-MOUNGO-MELONG,MELONG,EP ETABANG / A,225,ETABANG,elecam-bv-2025-littoral,e42152849acb4f244a8496c99704df19983ff29cb46fd163454bf511eaffa940,needs_review,104,104,27317,27517,200
ELECAM-2025-LT-MOUNGO-MELONG-0013,13,LT,LITTORAL,LT-MOUNGO,MOUNGO,LT-MOUNGO-MELONG,MELONG,EP LELEM MANGWETE / A,283,LELEM MANGWETE,elecam-bv-2025-littoral,e42152849acb4f244a8496c99704df19983ff29cb46fd163454bf511eaffa940,needs_review,104,104,27317,27517,200
ELECAM-2025-LT-MOUNGO-MELONG-0014,14,LT,LITTORAL,LT-MOUNGO,MOUNGO,LT-MOUNGO-MELONG,MELONG,EP LELEM MANGWETE / B,273,LELEM MANGWETE,elecam-bv-2025-littoral,e42152849acb4f244a8496c99704df19983ff29cb46fd163454bf511eaffa940,needs_review,104,104,27317,27517,200
ELECAM-2025-LT-MOUNGO-MELONG-0015,15,LT,LITTORAL,LT-MOUNGO,MOUNGO,LT-MOUNGO-MELONG,MELONG,EP LELEM MANGWETE / C,150,LELEM MANGWETE,elecam-bv-2025-littoral,e42152849acb4f244a8496c99704df19983ff29cb46fd163454bf511eaffa940,needs_review,104,104,27317,27517,200
ELECAM-2025-LT-MOUNGO-MELONG-0016,16,LT,LITTORAL,LT-MOUNGO,MOUNGO,LT-MOUNGO-MELONG,MELONG,EP LELEM MOUANTONG / A,369,LELEM MOUANTONG QUARTIER,elecam-bv-2025-littoral,e42152849acb4f244a8496c99704df19983ff29cb46fd163454bf511eaffa940,needs_review,104,104,27317,27517,200
ELECAM-2025-LT-MOUNGO-MELONG-0017,17,LT,LITTORAL,LT-MOUNGO,MOUNGO,LT-MOUNGO-MELONG,MELONG,EP LELEM MOUANTONG / B,350,LELEM MOUANTONG QUARTIER,elecam-bv-2025-littoral,e42152849acb4f244a8496c99704df19983ff29cb46fd163454bf511eaffa940,needs_review,104,104,27317,27517,200
ELECAM-2025-LT-MOUNGO-MELONG-0018,18,LT,LITTORAL,LT-MOUNGO,MOUNGO,LT-MOUNGO-MELONG,MELONG,EP LELEM MOUANTONG / C,356,LELEM MOUANTONG QUARTIER,elecam-bv-2025-littoral,e42152849acb4f244a8496c99704df19983ff29cb46fd163454bf511eaffa940,needs_review,104,104,27317,27517,200
ELECAM-2025-LT-MOUNGO-MELONG-0019,19,LT,LITTORAL,LT-MOUNGO,MOUNGO,LT-MOUNGO-MELONG,MELONG,EP LELEM MOUANTONG / D,364,LELEM MOUANTONG QUARTIER,elecam-bv-2025-littoral,e42152849acb4f244a8496c99704df19983ff29cb46fd163454bf511eaffa940,needs_review,104,104,27317,27517,200
ELECAM-2025-LT-MOUNGO-MELONG-0020,20,LT,LITTORAL,LT-MOUNGO,MOUNGO,LT-MOUNGO-MELONG,MELONG,FOYER BATCHINGOU / A,141,LELEM MOUANTONG QUARTIER,elecam-bv-2025-littoral,e42152849acb4f244a8496c99704df19983ff29cb46fd163454bf511eaffa940,needs_review,104,104,27317,27517,200
ELECAM-2025-LT-MOUNGO-MELONG-0021,21,LT,LITTORAL,LT-MOUNGO,MOUNGO,LT-MOUNGO-MELONG,MELONG,ECOLE CATHOLIQUE LELEM MOUANTONG / A,344,LELEM MOUANTONG QUARTIER,elecam-bv-2025-littoral,e42152849acb4f244a8496c99704df19983ff29cb46fd163454bf511eaffa940,needs_review,104,104,27317,27517,200
ELECAM-2025-LT-MOUNGO-MELONG-0022,22,LT,LITTORAL,LT-MOUNGO,MOUNGO,LT-MOUNGO-MELONG,MELONG,EP MAMA / A,252,MAMA,elecam-bv-2025-littoral,e42152849acb4f244a8496c99704df19983ff29cb46fd163454bf511eaffa940,needs_review,104,104,27317,27517,200
ELECAM-2025-LT-MOUNGO-MELONG-0023,23,LT,LITTORAL,LT-MOUNGO,MOUNGO,LT-MOUNGO-MELONG,MELONG,EP MANA / A,304,MANA,elecam-bv-2025-littoral,e42152849acb4f244a8496c99704df19983ff29cb46fd163454bf511eaffa940,needs_review,104,104,27317,27517,200
ELECAM-2025-LT-MOUNGO-MELONG-0024,24,LT,LITTORAL,LT-MOUNGO,MOUNGO,LT-MOUNGO-MELONG,MELONG,EP MANGWEKANG / A,97,MANGWEKANG,elecam-bv-2025-littoral,e42152849acb4f244a8496c99704df19983ff29cb46fd163454bf511eaffa940,needs_review,104,104,27317,27517,200
ELECAM-2025-LT-MOUNGO-MELONG-0025,25,LT,LITTORAL,LT-MOUNGO,MOUNGO,LT-MOUNGO-MELONG,MELONG,EP MANKWA / A,343,MANKWA,elecam-bv-2025-littoral,e42152849acb4f244a8496c99704df19983ff29cb46fd163454bf511eaffa940,needs_review,104,104,27317,27517,200
ELECAM-2025-LT-MOUNGO-MELONG-0026,26,LT,LITTORAL,LT-MOUNGO,MOUNGO,LT-MOUNGO-MELONG,MELONG,EEC MBOANGO / A,110,MBOANGO,elecam-bv-2025-littoral,e42152849acb4f244a8496c99704df19983ff29cb46fd163454bf511eaffa940,needs_review,104,104,27317,27517,200
ELECAM-2025-LT-MOUNGO-MELONG-0027,27,LT,LITTORAL,LT-MOUNGO,MOUNGO,LT-MOUNGO-MELONG,MELONG,EP MBOKAMBO / A,232,MBOKAMBO,elecam-bv-2025-littoral,e42152849acb4f244a8496c99704df19983ff29cb46fd163454bf511eaffa940,needs_review,104,104,27317,27517,200
ELECAM-2025-LT-MOUNGO-MELONG-0028,28,LT,LITTORAL,LT-MOUNGO,MOUNGO,LT-MOUNGO-MELONG,MELONG,CS MBOKEM / A,23,MBOKEM,elecam-bv-2025-littoral,e42152849acb4f244a8496c99704df19983ff29cb46fd163454bf511eaffa940,needs_review,104,104,27317,27517,200
ELECAM-2025-LT-MOUNGO-MELONG-0029,29,LT,LITTORAL,LT-MOUNGO,MOUNGO,LT-MOUNGO-MELONG,MELONG,MISSION CATHOLIQUE MBOKOLA / A,175,MBOKOLA,elecam-bv-2025-littoral,e42152849acb4f244a8496c99704df19983ff29cb46fd163454bf511eaffa940,needs_review,104,104,27317,27517,200
ELECAM-2025-LT-MOUNGO-MELONG-0030,30,LT,LITTORAL,LT-MOUNGO,MOUNGO,LT-MOUNGO-MELONG,MELONG,EP MBOMBENG / A,411,MBONDANG,elecam-bv-2025-littoral,e42152849acb4f244a8496c99704df19983ff29cb46fd163454bf511eaffa940,needs_review,104,104,27317,27517,200
ELECAM-2025-LT-MOUNGO-MELONG-0031,31,LT,LITTORAL,LT-MOUNGO,MOUNGO,LT-MOUNGO-MELONG,MELONG,EP MBOMBENG / B,107,MBONDANG,elecam-bv-2025-littoral,e42152849acb4f244a8496c99704df19983ff29cb46fd163454bf511eaffa940,needs_review,104,104,27317,27517,200
ELECAM-2025-LT-MOUNGO-MELONG-0032,32,LT,LITTORAL,LT-MOUNGO,MOUNGO,LT-MOUNGO-MELONG,MELONG,EP MBOUASSOUM / A,393,MBOUASSOUM,elecam-bv-2025-littoral,e42152849acb4f244a8496c99704df19983ff29cb46fd163454bf511eaffa940,needs_review,104,104,27317,27517,200
ELECAM-2025-LT-MOUNGO-MELONG-0033,33,LT,LITTORAL,LT-MOUNGO,MOUNGO,LT-MOUNGO-MELONG,MELONG,EP MBOUASSOUM / B,156,MBOUASSOUM,elecam-bv-2025-littoral,e42152849acb4f244a8496c99704df19983ff29cb46fd163454bf511eaffa940,needs_review,104,104,27317,27517,200
ELECAM-2025-LT-MOUNGO-MELONG-0034,34,LT,LITTORAL,LT-MOUNGO,MOUNGO,LT-MOUNGO-MELONG,MELONG,EP MBOUROUKOU / A,285,MBOUROUKOU,elecam-bv-2025-littoral,e42152849acb4f244a8496c99704df19983ff29cb46fd163454bf511eaffa940,needs_review,104,104,27317,27517,200
ELECAM-2025-LT-MOUNGO-MELONG-0035,35,LT,LITTORAL,LT-MOUNGO,MOUNGO,LT-MOUNGO-MELONG,MELONG,EP MBOUROUKOU / B,343,MBOUROUKOU,elecam-bv-2025-littoral,e42152849acb4f244a8496c99704df19983ff29cb46fd163454bf511eaffa940,needs_review,104,104,27317,27517,200
ELECAM-2025-LT-MOUNGO-MELONG-0036,36,LT,LITTORAL,LT-MOUNGO,MOUNGO,LT-MOUNGO-MELONG,MELONG,EP MBOUROUKOU MONT / A,49,MBOUROUKOU MONT,elecam-bv-2025-littoral,e42152849acb4f244a8496c99704df19983ff29cb46fd163454bf511eaffa940,needs_review,104,104,27317,27517,200
ELECAM-2025-LT-MOUNGO-MELONG-0037,37,LT,LITTORAL,LT-MOUNGO,MOUNGO,LT-MOUNGO-MELONG,MELONG,SAR/SM MOUANGUEL / A,198,MOUANGUEL BORIKO,elecam-bv-2025-littoral,e42152849acb4f244a8496c99704df19983ff29cb46fd163454bf511eaffa940,needs_review,104,104,27317,27517,200
ELECAM-2025-LT-MOUNGO-MELONG-0038,38,LT,LITTORAL,LT-MOUNGO,MOUNGO,LT-MOUNGO-MELONG,MELONG,EP MOUANGUEL / A,313,MOUANGUEL BORIKO,elecam-bv-2025-littoral,e42152849acb4f244a8496c99704df19983ff29cb46fd163454bf511eaffa940,needs_review,104,104,27317,27517,200
ELECAM-2025-LT-MOUNGO-MELONG-0039,39,LT,LITTORAL,LT-MOUNGO,MOUNGO,LT-MOUNGO-MELONG,MELONG,ECOLE BILINGUE MOUANGUEL / A,382,MOUANGUEL MOUAKWEN,elecam-bv-2025-littoral,e42152849acb4f244a8496c99704df19983ff29cb46fd163454bf511eaffa940,needs_review,104,104,27317,27517,200
ELECAM-2025-LT-MOUNGO-MELONG-0040,40,LT,LITTORAL,LT-MOUNGO,MOUNGO,LT-MOUNGO-MELONG,MELONG,EP MOUHE / A,86,MOUHE,elecam-bv-2025-littoral,e42152849acb4f244a8496c99704df19983ff29cb46fd163454bf511eaffa940,needs_review,104,104,27317,27517,200
ELECAM-2025-LT-MOUNGO-MELONG-0041,41,LT,LITTORAL,LT-MOUNGO,MOUNGO,LT-MOUNGO-MELONG,MELONG,EP NDOKOU / A,214,NDOKOU,elecam-bv-2025-littoral,e42152849acb4f244a8496c99704df19983ff29cb46fd163454bf511eaffa940,needs_review,104,104,27317,27517,200
ELECAM-2025-LT-MOUNGO-MELONG-0042,42,LT,LITTORAL,LT-MOUNGO,MOUNGO,LT-MOUNGO-MELONG,MELONG,ECOLE ST PAUL NEW MELONG / A,310,NEW MELONG A,elecam-bv-2025-littoral,e42152849acb4f244a8496c99704df19983ff29cb46fd163454bf511eaffa940,needs_review,104,104,27317,27517,200
ELECAM-2025-LT-MOUNGO-MELONG-0043,43,LT,LITTORAL,LT-MOUNGO,MOUNGO,LT-MOUNGO-MELONG,MELONG,ECOLE ST PAUL NEW MELONG / B,286,NEW MELONG A,elecam-bv-2025-littoral,e42152849acb4f244a8496c99704df19983ff29cb46fd163454bf511eaffa940,needs_review,104,104,27317,27517,200
ELECAM-2025-LT-MOUNGO-MELONG-0044,44,LT,LITTORAL,LT-MOUNGO,MOUNGO,LT-MOUNGO-MELONG,MELONG,ECOLE ST PAUL NEW MELONG / C,329,NEW MELONG A,elecam-bv-2025-littoral,e42152849acb4f244a8496c99704df19983ff29cb46fd163454bf511eaffa940,needs_review,104,104,27317,27517,200
ELECAM-2025-LT-MOUNGO-MELONG-0045,45,LT,LITTORAL,LT-MOUNGO,MOUNGO,LT-MOUNGO-MELONG,MELONG,EP NINONG / A,275,NINONG,elecam-bv-2025-littoral,e42152849acb4f244a8496c99704df19983ff29cb46fd163454bf511eaffa940,needs_review,104,104,27317,27517,200
ELECAM-2025-LT-MOUNGO-MELONG-0046,46,LT,LITTORAL,LT-MOUNGO,MOUNGO,LT-MOUNGO-MELONG,MELONG,EP NJINJO VILLAGE / A,84,NJINJO VILLAGE,elecam-bv-2025-littoral,e42152849acb4f244a8496c99704df19983ff29cb46fd163454bf511eaffa940,needs_review,104,104,27317,27517,200
ELECAM-2025-LT-MOUNGO-MELONG-0047,47,LT,LITTORAL,LT-MOUNGO,MOUNGO,LT-MOUNGO-MELONG,MELONG,ECOLE ST PAUL NJINJOU 1 / A,298,NJINJOU,elecam-bv-2025-littoral,e42152849acb4f244a8496c99704df19983ff29cb46fd163454bf511eaffa940,needs_review,104,104,27317,27517,200
ELECAM-2025-LT-MOUNGO-MELONG-0048,48,LT,LITTORAL,LT-MOUNGO,MOUNGO,LT-MOUNGO-MELONG,MELONG,ECOLE ST PAUL NJINJOU 2 / A,303,NJINJOU,elecam-bv-2025-littoral,e42152849acb4f244a8496c99704df19983ff29cb46fd163454bf511eaffa940,needs_review,104,104,27317,27517,200
ELECAM-2025-LT-MOUNGO-MELONG-0049,49,LT,LITTORAL,LT-MOUNGO,MOUNGO,LT-MOUNGO-MELONG,MELONG,ECOLE ST PAUL NJINJOU 2 / B,289,NJINJOU,elecam-bv-2025-littoral,e42152849acb4f244a8496c99704df19983ff29cb46fd163454bf511eaffa940,needs_review,104,104,27317,27517,200
ELECAM-2025-LT-MOUNGO-MELONG-0050,50,LT,LITTORAL,LT-MOUNGO,MOUNGO,LT-MOUNGO-MELONG,MELONG,EP NKAH / A,307,NKAH,elecam-bv-2025-littoral,e42152849acb4f244a8496c99704df19983ff29cb46fd163454bf511eaffa940,needs_review,104,104,27317,27517,200
ELECAM-2025-LT-MOUNGO-MELONG-0051,51,LT,LITTORAL,LT-MOUNGO,MOUNGO,LT-MOUNGO-MELONG,MELONG,EP NKANDJOU 1 / A,360,NKANDJOU,elecam-bv-2025-littoral,e42152849acb4f244a8496c99704df19983ff29cb46fd163454bf511eaffa940,needs_review,104,104,27317,27517,200
ELECAM-2025-LT-MOUNGO-MELONG-0052,52,LT,LITTORAL,LT-MOUNGO,MOUNGO,LT-MOUNGO-MELONG,MELONG,EP NKANDJOU 2 / A,232,NKANDJOU,elecam-bv-2025-littoral,e42152849acb4f244a8496c99704df19983ff29cb46fd163454bf511eaffa940,needs_review,104,104,27317,27517,200
ELECAM-2025-LT-MOUNGO-MELONG-0053,53,LT,LITTORAL,LT-MOUNGO,MOUNGO,LT-MOUNGO-MELONG,MELONG,EP BONDJA NKONGSOUNG / A,221,NKONGSOUNG BONDJA,elecam-bv-2025-littoral,e42152849acb4f244a8496c99704df19983ff29cb46fd163454bf511eaffa940,needs_review,104,104,27317,27517,200
ELECAM-2025-LT-MOUNGO-MELONG-0054,54,LT,LITTORAL,LT-MOUNGO,MOUNGO,LT-MOUNGO-MELONG,MELONG,EP NKONGSOUNG / A,385,NKONGSOUNG LONGTRAIT,elecam-bv-2025-littoral,e42152849acb4f244a8496c99704df19983ff29cb46fd163454bf511eaffa940,needs_review,104,104,27317,27517,200
ELECAM-2025-LT-MOUNGO-MELONG-0055,55,LT,LITTORAL,LT-MOUNGO,MOUNGO,LT-MOUNGO-MELONG,MELONG,EP NKONGSOUNG / B,389,NKONGSOUNG LONGTRAIT,elecam-bv-2025-littoral,e42152849acb4f244a8496c99704df19983ff29cb46fd163454bf511eaffa940,needs_review,104,104,27317,27517,200
ELECAM-2025-LT-MOUNGO-MELONG-0056,56,LT,LITTORAL,LT-MOUNGO,MOUNGO,LT-MOUNGO-MELONG,MELONG,EP NKONGSOUNG / C,195,NKONGSOUNG LONGTRAIT,elecam-bv-2025-littoral,e42152849acb4f244a8496c99704df19983ff29cb46fd163454bf511eaffa940,needs_review,104,104,27317,27517,200
ELECAM-2025-LT-MOUNGO-MELONG-0057,57,LT,LITTORAL,LT-MOUNGO,MOUNGO,LT-MOUNGO-MELONG,MELONG,EP NKONGSOUNG / D,292,NKONGSOUNG LONGTRAIT,elecam-bv-2025-littoral,e42152849acb4f244a8496c99704df19983ff29cb46fd163454bf511eaffa940,needs_review,104,104,27317,27517,200
ELECAM-2025-LT-MOUNGO-MELONG-0058,58,LT,LITTORAL,LT-MOUNGO,MOUNGO,LT-MOUNGO-MELONG,MELONG,ECOLE CEBEC NKONGSOUNG / A,323,NKONGSOUNG VILLAGE,elecam-bv-2025-littoral,e42152849acb4f244a8496c99704df19983ff29cb46fd163454bf511eaffa940,needs_review,104,104,27317,27517,200
ELECAM-2025-LT-MOUNGO-MELONG-0059,59,LT,LITTORAL,LT-MOUNGO,MOUNGO,LT-MOUNGO-MELONG,MELONG,ECOLE CEBEC NKONGSOUNG / B,245,NKONGSOUNG VILLAGE,elecam-bv-2025-littoral,e42152849acb4f244a8496c99704df19983ff29cb46fd163454bf511eaffa940,needs_review,104,104,27317,27517,200
ELECAM-2025-LT-MOUNGO-MELONG-0060,60,LT,LITTORAL,LT-MOUNGO,MOUNGO,LT-MOUNGO-MELONG,MELONG,EP NSANKE / A,182,NSANKE,elecam-bv-2025-littoral,e42152849acb4f244a8496c99704df19983ff29cb46fd163454bf511eaffa940,needs_review,104,104,27317,27517,200
ELECAM-2025-LT-MOUNGO-MELONG-0061,61,LT,LITTORAL,LT-MOUNGO,MOUNGO,LT-MOUNGO-MELONG,MELONG,MISSION CATHOLIQUE NYABANG,128,NYABANG PLANTATION,elecam-bv-2025-littoral,e42152849acb4f244a8496c99704df19983ff29cb46fd163454bf511eaffa940,needs_review,104,104,27317,27517,200
ELECAM-2025-LT-MOUNGO-MELONG-0062,62,LT,LITTORAL,LT-MOUNGO,MOUNGO,LT-MOUNGO-MELONG,MELONG,EEC NYABANG VILLAGE / A,106,NYABANG VILLAGE,elecam-bv-2025-littoral,e42152849acb4f244a8496c99704df19983ff29cb46fd163454bf511eaffa940,needs_review,104,104,27317,27517,200
ELECAM-2025-LT-MOUNGO-MELONG-0063,63,LT,LITTORAL,LT-MOUNGO,MOUNGO,LT-MOUNGO-MELONG,MELONG,EP NZOBI / A,41,NZOBI,elecam-bv-2025-littoral,e42152849acb4f244a8496c99704df19983ff29cb46fd163454bf511eaffa940,needs_review,104,104,27317,27517,200
ELECAM-2025-LT-MOUNGO-MELONG-0064,64,LT,LITTORAL,LT-MOUNGO,MOUNGO,LT-MOUNGO-MELONG,MELONG,EP PASSIM / A,296,PASSIM,elecam-bv-2025-littoral,e42152849acb4f244a8496c99704df19983ff29cb46fd163454bf511eaffa940,needs_review,104,104,27317,27517,200
ELECAM-2025-LT-MOUNGO-MELONG-0065,65,LT,LITTORAL,LT-MOUNGO,MOUNGO,LT-MOUNGO-MELONG,MELONG,EP NANSI / A,397,QUARTIER NANSI,elecam-bv-2025-littoral,e42152849acb4f244a8496c99704df19983ff29cb46fd163454bf511eaffa940,needs_review,104,104,27317,27517,200
ELECAM-2025-LT-MOUNGO-MELONG-0066,66,LT,LITTORAL,LT-MOUNGO,MOUNGO,LT-MOUNGO-MELONG,MELONG,EP NANSI / B,395,QUARTIER NANSI,elecam-bv-2025-littoral,e42152849acb4f244a8496c99704df19983ff29cb46fd163454bf511eaffa940,needs_review,104,104,27317,27517,200
ELECAM-2025-LT-MOUNGO-MELONG-0067,67,LT,LITTORAL,LT-MOUNGO,MOUNGO,LT-MOUNGO-MELONG,MELONG,EP NANSI / C,314,QUARTIER NANSI,elecam-bv-2025-littoral,e42152849acb4f244a8496c99704df19983ff29cb46fd163454bf511eaffa940,needs_review,104,104,27317,27517,200
ELECAM-2025-LT-MOUNGO-MELONG-0068,68,LT,LITTORAL,LT-MOUNGO,MOUNGO,LT-MOUNGO-MELONG,MELONG,EP NANSI / D,390,QUARTIER NANSI,elecam-bv-2025-littoral,e42152849acb4f244a8496c99704df19983ff29cb46fd163454bf511eaffa940,needs_review,104,104,27317,27517,200
ELECAM-2025-LT-MOUNGO-MELONG-0069,69,LT,LITTORAL,LT-MOUNGO,MOUNGO,LT-MOUNGO-MELONG,MELONG,DELEGATION DE L'AGRICULTURE / A,290,QUARTIER,elecam-bv-2025-littoral,e42152849acb4f244a8496c99704df19983ff29cb46fd163454bf511eaffa940,needs_review,104,104,27317,27517,200
ELECAM-2025-LT-MOUNGO-MELONG-0070,70,LT,LITTORAL,LT-MOUNGO,MOUNGO,LT-MOUNGO-MELONG,MELONG,DELEGATION DE L'AGRICULTURE / B,339,QUARTIER,elecam-bv-2025-littoral,e42152849acb4f244a8496c99704df19983ff29cb46fd163454bf511eaffa940,needs_review,104,104,27317,27517,200
ELECAM-2025-LT-MOUNGO-MELONG-0071,71,LT,LITTORAL,LT-MOUNGO,MOUNGO,LT-MOUNGO-MELONG,MELONG,DELEGATION DE L'AGRICULTURE / C,187,QUARTIER,elecam-bv-2025-littoral,e42152849acb4f244a8496c99704df19983ff29cb46fd163454bf511eaffa940,needs_review,104,104,27317,27517,200
ELECAM-2025-LT-MOUNGO-MELONG-0072,72,LT,LITTORAL,LT-MOUNGO,MOUNGO,LT-MOUNGO-MELONG,MELONG,POSTE FORESTIER / A,275,QUARTIER,elecam-bv-2025-littoral,e42152849acb4f244a8496c99704df19983ff29cb46fd163454bf511eaffa940,needs_review,104,104,27317,27517,200
ELECAM-2025-LT-MOUNGO-MELONG-0073,73,LT,LITTORAL,LT-MOUNGO,MOUNGO,LT-MOUNGO-MELONG,MELONG,POSTE FORESTIER / B,302,QUARTIER,elecam-bv-2025-littoral,e42152849acb4f244a8496c99704df19983ff29cb46fd163454bf511eaffa940,needs_review,104,104,27317,27517,200
ELECAM-2025-LT-MOUNGO-MELONG-0074,74,LT,LITTORAL,LT-MOUNGO,MOUNGO,LT-MOUNGO-MELONG,MELONG,COLLEGE DE L'UNITE / A,339,QUARTIER,elecam-bv-2025-littoral,e42152849acb4f244a8496c99704df19983ff29cb46fd163454bf511eaffa940,needs_review,104,104,27317,27517,200
ELECAM-2025-LT-MOUNGO-MELONG-0075,75,LT,LITTORAL,LT-MOUNGO,MOUNGO,LT-MOUNGO-MELONG,MELONG,ECOLE ST PAUL MELONG CENTRE / A,358,QUARTIER,elecam-bv-2025-littoral,e42152849acb4f244a8496c99704df19983ff29cb46fd163454bf511eaffa940,needs_review,104,104,27317,27517,200
ELECAM-2025-LT-MOUNGO-MELONG-0076,76,LT,LITTORAL,LT-MOUNGO,MOUNGO,LT-MOUNGO-MELONG,MELONG,ECOLE ST PAUL MELONG CENTRE / B,320,QUARTIER,elecam-bv-2025-littoral,e42152849acb4f244a8496c99704df19983ff29cb46fd163454bf511eaffa940,needs_review,104,104,27317,27517,200
ELECAM-2025-LT-MOUNGO-MELONG-0077,77,LT,LITTORAL,LT-MOUNGO,MOUNGO,LT-MOUNGO-MELONG,MELONG,ECOLE ST PAUL MELONG CENTRE / C,357,QUARTIER,elecam-bv-2025-littoral,e42152849acb4f244a8496c99704df19983ff29cb46fd163454bf511eaffa940,needs_review,104,104,27317,27517,200
ELECAM-2025-LT-MOUNGO-MELONG-0078,78,LT,LITTORAL,LT-MOUNGO,MOUNGO,LT-MOUNGO-MELONG,MELONG,ECOLE ST PAUL MELONG CENTRE / D,388,QUARTIER,elecam-bv-2025-littoral,e42152849acb4f244a8496c99704df19983ff29cb46fd163454bf511eaffa940,needs_review,104,104,27317,27517,200
ELECAM-2025-LT-MOUNGO-MELONG-0079,79,LT,LITTORAL,LT-MOUNGO,MOUNGO,LT-MOUNGO-MELONG,MELONG,ECOLE CEBEC MELONG CENTRE / A,376,QUARTIER 3 BIS,elecam-bv-2025-littoral,e42152849acb4f244a8496c99704df19983ff29cb46fd163454bf511eaffa940,needs_review,104,104,27317,27517,200
ELECAM-2025-LT-MOUNGO-MELONG-0080,80,LT,LITTORAL,LT-MOUNGO,MOUNGO,LT-MOUNGO-MELONG,MELONG,ECOLE CEBEC MELONG CENTRE / B,324,QUARTIER 3 BIS,elecam-bv-2025-littoral,e42152849acb4f244a8496c99704df19983ff29cb46fd163454bf511eaffa940,needs_review,104,104,27317,27517,200
ELECAM-2025-LT-MOUNGO-MELONG-0081,81,LT,LITTORAL,LT-MOUNGO,MOUNGO,LT-MOUNGO-MELONG,MELONG,ECOLE CEBEC MELONG CENTRE / C,238,QUARTIER 3 BIS,elecam-bv-2025-littoral,e42152849acb4f244a8496c99704df19983ff29cb46fd163454bf511eaffa940,needs_review,104,104,27317,27517,200
ELECAM-2025-LT-MOUNGO-MELONG-0082,82,LT,LITTORAL,LT-MOUNGO,MOUNGO,LT-MOUNGO-MELONG,MELONG,ECOLE CEBEC MELONG CENTRE / D,276,QUARTIER 3 BIS,elecam-bv-2025-littoral,e42152849acb4f244a8496c99704df19983ff29cb46fd163454bf511eaffa940,needs_review,104,104,27317,27517,200
ELECAM-2025-LT-MOUNGO-MELONG-0083,83,LT,LITTORAL,LT-MOUNGO,MOUNGO,LT-MOUNGO-MELONG,MELONG,COLLEGE POLYVALENT / A,274,QUARTIER 5 (FOTSO),elecam-bv-2025-littoral,e42152849acb4f244a8496c99704df19983ff29cb46fd163454bf511eaffa940,needs_review,104,104,27317,27517,200
ELECAM-2025-LT-MOUNGO-MELONG-0084,84,LT,LITTORAL,LT-MOUNGO,MOUNGO,LT-MOUNGO-MELONG,MELONG,COLLEGE POLYVALENT / B,188,QUARTIER 5 (FOTSO),elecam-bv-2025-littoral,e42152849acb4f244a8496c99704df19983ff29cb46fd163454bf511eaffa940,needs_review,104,104,27317,27517,200
ELECAM-2025-LT-MOUNGO-MELONG-0085,85,LT,LITTORAL,LT-MOUNGO,MOUNGO,LT-MOUNGO-MELONG,MELONG,LYCEE DE MELONG CENTRE / A,271,QUARTIER 5 BIS (CAFE),elecam-bv-2025-littoral,e42152849acb4f244a8496c99704df19983ff29cb46fd163454bf511eaffa940,needs_review,104,104,27317,27517,200
ELECAM-2025-LT-MOUNGO-MELONG-0086,86,LT,LITTORAL,LT-MOUNGO,MOUNGO,LT-MOUNGO-MELONG,MELONG,EP GP2 MELONG CENTRE / A,305,QUARTIER,elecam-bv-2025-littoral,e42152849acb4f244a8496c99704df19983ff29cb46fd163454bf511eaffa940,needs_review,104,104,27317,27517,200
ELECAM-2025-LT-MOUNGO-MELONG-0087,87,LT,LITTORAL,LT-MOUNGO,MOUNGO,LT-MOUNGO-MELONG,MELONG,EP GP2 MELONG CENTRE / B,252,QUARTIER,elecam-bv-2025-littoral,e42152849acb4f244a8496c99704df19983ff29cb46fd163454bf511eaffa940,needs_review,104,104,27317,27517,200
ELECAM-2025-LT-MOUNGO-MELONG-0088,88,LT,LITTORAL,LT-MOUNGO,MOUNGO,LT-MOUNGO-MELONG,MELONG,EP GP2 MELONG CENTRE / C,162,QUARTIER,elecam-bv-2025-littoral,e42152849acb4f244a8496c99704df19983ff29cb46fd163454bf511eaffa940,needs_review,104,104,27317,27517,200
ELECAM-2025-LT-MOUNGO-MELONG-0089,89,LT,LITTORAL,LT-MOUNGO,MOUNGO,LT-MOUNGO-MELONG,MELONG,EP GP1 MELONG CENTRE / A,342,QUARTIER HAOUSSA,elecam-bv-2025-littoral,e42152849acb4f244a8496c99704df19983ff29cb46fd163454bf511eaffa940,needs_review,104,104,27317,27517,200
ELECAM-2025-LT-MOUNGO-MELONG-0090,90,LT,LITTORAL,LT-MOUNGO,MOUNGO,LT-MOUNGO-MELONG,MELONG,EP GP1 MELONG CENTRE / B,293,QUARTIER HAOUSSA,elecam-bv-2025-littoral,e42152849acb4f244a8496c99704df19983ff29cb46fd163454bf511eaffa940,needs_review,104,104,27317,27517,200
ELECAM-2025-LT-MOUNGO-MELONG-0091,91,LT,LITTORAL,LT-MOUNGO,MOUNGO,LT-MOUNGO-MELONG,MELONG,EP GP1 MELONG CENTRE / C,295,QUARTIER HAOUSSA,elecam-bv-2025-littoral,e42152849acb4f244a8496c99704df19983ff29cb46fd163454bf511eaffa940,needs_review,104,104,27317,27517,200
ELECAM-2025-LT-MOUNGO-MELONG-0092,92,LT,LITTORAL,LT-MOUNGO,MOUNGO,LT-MOUNGO-MELONG,MELONG,EP GP1 MELONG CENTRE / D,295,QUARTIER HAOUSSA,elecam-bv-2025-littoral,e42152849acb4f244a8496c99704df19983ff29cb46fd163454bf511eaffa940,needs_review,104,104,27317,27517,200
ELECAM-2025-LT-MOUNGO-MELONG-0093,93,LT,LITTORAL,LT-MOUNGO,MOUNGO,LT-MOUNGO-MELONG,MELONG,EP GP1 MELONG CENTRE / E,414,QUARTIER HAOUSSA,elecam-bv-2025-littoral,e42152849acb4f244a8496c99704df19983ff29cb46fd163454bf511eaffa940,needs_review,104,104,27317,27517,200
ELECAM-2025-LT-MOUNGO-MELONG-0094,94,LT,LITTORAL,LT-MOUNGO,MOUNGO,LT-MOUNGO-MELONG,MELONG,COLLEGE TCHOUMO AARON / A,352,QUARTIER PONT,elecam-bv-2025-littoral,e42152849acb4f244a8496c99704df19983ff29cb46fd163454bf511eaffa940,needs_review,104,104,27317,27517,200
ELECAM-2025-LT-MOUNGO-MELONG-0095,95,LT,LITTORAL,LT-MOUNGO,MOUNGO,LT-MOUNGO-MELONG,MELONG,COLLEGE TCHOUMO AARON / B,349,QUARTIER PONT,elecam-bv-2025-littoral,e42152849acb4f244a8496c99704df19983ff29cb46fd163454bf511eaffa940,needs_review,104,104,27317,27517,200
ELECAM-2025-LT-MOUNGO-MELONG-0096,96,LT,LITTORAL,LT-MOUNGO,MOUNGO,LT-MOUNGO-MELONG,MELONG,COLLEGE TCHOUMO AARON / C,357,QUARTIER PONT,elecam-bv-2025-littoral,e42152849acb4f244a8496c99704df19983ff29cb46fd163454bf511eaffa940,needs_review,104,104,27317,27517,200
ELECAM-2025-LT-MOUNGO-MELONG-0097,97,LT,LITTORAL,LT-MOUNGO,MOUNGO,LT-MOUNGO-MELONG,MELONG,COLLEGE TCHOUMO AARON / D,311,QUARTIER PONT,elecam-bv-2025-littoral,e42152849acb4f244a8496c99704df19983ff29cb46fd163454bf511eaffa940,needs_review,104,104,27317,27517,200
ELECAM-2025-LT-MOUNGO-MELONG-0098,98,LT,LITTORAL,LT-MOUNGO,MOUNGO,LT-MOUNGO-MELONG,MELONG,COLLEGE TCHOUMO AARON / E,344,QUARTIER PONT,elecam-bv-2025-littoral,e42152849acb4f244a8496c99704df19983ff29cb46fd163454bf511eaffa940,needs_review,104,104,27317,27517,200
ELECAM-2025-LT-MOUNGO-MELONG-0099,99,LT,LITTORAL,LT-MOUNGO,MOUNGO,LT-MOUNGO-MELONG,MELONG,COLLEGE TCHOUMO AARON / F,192,QUARTIER PONT,elecam-bv-2025-littoral,e42152849acb4f244a8496c99704df19983ff29cb46fd163454bf511eaffa940,needs_review,104,104,27317,27517,200
ELECAM-2025-LT-MOUNGO-MELONG-0100,100,LT,LITTORAL,LT-MOUNGO,MOUNGO,LT-MOUNGO-MELONG,MELONG,ECOLE CEBEC DENZO / A,48,DENZO VILLAGE,elecam-bv-2025-littoral,e42152849acb4f244a8496c99704df19983ff29cb46fd163454bf511eaffa940,needs_review,104,104,27317,27517,200
ELECAM-2025-LT-MOUNGO-MELONG-0101,101,LT,LITTORAL,LT-MOUNGO,MOUNGO,LT-MOUNGO-MELONG,MELONG,E P NGALMBO / A,139,NGALMBO,elecam-bv-2025-littoral,e42152849acb4f244a8496c99704df19983ff29cb46fd163454bf511eaffa940,needs_review,104,104,27317,27517,200
ELECAM-2025-LT-MOUNGO-MELONG-0102,102,LT,LITTORAL,LT-MOUNGO,MOUNGO,LT-MOUNGO-MELONG,MELONG,ECOLE ST PHILIPPE DE MBONDANG / A,348,MBONDEMANG(LA FORET),elecam-bv-2025-littoral,e42152849acb4f244a8496c99704df19983ff29cb46fd163454bf511eaffa940,needs_review,104,104,27317,27517,200
ELECAM-2025-LT-MOUNGO-MELONG-0103,103,LT,LITTORAL,LT-MOUNGO,MOUNGO,LT-MOUNGO-MELONG,MELONG,ECOLE ST PHILIPPE DE MBONDANG / B,340,MBONDEMANG(LA FORET),elecam-bv-2025-littoral,e42152849acb4f244a8496c99704df19983ff29cb46fd163454bf511eaffa940,needs_review,104,104,27317,27517,200
ELECAM-2025-LT-MOUNGO-MELONG-0104,104,LT,LITTORAL,LT-MOUNGO,MOUNGO,LT-MOUNGO-MELONG,MELONG,ECOLE ST PHILIPPE DE MBONDANG / C,360,MBONDEMANG(LA FORET),elecam-bv-2025-littoral,e42152849acb4f244a8496c99704df19983ff29cb46fd163454bf511eaffa940,needs_review,104,104,27317,27517,200
ELECAM-2025-LT-SANAGA-MARITIME-DIZANGUE-0001,1,LT,LITTORAL,LT-SANAGA-MARITIME,SANAGA-MARITIME,LT-SANAGA-MARITIME-DIZANGUE,DIZANGUE,ECOLE PUBLIQUE DE BEACH / A,279,BEACH-CAMP DES RETRAITES,elecam-bv-2025-littoral,e42152849acb4f244a8496c99704df19983ff29cb46fd163454bf511eaffa940,needs_review,58,58,11444,11744,300
ELECAM-2025-LT-SANAGA-MARITIME-DIZANGUE-0002,2,LT,LITTORAL,LT-SANAGA-MARITIME,SANAGA-MARITIME,LT-SANAGA-MARITIME-DIZANGUE,DIZANGUE,ECOLE MATERNELLE DE BEACH / A,290,BEACH-CAMP DES RETRAITES,elecam-bv-2025-littoral,e42152849acb4f244a8496c99704df19983ff29cb46fd163454bf511eaffa940,needs_review,58,58,11444,11744,300
ELECAM-2025-LT-SANAGA-MARITIME-DIZANGUE-0003,3,LT,LITTORAL,LT-SANAGA-MARITIME,SANAGA-MARITIME,LT-SANAGA-MARITIME-DIZANGUE,DIZANGUE,ECOLE MATERNELLE DE BEACH / B,196,BEACH-CAMP DES RETRAITES,elecam-bv-2025-littoral,e42152849acb4f244a8496c99704df19983ff29cb46fd163454bf511eaffa940,needs_review,58,58,11444,11744,300
ELECAM-2025-LT-SANAGA-MARITIME-DIZANGUE-0004,4,LT,LITTORAL,LT-SANAGA-MARITIME,SANAGA-MARITIME,LT-SANAGA-MARITIME-DIZANGUE,DIZANGUE,FOYER MUNICIPAL DE BEACH / A,204,BEACH-CAMP DES RETRAITES,elecam-bv-2025-littoral,e42152849acb4f244a8496c99704df19983ff29cb46fd163454bf511eaffa940,needs_review,58,58,11444,11744,300
ELECAM-2025-LT-SANAGA-MARITIME-DIZANGUE-0005,5,LT,LITTORAL,LT-SANAGA-MARITIME,SANAGA-MARITIME,LT-SANAGA-MARITIME-DIZANGUE,DIZANGUE,FOYER MUNICIPAL DE BEACH / B,114,BEACH-CAMP DES RETRAITES,elecam-bv-2025-littoral,e42152849acb4f244a8496c99704df19983ff29cb46fd163454bf511eaffa940,needs_review,58,58,11444,11744,300
ELECAM-2025-LT-SANAGA-MARITIME-DIZANGUE-0006,6,LT,LITTORAL,LT-SANAGA-MARITIME,SANAGA-MARITIME,LT-SANAGA-MARITIME-DIZANGUE,DIZANGUE,HANGAR DU MARCHE DE BIKOUM / A,145,BIKOUM,elecam-bv-2025-littoral,e42152849acb4f244a8496c99704df19983ff29cb46fd163454bf511eaffa940,needs_review,58,58,11444,11744,300
ELECAM-2025-LT-SANAGA-MARITIME-DIZANGUE-0007,7,LT,LITTORAL,LT-SANAGA-MARITIME,SANAGA-MARITIME,LT-SANAGA-MARITIME-DIZANGUE,DIZANGUE,HANGAR DU MARCHE DE BIKOUM / B,149,BIKOUM,elecam-bv-2025-littoral,e42152849acb4f244a8496c99704df19983ff29cb46fd163454bf511eaffa940,needs_review,58,58,11444,11744,300
ELECAM-2025-LT-SANAGA-MARITIME-DIZANGUE-0008,8,LT,LITTORAL,LT-SANAGA-MARITIME,SANAGA-MARITIME,LT-SANAGA-MARITIME-DIZANGUE,DIZANGUE,ECOLE PUBLIQUE DU CEREPAH / A,150,CEREPAH-PITTI-DIBAMBA,elecam-bv-2025-littoral,e42152849acb4f244a8496c99704df19983ff29cb46fd163454bf511eaffa940,needs_review,58,58,11444,11744,300
ELECAM-2025-LT-SANAGA-MARITIME-DIZANGUE-0009,9,LT,LITTORAL,LT-SANAGA-MARITIME,SANAGA-MARITIME,LT-SANAGA-MARITIME-DIZANGUE,DIZANGUE,ECOLE PUBLIQUE COMPAGNIE DOUALA / A,286,COMPAGNIE DOUALA,elecam-bv-2025-littoral,e42152849acb4f244a8496c99704df19983ff29cb46fd163454bf511eaffa940,needs_review,58,58,11444,11744,300
ELECAM-2025-LT-SANAGA-MARITIME-DIZANGUE-0010,10,LT,LITTORAL,LT-SANAGA-MARITIME,SANAGA-MARITIME,LT-SANAGA-MARITIME-DIZANGUE,DIZANGUE,HANGAR DU SERVICE-36 / A,101,COMPAGNIE DOUALA-MOUKOLO,elecam-bv-2025-littoral,e42152849acb4f244a8496c99704df19983ff29cb46fd163454bf511eaffa940,needs_review,58,58,11444,11744,300
ELECAM-2025-LT-SANAGA-MARITIME-DIZANGUE-0011,11,LT,LITTORAL,LT-SANAGA-MARITIME,SANAGA-MARITIME,LT-SANAGA-MARITIME-DIZANGUE,DIZANGUE,CASE COMMUNAURAIRE DE DIKOLA / A,74,DIKOLA,elecam-bv-2025-littoral,e42152849acb4f244a8496c99704df19983ff29cb46fd163454bf511eaffa940,needs_review,58,58,11444,11744,300
ELECAM-2025-LT-SANAGA-MARITIME-DIZANGUE-0012,12,LT,LITTORAL,LT-SANAGA-MARITIME,SANAGA-MARITIME,LT-SANAGA-MARITIME-DIZANGUE,DIZANGUE,LYCEE DE DIZANGUE / A,144,HOLLAND,elecam-bv-2025-littoral,e42152849acb4f244a8496c99704df19983ff29cb46fd163454bf511eaffa940,needs_review,58,58,11444,11744,300
ELECAM-2025-LT-SANAGA-MARITIME-DIZANGUE-0013,13,LT,LITTORAL,LT-SANAGA-MARITIME,SANAGA-MARITIME,LT-SANAGA-MARITIME-DIZANGUE,DIZANGUE,ECOLE MATERNELLE DE HOLLAND / A,220,HOLLAND,elecam-bv-2025-littoral,e42152849acb4f244a8496c99704df19983ff29cb46fd163454bf511eaffa940,needs_review,58,58,11444,11744,300
ELECAM-2025-LT-SANAGA-MARITIME-DIZANGUE-0014,14,LT,LITTORAL,LT-SANAGA-MARITIME,SANAGA-MARITIME,LT-SANAGA-MARITIME-DIZANGUE,DIZANGUE,ECOLE MATERNELLE DE HOLLAND / B,110,HOLLAND,elecam-bv-2025-littoral,e42152849acb4f244a8496c99704df19983ff29cb46fd163454bf511eaffa940,needs_review,58,58,11444,11744,300
ELECAM-2025-LT-SANAGA-MARITIME-DIZANGUE-0015,15,LT,LITTORAL,LT-SANAGA-MARITIME,SANAGA-MARITIME,LT-SANAGA-MARITIME-DIZANGUE,DIZANGUE,ECOLE PUBLIQUE DE HOLLAND / A,150,HOLLAND,elecam-bv-2025-littoral,e42152849acb4f244a8496c99704df19983ff29cb46fd163454bf511eaffa940,needs_review,58,58,11444,11744,300
ELECAM-2025-LT-SANAGA-MARITIME-DIZANGUE-0016,16,LT,LITTORAL,LT-SANAGA-MARITIME,SANAGA-MARITIME,LT-SANAGA-MARITIME-DIZANGUE,DIZANGUE,ECOLE PUBLIQUE DE KM 11 / A,283,KM 11 SAFACAM,elecam-bv-2025-littoral,e42152849acb4f244a8496c99704df19983ff29cb46fd163454bf511eaffa940,needs_review,58,58,11444,11744,300
ELECAM-2025-LT-SANAGA-MARITIME-DIZANGUE-0017,17,LT,LITTORAL,LT-SANAGA-MARITIME,SANAGA-MARITIME,LT-SANAGA-MARITIME-DIZANGUE,DIZANGUE,FOYER DU CAMP KM 14 / A,216,KM 14 SAFACAM,elecam-bv-2025-littoral,e42152849acb4f244a8496c99704df19983ff29cb46fd163454bf511eaffa940,needs_review,58,58,11444,11744,300
ELECAM-2025-LT-SANAGA-MARITIME-DIZANGUE-0018,18,LT,LITTORAL,LT-SANAGA-MARITIME,SANAGA-MARITIME,LT-SANAGA-MARITIME-DIZANGUE,DIZANGUE,HANGAR MARCHE DE KM 3 SAFACAM / A,156,KM 3 SAFACAM,elecam-bv-2025-littoral,e42152849acb4f244a8496c99704df19983ff29cb46fd163454bf511eaffa940,needs_review,58,58,11444,11744,300
ELECAM-2025-LT-SANAGA-MARITIME-DIZANGUE-0019,19,LT,LITTORAL,LT-SANAGA-MARITIME,SANAGA-MARITIME,LT-SANAGA-MARITIME-DIZANGUE,DIZANGUE,ECOLE PUBLIQUE DE KM 6 / A,239,KM 6 SAFACAM,elecam-bv-2025-littoral,e42152849acb4f244a8496c99704df19983ff29cb46fd163454bf511eaffa940,needs_review,58,58,11444,11744,300
ELECAM-2025-LT-SANAGA-MARITIME-DIZANGUE-0020,20,LT,LITTORAL,LT-SANAGA-MARITIME,SANAGA-MARITIME,LT-SANAGA-MARITIME-DIZANGUE,DIZANGUE,ECOLE PUBLIQUE DE KM 8 / A,193,KM 14 SAFACAM,elecam-bv-2025-littoral,e42152849acb4f244a8496c99704df19983ff29cb46fd163454bf511eaffa940,needs_review,58,58,11444,11744,300
ELECAM-2025-LT-SANAGA-MARITIME-DIZANGUE-0021,21,LT,LITTORAL,LT-SANAGA-MARITIME,SANAGA-MARITIME,LT-SANAGA-MARITIME-DIZANGUE,DIZANGUE,CASE COM. KOUNGUE LAC OSSA / A,51,KOUNGUE LAC OSSA,elecam-bv-2025-littoral,e42152849acb4f244a8496c99704df19983ff29cb46fd163454bf511eaffa940,needs_review,58,58,11444,11744,300
ELECAM-2025-LT-SANAGA-MARITIME-DIZANGUE-0022,22,LT,LITTORAL,LT-SANAGA-MARITIME,SANAGA-MARITIME,LT-SANAGA-MARITIME-DIZANGUE,DIZANGUE,ECOLE PUBLIQUE DE KOUNGUE / A,137,KOUNGUE SOMSE,elecam-bv-2025-littoral,e42152849acb4f244a8496c99704df19983ff29cb46fd163454bf511eaffa940,needs_review,58,58,11444,11744,300
ELECAM-2025-LT-SANAGA-MARITIME-DIZANGUE-0023,23,LT,LITTORAL,LT-SANAGA-MARITIME,SANAGA-MARITIME,LT-SANAGA-MARITIME-DIZANGUE,DIZANGUE,HANGAR DU MARCHE DE MEVIA / A,206,LINDEMA ET MEVIA,elecam-bv-2025-littoral,e42152849acb4f244a8496c99704df19983ff29cb46fd163454bf511eaffa940,needs_review,58,58,11444,11744,300
ELECAM-2025-LT-SANAGA-MARITIME-DIZANGUE-0024,24,LT,LITTORAL,LT-SANAGA-MARITIME,SANAGA-MARITIME,LT-SANAGA-MARITIME-DIZANGUE,DIZANGUE,ECOLE PUBLIQUE DE MBALMAYO / A,249,MBALMAYO SAFACAM,elecam-bv-2025-littoral,e42152849acb4f244a8496c99704df19983ff29cb46fd163454bf511eaffa940,needs_review,58,58,11444,11744,300
ELECAM-2025-LT-SANAGA-MARITIME-DIZANGUE-0025,25,LT,LITTORAL,LT-SANAGA-MARITIME,SANAGA-MARITIME,LT-SANAGA-MARITIME-DIZANGUE,DIZANGUE,ECOLE PUBLIQUE DE MBALMAYO / B,221,MBALMAYO SAFACAM,elecam-bv-2025-littoral,e42152849acb4f244a8496c99704df19983ff29cb46fd163454bf511eaffa940,needs_review,58,58,11444,11744,300
ELECAM-2025-LT-SANAGA-MARITIME-DIZANGUE-0026,26,LT,LITTORAL,LT-SANAGA-MARITIME,SANAGA-MARITIME,LT-SANAGA-MARITIME-DIZANGUE,DIZANGUE,FOYER DES CADRES DE MBAMBOU V1 / A,348,MBAMBOU VILLAGE,elecam-bv-2025-littoral,e42152849acb4f244a8496c99704df19983ff29cb46fd163454bf511eaffa940,needs_review,58,58,11444,11744,300
ELECAM-2025-LT-SANAGA-MARITIME-DIZANGUE-0027,27,LT,LITTORAL,LT-SANAGA-MARITIME,SANAGA-MARITIME,LT-SANAGA-MARITIME-DIZANGUE,DIZANGUE,ECOLE PUBLIQUE D'ETIKA / A,253,MBAMBOU VILLAGE 2 MARCHE,elecam-bv-2025-littoral,e42152849acb4f244a8496c99704df19983ff29cb46fd163454bf511eaffa940,needs_review,58,58,11444,11744,300
ELECAM-2025-LT-SANAGA-MARITIME-DIZANGUE-0028,28,LT,LITTORAL,LT-SANAGA-MARITIME,SANAGA-MARITIME,LT-SANAGA-MARITIME-DIZANGUE,DIZANGUE,ECOLE PUBLIQUE D'ETIKA / B,290,MBAMBOU VILLAGE 2 MARCHE,elecam-bv-2025-littoral,e42152849acb4f244a8496c99704df19983ff29cb46fd163454bf511eaffa940,needs_review,58,58,11444,11744,300
ELECAM-2025-LT-SANAGA-MARITIME-DIZANGUE-0029,29,LT,LITTORAL,LT-SANAGA-MARITIME,SANAGA-MARITIME,LT-SANAGA-MARITIME-DIZANGUE,DIZANGUE,CES DE MBIMBE / A,120,MBAMBOU VILLAGE 2 CAMP CADRES,elecam-bv-2025-littoral,e42152849acb4f244a8496c99704df19983ff29cb46fd163454bf511eaffa940,needs_review,58,58,11444,11744,300
ELECAM-2025-LT-SANAGA-MARITIME-DIZANGUE-0030,30,LT,LITTORAL,LT-SANAGA-MARITIME,SANAGA-MARITIME,LT-SANAGA-MARITIME-DIZANGUE,DIZANGUE,FOYER MBAMBOU V3 / A,239,MBAMBOU VILLAGE,elecam-bv-2025-littoral,e42152849acb4f244a8496c99704df19983ff29cb46fd163454bf511eaffa940,needs_review,58,58,11444,11744,300
ELECAM-2025-LT-SANAGA-MARITIME-DIZANGUE-0031,31,LT,LITTORAL,LT-SANAGA-MARITIME,SANAGA-MARITIME,LT-SANAGA-MARITIME-DIZANGUE,DIZANGUE,FOYER MBAMBOU V3 / B,376,MBAMBOU VILLAGE,elecam-bv-2025-littoral,e42152849acb4f244a8496c99704df19983ff29cb46fd163454bf511eaffa940,needs_review,58,58,11444,11744,300
ELECAM-2025-LT-SANAGA-MARITIME-DIZANGUE-0032,32,LT,LITTORAL,LT-SANAGA-MARITIME,SANAGA-MARITIME,LT-SANAGA-MARITIME-DIZANGUE,DIZANGUE,MBAMBOU FOYER CHEFFERIE V4 / A,285,MBAMBOU VILLAGE,elecam-bv-2025-littoral,e42152849acb4f244a8496c99704df19983ff29cb46fd163454bf511eaffa940,needs_review,58,58,11444,11744,300
ELECAM-2025-LT-SANAGA-MARITIME-DIZANGUE-0033,33,LT,LITTORAL,LT-SANAGA-MARITIME,SANAGA-MARITIME,LT-SANAGA-MARITIME-DIZANGUE,DIZANGUE,FOYER DU CAMP MBAMBOU V5 / A,272,MBAMBOU VILLAGE 5 USINE,elecam-bv-2025-littoral,e42152849acb4f244a8496c99704df19983ff29cb46fd163454bf511eaffa940,needs_review,58,58,11444,11744,300
ELECAM-2025-LT-SANAGA-MARITIME-DIZANGUE-0034,34,LT,LITTORAL,LT-SANAGA-MARITIME,SANAGA-MARITIME,LT-SANAGA-MARITIME-DIZANGUE,DIZANGUE,ECOLE PUBLIQUE DE MBANDA / A,123,MBANDA,elecam-bv-2025-littoral,e42152849acb4f244a8496c99704df19983ff29cb46fd163454bf511eaffa940,needs_review,58,58,11444,11744,300
ELECAM-2025-LT-SANAGA-MARITIME-DIZANGUE-0035,35,LT,LITTORAL,LT-SANAGA-MARITIME,SANAGA-MARITIME,LT-SANAGA-MARITIME-DIZANGUE,DIZANGUE,CASE COMMUNAUTAIRE DE MBIMBE / A,111,MBIMBE,elecam-bv-2025-littoral,e42152849acb4f244a8496c99704df19983ff29cb46fd163454bf511eaffa940,needs_review,58,58,11444,11744,300
ELECAM-2025-LT-SANAGA-MARITIME-DIZANGUE-0036,36,LT,LITTORAL,LT-SANAGA-MARITIME,SANAGA-MARITIME,LT-SANAGA-MARITIME-DIZANGUE,DIZANGUE,HANGAR DIRECTION DE L'UNITE / A,237,MBONGO SOCAPALM USINE,elecam-bv-2025-littoral,e42152849acb4f244a8496c99704df19983ff29cb46fd163454bf511eaffa940,needs_review,58,58,11444,11744,300
ELECAM-2025-LT-SANAGA-MARITIME-DIZANGUE-0037,37,LT,LITTORAL,LT-SANAGA-MARITIME,SANAGA-MARITIME,LT-SANAGA-MARITIME-DIZANGUE,DIZANGUE,HANGAR DIRECTION DE L'UNITE / B,82,MBONGO SOCAPALM USINE,elecam-bv-2025-littoral,e42152849acb4f244a8496c99704df19983ff29cb46fd163454bf511eaffa940,needs_review,58,58,11444,11744,300
ELECAM-2025-LT-SANAGA-MARITIME-DIZANGUE-0038,38,LT,LITTORAL,LT-SANAGA-MARITIME,SANAGA-MARITIME,LT-SANAGA-MARITIME-DIZANGUE,DIZANGUE,FOYER DES CADRES DE MBONGO V1 / A,263,MBONGO SOCAPALM V1,elecam-bv-2025-littoral,e42152849acb4f244a8496c99704df19983ff29cb46fd163454bf511eaffa940,needs_review,58,58,11444,11744,300
ELECAM-2025-LT-SANAGA-MARITIME-DIZANGUE-0039,39,LT,LITTORAL,LT-SANAGA-MARITIME,SANAGA-MARITIME,LT-SANAGA-MARITIME-DIZANGUE,DIZANGUE,ECOLE PUBLIQUE DE MBONGO V2 / A,337,MBONGO SOCAPALM V2,elecam-bv-2025-littoral,e42152849acb4f244a8496c99704df19983ff29cb46fd163454bf511eaffa940,needs_review,58,58,11444,11744,300
ELECAM-2025-LT-SANAGA-MARITIME-DIZANGUE-0040,40,LT,LITTORAL,LT-SANAGA-MARITIME,SANAGA-MARITIME,LT-SANAGA-MARITIME-DIZANGUE,DIZANGUE,ECOLE PUBLIQUE DE MBONGO V2 / B,132,MBONGO SOCAPALM V2,elecam-bv-2025-littoral,e42152849acb4f244a8496c99704df19983ff29cb46fd163454bf511eaffa940,needs_review,58,58,11444,11744,300
ELECAM-2025-LT-SANAGA-MARITIME-DIZANGUE-0041,41,LT,LITTORAL,LT-SANAGA-MARITIME,SANAGA-MARITIME,LT-SANAGA-MARITIME-DIZANGUE,DIZANGUE,ECOLE PUBLIQUE DE MBONGO V3 / A,263,MBONGO SOCAPALM V2,elecam-bv-2025-littoral,e42152849acb4f244a8496c99704df19983ff29cb46fd163454bf511eaffa940,needs_review,58,58,11444,11744,300
ELECAM-2025-LT-SANAGA-MARITIME-DIZANGUE-0042,42,LT,LITTORAL,LT-SANAGA-MARITIME,SANAGA-MARITIME,LT-SANAGA-MARITIME-DIZANGUE,DIZANGUE,ECOLE PUBLIQUE DE MBONGO V3 / B,289,MBONGO SOCAPALM V2,elecam-bv-2025-littoral,e42152849acb4f244a8496c99704df19983ff29cb46fd163454bf511eaffa940,needs_review,58,58,11444,11744,300
ELECAM-2025-LT-SANAGA-MARITIME-DIZANGUE-0043,43,LT,LITTORAL,LT-SANAGA-MARITIME,SANAGA-MARITIME,LT-SANAGA-MARITIME-DIZANGUE,DIZANGUE,ECOLE PUBLIQUE DE MBONGO V3 / C,133,MBONGO SOCAPALM V2,elecam-bv-2025-littoral,e42152849acb4f244a8496c99704df19983ff29cb46fd163454bf511eaffa940,needs_review,58,58,11444,11744,300
ELECAM-2025-LT-SANAGA-MARITIME-DIZANGUE-0044,44,LT,LITTORAL,LT-SANAGA-MARITIME,SANAGA-MARITIME,LT-SANAGA-MARITIME-DIZANGUE,DIZANGUE,ECOLE PUBLIQUE DE MBONGO V5 / A,340,MBONGO SOCAPALM V5,elecam-bv-2025-littoral,e42152849acb4f244a8496c99704df19983ff29cb46fd163454bf511eaffa940,needs_review,58,58,11444,11744,300
ELECAM-2025-LT-SANAGA-MARITIME-DIZANGUE-0045,45,LT,LITTORAL,LT-SANAGA-MARITIME,SANAGA-MARITIME,LT-SANAGA-MARITIME-DIZANGUE,DIZANGUE,ECOLE PUBLIQUE DE MBONGO V5 / B,97,MBONGO SOCAPALM V5,elecam-bv-2025-littoral,e42152849acb4f244a8496c99704df19983ff29cb46fd163454bf511eaffa940,needs_review,58,58,11444,11744,300
ELECAM-2025-LT-SANAGA-MARITIME-DIZANGUE-0046,46,LT,LITTORAL,LT-SANAGA-MARITIME,SANAGA-MARITIME,LT-SANAGA-MARITIME-DIZANGUE,DIZANGUE,FOYER ENFANTS NDONGA / A,208,MBONGO VILLAGE,elecam-bv-2025-littoral,e42152849acb4f244a8496c99704df19983ff29cb46fd163454bf511eaffa940,needs_review,58,58,11444,11744,300
ELECAM-2025-LT-SANAGA-MARITIME-DIZANGUE-0047,47,LT,LITTORAL,LT-SANAGA-MARITIME,SANAGA-MARITIME,LT-SANAGA-MARITIME-DIZANGUE,DIZANGUE,HANGAR DU MARCHE DE PITTI-DIBAMBA 1 / A,153,PITTI-DIBAMBA,elecam-bv-2025-littoral,e42152849acb4f244a8496c99704df19983ff29cb46fd163454bf511eaffa940,needs_review,58,58,11444,11744,300
ELECAM-2025-LT-SANAGA-MARITIME-DIZANGUE-0048,48,LT,LITTORAL,LT-SANAGA-MARITIME,SANAGA-MARITIME,LT-SANAGA-MARITIME-DIZANGUE,DIZANGUE,ECOLE CATHOLIQUE DE PITTI-DIBAMBA 2 / A,250,PITTI-DIBAMBA,elecam-bv-2025-littoral,e42152849acb4f244a8496c99704df19983ff29cb46fd163454bf511eaffa940,needs_review,58,58,11444,11744,300
ELECAM-2025-LT-SANAGA-MARITIME-DIZANGUE-0049,49,LT,LITTORAL,LT-SANAGA-MARITIME,SANAGA-MARITIME,LT-SANAGA-MARITIME-DIZANGUE,DIZANGUE,CASE COMMUNAUTAIRE DE PONGO-PITTI / A,73,PONGO- PITTI,elecam-bv-2025-littoral,e42152849acb4f244a8496c99704df19983ff29cb46fd163454bf511eaffa940,needs_review,58,58,11444,11744,300
ELECAM-2025-LT-SANAGA-MARITIME-DIZANGUE-0050,50,LT,LITTORAL,LT-SANAGA-MARITIME,SANAGA-MARITIME,LT-SANAGA-MARITIME-DIZANGUE,DIZANGUE,ECOLE PUBLIQUE DE SONGMBENGUE / A,223,SONGMBENGUE,elecam-bv-2025-littoral,e42152849acb4f244a8496c99704df19983ff29cb46fd163454bf511eaffa940,needs_review,58,58,11444,11744,300
ELECAM-2025-LT-SANAGA-MARITIME-DIZANGUE-0051,51,LT,LITTORAL,LT-SANAGA-MARITIME,SANAGA-MARITIME,LT-SANAGA-MARITIME-DIZANGUE,DIZANGUE,ECOLE PUBLIQUE DE SONGUELAND / A,149,SONGUELAND,elecam-bv-2025-littoral,e42152849acb4f244a8496c99704df19983ff29cb46fd163454bf511eaffa940,needs_review,58,58,11444,11744,300
ELECAM-2025-LT-SANAGA-MARITIME-DIZANGUE-0052,52,LT,LITTORAL,LT-SANAGA-MARITIME,SANAGA-MARITIME,LT-SANAGA-MARITIME-DIZANGUE,DIZANGUE,ECOLE PUBLIQUE DE 4/4 / A,278,VILLAGE 4/4 SAFACAM,elecam-bv-2025-littoral,e42152849acb4f244a8496c99704df19983ff29cb46fd163454bf511eaffa940,needs_review,58,58,11444,11744,300
ELECAM-2025-LT-SANAGA-MARITIME-DIZANGUE-0053,53,LT,LITTORAL,LT-SANAGA-MARITIME,SANAGA-MARITIME,LT-SANAGA-MARITIME-DIZANGUE,DIZANGUE,ECOLE PUBLIQUE DE 4/4 / B,151,VILLAGE 4/4 SAFACAM,elecam-bv-2025-littoral,e42152849acb4f244a8496c99704df19983ff29cb46fd163454bf511eaffa940,needs_review,58,58,11444,11744,300
ELECAM-2025-LT-SANAGA-MARITIME-DIZANGUE-0054,54,LT,LITTORAL,LT-SANAGA-MARITIME,SANAGA-MARITIME,LT-SANAGA-MARITIME-DIZANGUE,DIZANGUE,COLLEGE SAINT GERARD / A,341,KM 3 SAFACAM,elecam-bv-2025-littoral,e42152849acb4f244a8496c99704df19983ff29cb46fd163454bf511eaffa940,needs_review,58,58,11444,11744,300
ELECAM-2025-LT-SANAGA-MARITIME-DIZANGUE-0055,55,LT,LITTORAL,LT-SANAGA-MARITIME,SANAGA-MARITIME,LT-SANAGA-MARITIME-DIZANGUE,DIZANGUE,COLLEGE SAINT GERARD / B,313,KM 3 SAFACAM,elecam-bv-2025-littoral,e42152849acb4f244a8496c99704df19983ff29cb46fd163454bf511eaffa940,needs_review,58,58,11444,11744,300
ELECAM-2025-LT-SANAGA-MARITIME-DIZANGUE-0056,56,LT,LITTORAL,LT-SANAGA-MARITIME,SANAGA-MARITIME,LT-SANAGA-MARITIME-DIZANGUE,DIZANGUE,COLLEGE SAINT GERARD / C,82,KM 3 SAFACAM,elecam-bv-2025-littoral,e42152849acb4f244a8496c99704df19983ff29cb46fd163454bf511eaffa940,needs_review,58,58,11444,11744,300
ELECAM-2025-LT-SANAGA-MARITIME-DIZANGUE-0057,57,LT,LITTORAL,LT-SANAGA-MARITIME,SANAGA-MARITIME,LT-SANAGA-MARITIME-DIZANGUE,DIZANGUE,E.P. DE KM7 / A,131,MBALMAYO SAFACAM,elecam-bv-2025-littoral,e42152849acb4f244a8496c99704df19983ff29cb46fd163454bf511eaffa940,needs_review,58,58,11444,11744,300
ELECAM-2025-LT-SANAGA-MARITIME-DIZANGUE-0058,58,LT,LITTORAL,LT-SANAGA-MARITIME,SANAGA-MARITIME,LT-SANAGA-MARITIME-DIZANGUE,DIZANGUE,FOYER MBAMBOU G14 / A,239,MBAMBOU VILLAGE,elecam-bv-2025-littoral,e42152849acb4f244a8496c99704df19983ff29cb46fd163454bf511eaffa940,needs_review,58,58,11444,11744,300
ELECAM-2025-LT-SANAGA-MARITIME-MOUANKO-0001,1,LT,LITTORAL,LT-SANAGA-MARITIME,SANAGA-MARITIME,LT-SANAGA-MARITIME-MOUANKO,MOUANKO,LYCEE BILINGUE DE MOUANKO / A,359,ABEE,elecam-bv-2025-littoral,e42152849acb4f244a8496c99704df19983ff29cb46fd163454bf511eaffa940,needs_review,27,27,3914,4014,100
ELECAM-2025-LT-SANAGA-MARITIME-MOUANKO-0002,2,LT,LITTORAL,LT-SANAGA-MARITIME,SANAGA-MARITIME,LT-SANAGA-MARITIME-MOUANKO,MOUANKO,ECOLE PUBLIQUE DE BOLOY / A,197,BADANGUE,elecam-bv-2025-littoral,e42152849acb4f244a8496c99704df19983ff29cb46fd163454bf511eaffa940,needs_review,27,27,3914,4014,100
ELECAM-2025-LT-SANAGA-MARITIME-MOUANKO-0003,3,LT,LITTORAL,LT-SANAGA-MARITIME,SANAGA-MARITIME,LT-SANAGA-MARITIME-MOUANKO,MOUANKO,HUILERIE MOUTAPAM / A,189,BAKAKA PLANTATION,elecam-bv-2025-littoral,e42152849acb4f244a8496c99704df19983ff29cb46fd163454bf511eaffa940,needs_review,27,27,3914,4014,100
ELECAM-2025-LT-SANAGA-MARITIME-MOUANKO-0004,4,LT,LITTORAL,LT-SANAGA-MARITIME,SANAGA-MARITIME,LT-SANAGA-MARITIME-MOUANKO,MOUANKO,FOYER MBANGA / A,120,BEDALE,elecam-bv-2025-littoral,e42152849acb4f244a8496c99704df19983ff29cb46fd163454bf511eaffa940,needs_review,27,27,3914,4014,100
ELECAM-2025-LT-SANAGA-MARITIME-MOUANKO-0005,5,LT,LITTORAL,LT-SANAGA-MARITIME,SANAGA-MARITIME,LT-SANAGA-MARITIME-MOUANKO,MOUANKO,ECOLE PUBLIQUE DE BOLONDO / A,55,BOLONDO,elecam-bv-2025-littoral,e42152849acb4f244a8496c99704df19983ff29cb46fd163454bf511eaffa940,needs_review,27,27,3914,4014,100
ELECAM-2025-LT-SANAGA-MARITIME-MOUANKO-0006,6,LT,LITTORAL,LT-SANAGA-MARITIME,SANAGA-MARITIME,LT-SANAGA-MARITIME-MOUANKO,MOUANKO,ECOLE PUBLIQUE MOULONGO / A,200,BOLOUNGA,elecam-bv-2025-littoral,e42152849acb4f244a8496c99704df19983ff29cb46fd163454bf511eaffa940,needs_review,27,27,3914,4014,100
ELECAM-2025-LT-SANAGA-MARITIME-MOUANKO-0007,7,LT,LITTORAL,LT-SANAGA-MARITIME,SANAGA-MARITIME,LT-SANAGA-MARITIME-MOUANKO,MOUANKO,ECOLE PUBLIQUE MOULONGO / B,179,BOLOUNGA,elecam-bv-2025-littoral,e42152849acb4f244a8496c99704df19983ff29cb46fd163454bf511eaffa940,needs_review,27,27,3914,4014,100
ELECAM-2025-LT-SANAGA-MARITIME-MOUANKO-0008,8,LT,LITTORAL,LT-SANAGA-MARITIME,SANAGA-MARITIME,LT-SANAGA-MARITIME-MOUANKO,MOUANKO,CHAPELLE EEC BOSSAMBO-FARM / A,73,BOSSAMBO-FARM,elecam-bv-2025-littoral,e42152849acb4f244a8496c99704df19983ff29cb46fd163454bf511eaffa940,needs_review,27,27,3914,4014,100
ELECAM-2025-LT-SANAGA-MARITIME-MOUANKO-0009,9,LT,LITTORAL,LT-SANAGA-MARITIME,SANAGA-MARITIME,LT-SANAGA-MARITIME-MOUANKO,MOUANKO,ECOLE PUBLIQUE MBIAKO / A,192,COCONETH,elecam-bv-2025-littoral,e42152849acb4f244a8496c99704df19983ff29cb46fd163454bf511eaffa940,needs_review,27,27,3914,4014,100
ELECAM-2025-LT-SANAGA-MARITIME-MOUANKO-0010,10,LT,LITTORAL,LT-SANAGA-MARITIME,SANAGA-MARITIME,LT-SANAGA-MARITIME-MOUANKO,MOUANKO,ECOLE PUBLIQUE DIBONGO / A,147,DIBONGO,elecam-bv-2025-littoral,e42152849acb4f244a8496c99704df19983ff29cb46fd163454bf511eaffa940,needs_review,27,27,3914,4014,100
ELECAM-2025-LT-SANAGA-MARITIME-MOUANKO-0011,11,LT,LITTORAL,LT-SANAGA-MARITIME,SANAGA-MARITIME,LT-SANAGA-MARITIME-MOUANKO,MOUANKO,ECOLE CATHOLIQUE MARIEMBERG / A,62,ELOG-NGANGO,elecam-bv-2025-littoral,e42152849acb4f244a8496c99704df19983ff29cb46fd163454bf511eaffa940,needs_review,27,27,3914,4014,100
ELECAM-2025-LT-SANAGA-MARITIME-MOUANKO-0012,12,LT,LITTORAL,LT-SANAGA-MARITIME,SANAGA-MARITIME,LT-SANAGA-MARITIME-MOUANKO,MOUANKO,ECOLE EEC LOBETHAL / A,263,LOBETHAL,elecam-bv-2025-littoral,e42152849acb4f244a8496c99704df19983ff29cb46fd163454bf511eaffa940,needs_review,27,27,3914,4014,100
ELECAM-2025-LT-SANAGA-MARITIME-MOUANKO-0013,13,LT,LITTORAL,LT-SANAGA-MARITIME,SANAGA-MARITIME,LT-SANAGA-MARITIME-MOUANKO,MOUANKO,FOYER NKOKE / A,64,MBANGA,elecam-bv-2025-littoral,e42152849acb4f244a8496c99704df19983ff29cb46fd163454bf511eaffa940,needs_review,27,27,3914,4014,100
ELECAM-2025-LT-SANAGA-MARITIME-MOUANKO-0014,14,LT,LITTORAL,LT-SANAGA-MARITIME,SANAGA-MARITIME,LT-SANAGA-MARITIME-MOUANKO,MOUANKO,ECOLE PUBLIQUE MOUANKO CENTRE / A,205,MOUANKO CENTRE,elecam-bv-2025-littoral,e42152849acb4f244a8496c99704df19983ff29cb46fd163454bf511eaffa940,needs_review,27,27,3914,4014,100
ELECAM-2025-LT-SANAGA-MARITIME-MOUANKO-0015,15,LT,LITTORAL,LT-SANAGA-MARITIME,SANAGA-MARITIME,LT-SANAGA-MARITIME-MOUANKO,MOUANKO,CHAPELLE EEC MOUANKO VILLAGE / A,145,MOUANKO VILLAGE,elecam-bv-2025-littoral,e42152849acb4f244a8496c99704df19983ff29cb46fd163454bf511eaffa940,needs_review,27,27,3914,4014,100
ELECAM-2025-LT-SANAGA-MARITIME-MOUANKO-0016,16,LT,LITTORAL,LT-SANAGA-MARITIME,SANAGA-MARITIME,LT-SANAGA-MARITIME-MOUANKO,MOUANKO,CHAPELLE ASSEMBLEE DIEU NDOGMONGO /,210,NDOGMONGO,elecam-bv-2025-littoral,e42152849acb4f244a8496c99704df19983ff29cb46fd163454bf511eaffa940,needs_review,27,27,3914,4014,100
ELECAM-2025-LT-SANAGA-MARITIME-MOUANKO-0017,17,LT,LITTORAL,LT-SANAGA-MARITIME,SANAGA-MARITIME,LT-SANAGA-MARITIME-MOUANKO,MOUANKO,ECOLE PUBLIQUE NSEPPE / A,90,NSEPPE,elecam-bv-2025-littoral,e42152849acb4f244a8496c99704df19983ff29cb46fd163454bf511eaffa940,needs_review,27,27,3914,4014,100
ELECAM-2025-LT-SANAGA-MARITIME-MOUANKO-0018,18,LT,LITTORAL,LT-SANAGA-MARITIME,SANAGA-MARITIME,LT-SANAGA-MARITIME-MOUANKO,MOUANKO,ECOLE PUBLIQUE D'OLOMBE / A,138,OLOMBE,elecam-bv-2025-littoral,e42152849acb4f244a8496c99704df19983ff29cb46fd163454bf511eaffa940,needs_review,27,27,3914,4014,100
ELECAM-2025-LT-SANAGA-MARITIME-MOUANKO-0019,19,LT,LITTORAL,LT-SANAGA-MARITIME,SANAGA-MARITIME,LT-SANAGA-MARITIME-MOUANKO,MOUANKO,ECOLE PUBLIQUE PONGO SONGO / A,115,PONGO SONGO,elecam-bv-2025-littoral,e42152849acb4f244a8496c99704df19983ff29cb46fd163454bf511eaffa940,needs_review,27,27,3914,4014,100
ELECAM-2025-LT-SANAGA-MARITIME-MOUANKO-0020,20,LT,LITTORAL,LT-SANAGA-MARITIME,SANAGA-MARITIME,LT-SANAGA-MARITIME-MOUANKO,MOUANKO,ESPLANADE CHEFFERIE YAKONZOG / A,30,TISSONGO,elecam-bv-2025-littoral,e42152849acb4f244a8496c99704df19983ff29cb46fd163454bf511eaffa940,needs_review,27,27,3914,4014,100
ELECAM-2025-LT-SANAGA-MARITIME-MOUANKO-0021,21,LT,LITTORAL,LT-SANAGA-MARITIME,SANAGA-MARITIME,LT-SANAGA-MARITIME-MOUANKO,MOUANKO,ECOLE PUBLIQUE YATOU / A,70,YATOU,elecam-bv-2025-littoral,e42152849acb4f244a8496c99704df19983ff29cb46fd163454bf511eaffa940,needs_review,27,27,3914,4014,100
ELECAM-2025-LT-SANAGA-MARITIME-MOUANKO-0022,22,LT,LITTORAL,LT-SANAGA-MARITIME,SANAGA-MARITIME,LT-SANAGA-MARITIME-MOUANKO,MOUANKO,CHAPELLE EEC DE YAVI / A,152,YAVI,elecam-bv-2025-littoral,e42152849acb4f244a8496c99704df19983ff29cb46fd163454bf511eaffa940,needs_review,27,27,3914,4014,100
ELECAM-2025-LT-SANAGA-MARITIME-MOUANKO-0023,23,LT,LITTORAL,LT-SANAGA-MARITIME,SANAGA-MARITIME,LT-SANAGA-MARITIME-MOUANKO,MOUANKO,FOYER DIPITA YOUME I / A,78,KOMBO A MOUKALA,elecam-bv-2025-littoral,e42152849acb4f244a8496c99704df19983ff29cb46fd163454bf511eaffa940,needs_review,27,27,3914,4014,100
ELECAM-2025-LT-SANAGA-MARITIME-MOUANKO-0024,24,LT,LITTORAL,LT-SANAGA-MARITIME,SANAGA-MARITIME,LT-SANAGA-MARITIME-MOUANKO,MOUANKO,EP DE YOUME II / A,58,YOUME II,elecam-bv-2025-littoral,e42152849acb4f244a8496c99704df19983ff29cb46fd163454bf511eaffa940,needs_review,27,27,3914,4014,100
ELECAM-2025-LT-SANAGA-MARITIME-MOUANKO-0025,25,LT,LITTORAL,LT-SANAGA-MARITIME,SANAGA-MARITIME,LT-SANAGA-MARITIME-MOUANKO,MOUANKO,ECOLE PUBLIQUE YOYO 1 / A,137,YOYO,elecam-bv-2025-littoral,e42152849acb4f244a8496c99704df19983ff29cb46fd163454bf511eaffa940,needs_review,27,27,3914,4014,100
ELECAM-2025-LT-SANAGA-MARITIME-MOUANKO-0026,26,LT,LITTORAL,LT-SANAGA-MARITIME,SANAGA-MARITIME,LT-SANAGA-MARITIME-MOUANKO,MOUANKO,ECOLE PUBLIQUE YOYO 2 / A,196,YOYO,elecam-bv-2025-littoral,e42152849acb4f244a8496c99704df19983ff29cb46fd163454bf511eaffa940,needs_review,27,27,3914,4014,100
ELECAM-2025-LT-SANAGA-MARITIME-MOUANKO-0027,27,LT,LITTORAL,LT-SANAGA-MARITIME,SANAGA-MARITIME,LT-SANAGA-MARITIME-MOUANKO,MOUANKO,LYCEE TECHNIQUE DE MOUANKO / A,290,NKAGANZOG,elecam-bv-2025-littoral,e42152849acb4f244a8496c99704df19983ff29cb46fd163454bf511eaffa940,needs_review,27,27,3914,4014,100
ELECAM-2025-NO-MAYO-LOUTI-GUIDER-0001,1,NO,NORD,NO-MAYO-LOUTI,MAYO LOUTI,NO-MAYO-LOUTI-GUIDER,GUIDER,EP SOSSILIM / A,247,BABAGUEL,elecam-bv-2025-nord,ed7c6f61ed768f476930d07461bdacdfd1e3d7ea9b33879d187b85edc2d8200b,needs_review,340,340,92823,92923,100
ELECAM-2025-NO-MAYO-LOUTI-GUIDER-0002,2,NO,NORD,NO-MAYO-LOUTI,MAYO LOUTI,NO-MAYO-LOUTI-GUIDER,GUIDER,EP SOSSILIM / B,167,BABAGUEL,elecam-bv-2025-nord,ed7c6f61ed768f476930d07461bdacdfd1e3d7ea9b33879d187b85edc2d8200b,needs_review,340,340,92823,92923,100
ELECAM-2025-NO-MAYO-LOUTI-GUIDER-0003,3,NO,NORD,NO-MAYO-LOUTI,MAYO LOUTI,NO-MAYO-LOUTI-GUIDER,GUIDER,EP BABARKINE / A,407,BABARKINE,elecam-bv-2025-nord,ed7c6f61ed768f476930d07461bdacdfd1e3d7ea9b33879d187b85edc2d8200b,needs_review,340,340,92823,92923,100
ELECAM-2025-NO-MAYO-LOUTI-GUIDER-0004,4,NO,NORD,NO-MAYO-LOUTI,MAYO LOUTI,NO-MAYO-LOUTI-GUIDER,GUIDER,EP BABARKINE / B,153,BABARKINE,elecam-bv-2025-nord,ed7c6f61ed768f476930d07461bdacdfd1e3d7ea9b33879d187b85edc2d8200b,needs_review,340,340,92823,92923,100
ELECAM-2025-NO-MAYO-LOUTI-GUIDER-0005,5,NO,NORD,NO-MAYO-LOUTI,MAYO LOUTI,NO-MAYO-LOUTI-GUIDER,GUIDER,EP WINDE YOLA / A,291,BABASALACK,elecam-bv-2025-nord,ed7c6f61ed768f476930d07461bdacdfd1e3d7ea9b33879d187b85edc2d8200b,needs_review,340,340,92823,92923,100
ELECAM-2025-NO-MAYO-LOUTI-GUIDER-0006,6,NO,NORD,NO-MAYO-LOUTI,MAYO LOUTI,NO-MAYO-LOUTI-GUIDER,GUIDER,EP BABOURI / A,334,BABOURI,elecam-bv-2025-nord,ed7c6f61ed768f476930d07461bdacdfd1e3d7ea9b33879d187b85edc2d8200b,needs_review,340,340,92823,92923,100
ELECAM-2025-NO-MAYO-LOUTI-GUIDER-0007,7,NO,NORD,NO-MAYO-LOUTI,MAYO LOUTI,NO-MAYO-LOUTI-GUIDER,GUIDER,ESPL CHEF NDOUA / A,294,BADESSI,elecam-bv-2025-nord,ed7c6f61ed768f476930d07461bdacdfd1e3d7ea9b33879d187b85edc2d8200b,needs_review,340,340,92823,92923,100
ELECAM-2025-NO-MAYO-LOUTI-GUIDER-0008,8,NO,NORD,NO-MAYO-LOUTI,MAYO LOUTI,NO-MAYO-LOUTI-GUIDER,GUIDER,ESPL CHEF NDOUA / B,248,BADESSI,elecam-bv-2025-nord,ed7c6f61ed768f476930d07461bdacdfd1e3d7ea9b33879d187b85edc2d8200b,needs_review,340,340,92823,92923,100
ELECAM-2025-NO-MAYO-LOUTI-GUIDER-0009,9,NO,NORD,NO-MAYO-LOUTI,MAYO LOUTI,NO-MAYO-LOUTI-GUIDER,GUIDER,EP TALAZOUAI / A,301,BAIDAY,elecam-bv-2025-nord,ed7c6f61ed768f476930d07461bdacdfd1e3d7ea9b33879d187b85edc2d8200b,needs_review,340,340,92823,92923,100
ELECAM-2025-NO-MAYO-LOUTI-GUIDER-0010,10,NO,NORD,NO-MAYO-LOUTI,MAYO LOUTI,NO-MAYO-LOUTI-GUIDER,GUIDER,EP KOLA / A,322,BAINGA,elecam-bv-2025-nord,ed7c6f61ed768f476930d07461bdacdfd1e3d7ea9b33879d187b85edc2d8200b,needs_review,340,340,92823,92923,100
ELECAM-2025-NO-MAYO-LOUTI-GUIDER-0011,11,NO,NORD,NO-MAYO-LOUTI,MAYO LOUTI,NO-MAYO-LOUTI-GUIDER,GUIDER,EP KOLA / B,294,BAINGA,elecam-bv-2025-nord,ed7c6f61ed768f476930d07461bdacdfd1e3d7ea9b33879d187b85edc2d8200b,needs_review,340,340,92823,92923,100
ELECAM-2025-NO-MAYO-LOUTI-GUIDER-0012,12,NO,NORD,NO-MAYO-LOUTI,MAYO LOUTI,NO-MAYO-LOUTI-GUIDER,GUIDER,EP PAHA / A,412,BALDA,elecam-bv-2025-nord,ed7c6f61ed768f476930d07461bdacdfd1e3d7ea9b33879d187b85edc2d8200b,needs_review,340,340,92823,92923,100
ELECAM-2025-NO-MAYO-LOUTI-GUIDER-0013,13,NO,NORD,NO-MAYO-LOUTI,MAYO LOUTI,NO-MAYO-LOUTI-GUIDER,GUIDER,EP PAHA / B,84,BALDA,elecam-bv-2025-nord,ed7c6f61ed768f476930d07461bdacdfd1e3d7ea9b33879d187b85edc2d8200b,needs_review,340,340,92823,92923,100
ELECAM-2025-NO-MAYO-LOUTI-GUIDER-0014,14,NO,NORD,NO-MAYO-LOUTI,MAYO LOUTI,NO-MAYO-LOUTI-GUIDER,GUIDER,EP BALGA / A,383,BALGA,elecam-bv-2025-nord,ed7c6f61ed768f476930d07461bdacdfd1e3d7ea9b33879d187b85edc2d8200b,needs_review,340,340,92823,92923,100
ELECAM-2025-NO-MAYO-LOUTI-GUIDER-0015,15,NO,NORD,NO-MAYO-LOUTI,MAYO LOUTI,NO-MAYO-LOUTI-GUIDER,GUIDER,EP BALGA / B,216,BALGA,elecam-bv-2025-nord,ed7c6f61ed768f476930d07461bdacdfd1e3d7ea9b33879d187b85edc2d8200b,needs_review,340,340,92823,92923,100
ELECAM-2025-NO-MAYO-LOUTI-GUIDER-0016,16,NO,NORD,NO-MAYO-LOUTI,MAYO LOUTI,NO-MAYO-LOUTI-GUIDER,GUIDER,EP DOUROUM / A,380,BANA,elecam-bv-2025-nord,ed7c6f61ed768f476930d07461bdacdfd1e3d7ea9b33879d187b85edc2d8200b,needs_review,340,340,92823,92923,100
ELECAM-2025-NO-MAYO-LOUTI-GUIDER-0017,17,NO,NORD,NO-MAYO-LOUTI,MAYO LOUTI,NO-MAYO-LOUTI-GUIDER,GUIDER,EP DOUROUM / B,358,BANA,elecam-bv-2025-nord,ed7c6f61ed768f476930d07461bdacdfd1e3d7ea9b33879d187b85edc2d8200b,needs_review,340,340,92823,92923,100
ELECAM-2025-NO-MAYO-LOUTI-GUIDER-0018,18,NO,NORD,NO-MAYO-LOUTI,MAYO LOUTI,NO-MAYO-LOUTI-GUIDER,GUIDER,EP MOUSGOY / A,294,BANAM,elecam-bv-2025-nord,ed7c6f61ed768f476930d07461bdacdfd1e3d7ea9b33879d187b85edc2d8200b,needs_review,340,340,92823,92923,100
ELECAM-2025-NO-MAYO-LOUTI-GUIDER-0019,19,NO,NORD,NO-MAYO-LOUTI,MAYO LOUTI,NO-MAYO-LOUTI-GUIDER,GUIDER,EP MOUSGOY / B,168,BANAM,elecam-bv-2025-nord,ed7c6f61ed768f476930d07461bdacdfd1e3d7ea9b33879d187b85edc2d8200b,needs_review,340,340,92823,92923,100
ELECAM-2025-NO-MAYO-LOUTI-GUIDER-0020,20,NO,NORD,NO-MAYO-LOUTI,MAYO LOUTI,NO-MAYO-LOUTI-GUIDER,GUIDER,EP BANG / A,366,BANG,elecam-bv-2025-nord,ed7c6f61ed768f476930d07461bdacdfd1e3d7ea9b33879d187b85edc2d8200b,needs_review,340,340,92823,92923,100
ELECAM-2025-NO-MAYO-LOUTI-GUIDER-0021,21,NO,NORD,NO-MAYO-LOUTI,MAYO LOUTI,NO-MAYO-LOUTI-GUIDER,GUIDER,EP BANG / B,338,BANG,elecam-bv-2025-nord,ed7c6f61ed768f476930d07461bdacdfd1e3d7ea9b33879d187b85edc2d8200b,needs_review,340,340,92823,92923,100
ELECAM-2025-NO-MAYO-LOUTI-GUIDER-0022,22,NO,NORD,NO-MAYO-LOUTI,MAYO LOUTI,NO-MAYO-LOUTI-GUIDER,GUIDER,EP BARIKI DJAMNE / A,399,BARIKI DJAMANE,elecam-bv-2025-nord,ed7c6f61ed768f476930d07461bdacdfd1e3d7ea9b33879d187b85edc2d8200b,needs_review,340,340,92823,92923,100
ELECAM-2025-NO-MAYO-LOUTI-GUIDER-0023,23,NO,NORD,NO-MAYO-LOUTI,MAYO LOUTI,NO-MAYO-LOUTI-GUIDER,GUIDER,ESPL CHEF OURO BOUBA / A,77,BARKAO,elecam-bv-2025-nord,ed7c6f61ed768f476930d07461bdacdfd1e3d7ea9b33879d187b85edc2d8200b,needs_review,340,340,92823,92923,100
ELECAM-2025-NO-MAYO-LOUTI-GUIDER-0024,24,NO,NORD,NO-MAYO-LOUTI,MAYO LOUTI,NO-MAYO-LOUTI-GUIDER,GUIDER,ESPL CHEF BASSIRA / A,264,BASSIRA,elecam-bv-2025-nord,ed7c6f61ed768f476930d07461bdacdfd1e3d7ea9b33879d187b85edc2d8200b,needs_review,340,340,92823,92923,100
ELECAM-2025-NO-MAYO-LOUTI-GUIDER-0025,25,NO,NORD,NO-MAYO-LOUTI,MAYO LOUTI,NO-MAYO-LOUTI-GUIDER,GUIDER,E M BEBERE GADA MAYO / A,407,BEBERE GADA MAYO,elecam-bv-2025-nord,ed7c6f61ed768f476930d07461bdacdfd1e3d7ea9b33879d187b85edc2d8200b,needs_review,340,340,92823,92923,100
ELECAM-2025-NO-MAYO-LOUTI-GUIDER-0026,26,NO,NORD,NO-MAYO-LOUTI,MAYO LOUTI,NO-MAYO-LOUTI-GUIDER,GUIDER,E M BEBERE GADA MAYO / B,364,BEBERE GADA MAYO,elecam-bv-2025-nord,ed7c6f61ed768f476930d07461bdacdfd1e3d7ea9b33879d187b85edc2d8200b,needs_review,340,340,92823,92923,100
ELECAM-2025-NO-MAYO-LOUTI-GUIDER-0027,27,NO,NORD,NO-MAYO-LOUTI,MAYO LOUTI,NO-MAYO-LOUTI-GUIDER,GUIDER,E M BEBERE GADA MAYO / C,276,BEBERE GADA MAYO,elecam-bv-2025-nord,ed7c6f61ed768f476930d07461bdacdfd1e3d7ea9b33879d187b85edc2d8200b,needs_review,340,340,92823,92923,100
ELECAM-2025-NO-MAYO-LOUTI-GUIDER-0028,28,NO,NORD,NO-MAYO-LOUTI,MAYO LOUTI,NO-MAYO-LOUTI-GUIDER,GUIDER,LYCEE CLASSIQUE GUIDER / A,376,BEBERE I,elecam-bv-2025-nord,ed7c6f61ed768f476930d07461bdacdfd1e3d7ea9b33879d187b85edc2d8200b,needs_review,340,340,92823,92923,100
ELECAM-2025-NO-MAYO-LOUTI-GUIDER-0029,29,NO,NORD,NO-MAYO-LOUTI,MAYO LOUTI,NO-MAYO-LOUTI-GUIDER,GUIDER,LYCEE CLASSIQUE GUIDER / B,344,BEBERE I,elecam-bv-2025-nord,ed7c6f61ed768f476930d07461bdacdfd1e3d7ea9b33879d187b85edc2d8200b,needs_review,340,340,92823,92923,100
ELECAM-2025-NO-MAYO-LOUTI-GUIDER-0030,30,NO,NORD,NO-MAYO-LOUTI,MAYO LOUTI,NO-MAYO-LOUTI-GUIDER,GUIDER,LYCEE CLASSIQUE GUIDER / C,320,BEBERE I,elecam-bv-2025-nord,ed7c6f61ed768f476930d07461bdacdfd1e3d7ea9b33879d187b85edc2d8200b,needs_review,340,340,92823,92923,100
ELECAM-2025-NO-MAYO-LOUTI-GUIDER-0031,31,NO,NORD,NO-MAYO-LOUTI,MAYO LOUTI,NO-MAYO-LOUTI-GUIDER,GUIDER,LYCEE CLASSIQUE GUIDER / D,414,BEBERE I,elecam-bv-2025-nord,ed7c6f61ed768f476930d07461bdacdfd1e3d7ea9b33879d187b85edc2d8200b,needs_review,340,340,92823,92923,100
ELECAM-2025-NO-MAYO-LOUTI-GUIDER-0032,32,NO,NORD,NO-MAYO-LOUTI,MAYO LOUTI,NO-MAYO-LOUTI-GUIDER,GUIDER,LYCEE CLASSIQUE GUIDER / E,189,BEBERE I,elecam-bv-2025-nord,ed7c6f61ed768f476930d07461bdacdfd1e3d7ea9b33879d187b85edc2d8200b,needs_review,340,340,92823,92923,100
ELECAM-2025-NO-MAYO-LOUTI-GUIDER-0033,33,NO,NORD,NO-MAYO-LOUTI,MAYO LOUTI,NO-MAYO-LOUTI-GUIDER,GUIDER,SAR/SM GUIDER / A,303,BEBERE I,elecam-bv-2025-nord,ed7c6f61ed768f476930d07461bdacdfd1e3d7ea9b33879d187b85edc2d8200b,needs_review,340,340,92823,92923,100
ELECAM-2025-NO-MAYO-LOUTI-GUIDER-0034,34,NO,NORD,NO-MAYO-LOUTI,MAYO LOUTI,NO-MAYO-LOUTI-GUIDER,GUIDER,SAR/SM GUIDER / B,258,BEBERE I,elecam-bv-2025-nord,ed7c6f61ed768f476930d07461bdacdfd1e3d7ea9b33879d187b85edc2d8200b,needs_review,340,340,92823,92923,100
ELECAM-2025-NO-MAYO-LOUTI-GUIDER-0035,35,NO,NORD,NO-MAYO-LOUTI,MAYO LOUTI,NO-MAYO-LOUTI-GUIDER,GUIDER,EP KAPTA MADI / A,269,BEDEVE,elecam-bv-2025-nord,ed7c6f61ed768f476930d07461bdacdfd1e3d7ea9b33879d187b85edc2d8200b,needs_review,340,340,92823,92923,100
ELECAM-2025-NO-MAYO-LOUTI-GUIDER-0036,36,NO,NORD,NO-MAYO-LOUTI,MAYO LOUTI,NO-MAYO-LOUTI-GUIDER,GUIDER,EP BELI / A,363,BELI,elecam-bv-2025-nord,ed7c6f61ed768f476930d07461bdacdfd1e3d7ea9b33879d187b85edc2d8200b,needs_review,340,340,92823,92923,100
ELECAM-2025-NO-MAYO-LOUTI-GUIDER-0037,37,NO,NORD,NO-MAYO-LOUTI,MAYO LOUTI,NO-MAYO-LOUTI-GUIDER,GUIDER,EP BELI / B,368,BELI,elecam-bv-2025-nord,ed7c6f61ed768f476930d07461bdacdfd1e3d7ea9b33879d187b85edc2d8200b,needs_review,340,340,92823,92923,100
ELECAM-2025-NO-MAYO-LOUTI-GUIDER-0038,38,NO,NORD,NO-MAYO-LOUTI,MAYO LOUTI,NO-MAYO-LOUTI-GUIDER,GUIDER,EP BELI / C,135,BELI,elecam-bv-2025-nord,ed7c6f61ed768f476930d07461bdacdfd1e3d7ea9b33879d187b85edc2d8200b,needs_review,340,340,92823,92923,100
ELECAM-2025-NO-MAYO-LOUTI-GUIDER-0039,39,NO,NORD,NO-MAYO-LOUTI,MAYO LOUTI,NO-MAYO-LOUTI-GUIDER,GUIDER,EP KOSSI / A,395,BEROU,elecam-bv-2025-nord,ed7c6f61ed768f476930d07461bdacdfd1e3d7ea9b33879d187b85edc2d8200b,needs_review,340,340,92823,92923,100
ELECAM-2025-NO-MAYO-LOUTI-GUIDER-0040,40,NO,NORD,NO-MAYO-LOUTI,MAYO LOUTI,NO-MAYO-LOUTI-GUIDER,GUIDER,EP KOSSI / B,126,BEROU,elecam-bv-2025-nord,ed7c6f61ed768f476930d07461bdacdfd1e3d7ea9b33879d187b85edc2d8200b,needs_review,340,340,92823,92923,100
ELECAM-2025-NO-MAYO-LOUTI-GUIDER-0041,41,NO,NORD,NO-MAYO-LOUTI,MAYO LOUTI,NO-MAYO-LOUTI-GUIDER,GUIDER,EP BIMA / A,292,BIMA,elecam-bv-2025-nord,ed7c6f61ed768f476930d07461bdacdfd1e3d7ea9b33879d187b85edc2d8200b,needs_review,340,340,92823,92923,100
ELECAM-2025-NO-MAYO-LOUTI-GUIDER-0042,42,NO,NORD,NO-MAYO-LOUTI,MAYO LOUTI,NO-MAYO-LOUTI-GUIDER,GUIDER,EP BIMA / B,81,BIMA,elecam-bv-2025-nord,ed7c6f61ed768f476930d07461bdacdfd1e3d7ea9b33879d187b85edc2d8200b,needs_review,340,340,92823,92923,100
ELECAM-2025-NO-MAYO-LOUTI-GUIDER-0043,43,NO,NORD,NO-MAYO-LOUTI,MAYO LOUTI,NO-MAYO-LOUTI-GUIDER,GUIDER,ESPL CHEF ROUMDE / A,416,BIRI,elecam-bv-2025-nord,ed7c6f61ed768f476930d07461bdacdfd1e3d7ea9b33879d187b85edc2d8200b,needs_review,340,340,92823,92923,100
ELECAM-2025-NO-MAYO-LOUTI-GUIDER-0044,44,NO,NORD,NO-MAYO-LOUTI,MAYO LOUTI,NO-MAYO-LOUTI-GUIDER,GUIDER,ESPL CHEF ROUMDE / B,109,BIRI,elecam-bv-2025-nord,ed7c6f61ed768f476930d07461bdacdfd1e3d7ea9b33879d187b85edc2d8200b,needs_review,340,340,92823,92923,100
ELECAM-2025-NO-MAYO-LOUTI-GUIDER-0045,45,NO,NORD,NO-MAYO-LOUTI,MAYO LOUTI,NO-MAYO-LOUTI-GUIDER,GUIDER,EP BISSOLI / A,267,BISSOLI,elecam-bv-2025-nord,ed7c6f61ed768f476930d07461bdacdfd1e3d7ea9b33879d187b85edc2d8200b,needs_review,340,340,92823,92923,100
ELECAM-2025-NO-MAYO-LOUTI-GUIDER-0046,46,NO,NORD,NO-MAYO-LOUTI,MAYO LOUTI,NO-MAYO-LOUTI-GUIDER,GUIDER,EP BISSOLI / B,254,BISSOLI,elecam-bv-2025-nord,ed7c6f61ed768f476930d07461bdacdfd1e3d7ea9b33879d187b85edc2d8200b,needs_review,340,340,92823,92923,100
ELECAM-2025-NO-MAYO-LOUTI-GUIDER-0047,47,NO,NORD,NO-MAYO-LOUTI,MAYO LOUTI,NO-MAYO-LOUTI-GUIDER,GUIDER,EP BOBOLDOU / A,416,BOBOLDOU,elecam-bv-2025-nord,ed7c6f61ed768f476930d07461bdacdfd1e3d7ea9b33879d187b85edc2d8200b,needs_review,340,340,92823,92923,100
ELECAM-2025-NO-MAYO-LOUTI-GUIDER-0048,48,NO,NORD,NO-MAYO-LOUTI,MAYO LOUTI,NO-MAYO-LOUTI-GUIDER,GUIDER,EP YAPERE / A,410,BODONG,elecam-bv-2025-nord,ed7c6f61ed768f476930d07461bdacdfd1e3d7ea9b33879d187b85edc2d8200b,needs_review,340,340,92823,92923,100
ELECAM-2025-NO-MAYO-LOUTI-GUIDER-0049,49,NO,NORD,NO-MAYO-LOUTI,MAYO LOUTI,NO-MAYO-LOUTI-GUIDER,GUIDER,EP YAPERE / B,63,BODONG,elecam-bv-2025-nord,ed7c6f61ed768f476930d07461bdacdfd1e3d7ea9b33879d187b85edc2d8200b,needs_review,340,340,92823,92923,100
ELECAM-2025-NO-MAYO-LOUTI-GUIDER-0050,50,NO,NORD,NO-MAYO-LOUTI,MAYO LOUTI,NO-MAYO-LOUTI-GUIDER,GUIDER,ESPL CHEF BOHONG / A,294,BOHONG,elecam-bv-2025-nord,ed7c6f61ed768f476930d07461bdacdfd1e3d7ea9b33879d187b85edc2d8200b,needs_review,340,340,92823,92923,100
ELECAM-2025-NO-MAYO-LOUTI-GUIDER-0051,51,NO,NORD,NO-MAYO-LOUTI,MAYO LOUTI,NO-MAYO-LOUTI-GUIDER,GUIDER,ESPL CHEF BOHONG / B,354,BOHONG,elecam-bv-2025-nord,ed7c6f61ed768f476930d07461bdacdfd1e3d7ea9b33879d187b85edc2d8200b,needs_review,340,340,92823,92923,100
ELECAM-2025-NO-MAYO-LOUTI-GUIDER-0052,52,NO,NORD,NO-MAYO-LOUTI,MAYO LOUTI,NO-MAYO-LOUTI-GUIDER,GUIDER,ESPL CHEF BOHONG / C,155,BOHONG,elecam-bv-2025-nord,ed7c6f61ed768f476930d07461bdacdfd1e3d7ea9b33879d187b85edc2d8200b,needs_review,340,340,92823,92923,100
ELECAM-2025-NO-MAYO-LOUTI-GUIDER-0053,53,NO,NORD,NO-MAYO-LOUTI,MAYO LOUTI,NO-MAYO-LOUTI-GUIDER,GUIDER,EP MESSO / A,221,BOLO,elecam-bv-2025-nord,ed7c6f61ed768f476930d07461bdacdfd1e3d7ea9b33879d187b85edc2d8200b,needs_review,340,340,92823,92923,100
ELECAM-2025-NO-MAYO-LOUTI-GUIDER-0054,54,NO,NORD,NO-MAYO-LOUTI,MAYO LOUTI,NO-MAYO-LOUTI-GUIDER,GUIDER,ESPL CHEF BOUDJOULKOU / A,220,BOUDJOULKOU,elecam-bv-2025-nord,ed7c6f61ed768f476930d07461bdacdfd1e3d7ea9b33879d187b85edc2d8200b,needs_review,340,340,92823,92923,100
ELECAM-2025-NO-MAYO-LOUTI-GUIDER-0055,55,NO,NORD,NO-MAYO-LOUTI,MAYO LOUTI,NO-MAYO-LOUTI-GUIDER,GUIDER,EP TRA / A,376,BOULOU,elecam-bv-2025-nord,ed7c6f61ed768f476930d07461bdacdfd1e3d7ea9b33879d187b85edc2d8200b,needs_review,340,340,92823,92923,100
ELECAM-2025-NO-MAYO-LOUTI-GUIDER-0056,56,NO,NORD,NO-MAYO-LOUTI,MAYO LOUTI,NO-MAYO-LOUTI-GUIDER,GUIDER,EP BROUWOY / A,346,BOURWOUY,elecam-bv-2025-nord,ed7c6f61ed768f476930d07461bdacdfd1e3d7ea9b33879d187b85edc2d8200b,needs_review,340,340,92823,92923,100
ELECAM-2025-NO-MAYO-LOUTI-GUIDER-0057,57,NO,NORD,NO-MAYO-LOUTI,MAYO LOUTI,NO-MAYO-LOUTI-GUIDER,GUIDER,EP BROUWOY / B,259,BOURWOUY,elecam-bv-2025-nord,ed7c6f61ed768f476930d07461bdacdfd1e3d7ea9b33879d187b85edc2d8200b,needs_review,340,340,92823,92923,100
ELECAM-2025-NO-MAYO-LOUTI-GUIDER-0058,58,NO,NORD,NO-MAYO-LOUTI,MAYO LOUTI,NO-MAYO-LOUTI-GUIDER,GUIDER,EP BROUWOY / C,278,BOURWOUY,elecam-bv-2025-nord,ed7c6f61ed768f476930d07461bdacdfd1e3d7ea9b33879d187b85edc2d8200b,needs_review,340,340,92823,92923,100
ELECAM-2025-NO-MAYO-LOUTI-GUIDER-0059,59,NO,NORD,NO-MAYO-LOUTI,MAYO LOUTI,NO-MAYO-LOUTI-GUIDER,GUIDER,EP BROUWOY / D,112,BOURWOUY,elecam-bv-2025-nord,ed7c6f61ed768f476930d07461bdacdfd1e3d7ea9b33879d187b85edc2d8200b,needs_review,340,340,92823,92923,100
ELECAM-2025-NO-MAYO-LOUTI-GUIDER-0060,60,NO,NORD,NO-MAYO-LOUTI,MAYO LOUTI,NO-MAYO-LOUTI-GUIDER,GUIDER,EP BOUSSA / A,401,BOUSSA,elecam-bv-2025-nord,ed7c6f61ed768f476930d07461bdacdfd1e3d7ea9b33879d187b85edc2d8200b,needs_review,340,340,92823,92923,100
ELECAM-2025-NO-MAYO-LOUTI-GUIDER-0061,61,NO,NORD,NO-MAYO-LOUTI,MAYO LOUTI,NO-MAYO-LOUTI-GUIDER,GUIDER,EP BOUSSA / B,37,BOUSSA,elecam-bv-2025-nord,ed7c6f61ed768f476930d07461bdacdfd1e3d7ea9b33879d187b85edc2d8200b,needs_review,340,340,92823,92923,100
ELECAM-2025-NO-MAYO-LOUTI-GUIDER-0062,62,NO,NORD,NO-MAYO-LOUTI,MAYO LOUTI,NO-MAYO-LOUTI-GUIDER,GUIDER,EP GPE 2 GUIDER / A,300,CAMP ADMINISTRATIF,elecam-bv-2025-nord,ed7c6f61ed768f476930d07461bdacdfd1e3d7ea9b33879d187b85edc2d8200b,needs_review,340,340,92823,92923,100
ELECAM-2025-NO-MAYO-LOUTI-GUIDER-0063,63,NO,NORD,NO-MAYO-LOUTI,MAYO LOUTI,NO-MAYO-LOUTI-GUIDER,GUIDER,EP GPE 2 GUIDER / B,270,CAMP ADMINISTRATIF,elecam-bv-2025-nord,ed7c6f61ed768f476930d07461bdacdfd1e3d7ea9b33879d187b85edc2d8200b,needs_review,340,340,92823,92923,100
ELECAM-2025-NO-MAYO-LOUTI-GUIDER-0064,64,NO,NORD,NO-MAYO-LOUTI,MAYO LOUTI,NO-MAYO-LOUTI-GUIDER,GUIDER,DELEGATION DOMAINE GUIDER / A,194,CAMP ADMINISTRATIF,elecam-bv-2025-nord,ed7c6f61ed768f476930d07461bdacdfd1e3d7ea9b33879d187b85edc2d8200b,needs_review,340,340,92823,92923,100
ELECAM-2025-NO-MAYO-LOUTI-GUIDER-0065,65,NO,NORD,NO-MAYO-LOUTI,MAYO LOUTI,NO-MAYO-LOUTI-GUIDER,GUIDER,ESPL CHEF CARREFOUR PAHA / A,121,CARREFOUR PAHA,elecam-bv-2025-nord,ed7c6f61ed768f476930d07461bdacdfd1e3d7ea9b33879d187b85edc2d8200b,needs_review,340,340,92823,92923,100
ELECAM-2025-NO-MAYO-LOUTI-GUIDER-0066,66,NO,NORD,NO-MAYO-LOUTI,MAYO LOUTI,NO-MAYO-LOUTI-GUIDER,GUIDER,EP DABA DABA / A,282,DABA-DABA,elecam-bv-2025-nord,ed7c6f61ed768f476930d07461bdacdfd1e3d7ea9b33879d187b85edc2d8200b,needs_review,340,340,92823,92923,100
ELECAM-2025-NO-MAYO-LOUTI-GUIDER-0067,67,NO,NORD,NO-MAYO-LOUTI,MAYO LOUTI,NO-MAYO-LOUTI-GUIDER,GUIDER,EP DAFA LE HAUT / A,317,DAFA LE BAS,elecam-bv-2025-nord,ed7c6f61ed768f476930d07461bdacdfd1e3d7ea9b33879d187b85edc2d8200b,needs_review,340,340,92823,92923,100
ELECAM-2025-NO-MAYO-LOUTI-GUIDER-0068,68,NO,NORD,NO-MAYO-LOUTI,MAYO LOUTI,NO-MAYO-LOUTI-GUIDER,GUIDER,EP DAFA LE HAUT / B,271,DAFA LE BAS,elecam-bv-2025-nord,ed7c6f61ed768f476930d07461bdacdfd1e3d7ea9b33879d187b85edc2d8200b,needs_review,340,340,92823,92923,100
ELECAM-2025-NO-MAYO-LOUTI-GUIDER-0069,69,NO,NORD,NO-MAYO-LOUTI,MAYO LOUTI,NO-MAYO-LOUTI-GUIDER,GUIDER,ESPL CHEF GANGOUR BORI / A,216,DALAMI,elecam-bv-2025-nord,ed7c6f61ed768f476930d07461bdacdfd1e3d7ea9b33879d187b85edc2d8200b,needs_review,340,340,92823,92923,100
ELECAM-2025-NO-MAYO-LOUTI-GUIDER-0070,70,NO,NORD,NO-MAYO-LOUTI,MAYO LOUTI,NO-MAYO-LOUTI-GUIDER,GUIDER,ESPL CHEF DALE / A,390,DALE,elecam-bv-2025-nord,ed7c6f61ed768f476930d07461bdacdfd1e3d7ea9b33879d187b85edc2d8200b,needs_review,340,340,92823,92923,100
ELECAM-2025-NO-MAYO-LOUTI-GUIDER-0071,71,NO,NORD,NO-MAYO-LOUTI,MAYO LOUTI,NO-MAYO-LOUTI-GUIDER,GUIDER,EP MENDJEKER / A,317,DALGAN,elecam-bv-2025-nord,ed7c6f61ed768f476930d07461bdacdfd1e3d7ea9b33879d187b85edc2d8200b,needs_review,340,340,92823,92923,100
ELECAM-2025-NO-MAYO-LOUTI-GUIDER-0072,72,NO,NORD,NO-MAYO-LOUTI,MAYO LOUTI,NO-MAYO-LOUTI-GUIDER,GUIDER,EP DANGAR / A,363,DANGAR,elecam-bv-2025-nord,ed7c6f61ed768f476930d07461bdacdfd1e3d7ea9b33879d187b85edc2d8200b,needs_review,340,340,92823,92923,100
ELECAM-2025-NO-MAYO-LOUTI-GUIDER-0073,73,NO,NORD,NO-MAYO-LOUTI,MAYO LOUTI,NO-MAYO-LOUTI-GUIDER,GUIDER,EP GATOUGUEL / A,396,DANSANG,elecam-bv-2025-nord,ed7c6f61ed768f476930d07461bdacdfd1e3d7ea9b33879d187b85edc2d8200b,needs_review,340,340,92823,92923,100
ELECAM-2025-NO-MAYO-LOUTI-GUIDER-0074,74,NO,NORD,NO-MAYO-LOUTI,MAYO LOUTI,NO-MAYO-LOUTI-GUIDER,GUIDER,EP GATOUGUEL / B,410,DANSANG,elecam-bv-2025-nord,ed7c6f61ed768f476930d07461bdacdfd1e3d7ea9b33879d187b85edc2d8200b,needs_review,340,340,92823,92923,100
ELECAM-2025-NO-MAYO-LOUTI-GUIDER-0075,75,NO,NORD,NO-MAYO-LOUTI,MAYO LOUTI,NO-MAYO-LOUTI-GUIDER,GUIDER,EP GATOUGUEL / C,200,DANSANG,elecam-bv-2025-nord,ed7c6f61ed768f476930d07461bdacdfd1e3d7ea9b33879d187b85edc2d8200b,needs_review,340,340,92823,92923,100
ELECAM-2025-NO-MAYO-LOUTI-GUIDER-0076,76,NO,NORD,NO-MAYO-LOUTI,MAYO LOUTI,NO-MAYO-LOUTI-GUIDER,GUIDER,EP LIBE / A,266,DEGUERI,elecam-bv-2025-nord,ed7c6f61ed768f476930d07461bdacdfd1e3d7ea9b33879d187b85edc2d8200b,needs_review,340,340,92823,92923,100
ELECAM-2025-NO-MAYO-LOUTI-GUIDER-0077,77,NO,NORD,NO-MAYO-LOUTI,MAYO LOUTI,NO-MAYO-LOUTI-GUIDER,GUIDER,EP LIBE / B,260,DEGUERI,elecam-bv-2025-nord,ed7c6f61ed768f476930d07461bdacdfd1e3d7ea9b33879d187b85edc2d8200b,needs_review,340,340,92823,92923,100
ELECAM-2025-NO-MAYO-LOUTI-GUIDER-0078,78,NO,NORD,NO-MAYO-LOUTI,MAYO LOUTI,NO-MAYO-LOUTI-GUIDER,GUIDER,ESPL CHEF DELEGUE I / A,383,DELEGUE CENTRE,elecam-bv-2025-nord,ed7c6f61ed768f476930d07461bdacdfd1e3d7ea9b33879d187b85edc2d8200b,needs_review,340,340,92823,92923,100
ELECAM-2025-NO-MAYO-LOUTI-GUIDER-0079,79,NO,NORD,NO-MAYO-LOUTI,MAYO LOUTI,NO-MAYO-LOUTI-GUIDER,GUIDER,ESPL CHEF DELEGUE I / B,301,DELEGUE CENTRE,elecam-bv-2025-nord,ed7c6f61ed768f476930d07461bdacdfd1e3d7ea9b33879d187b85edc2d8200b,needs_review,340,340,92823,92923,100
ELECAM-2025-NO-MAYO-LOUTI-GUIDER-0080,80,NO,NORD,NO-MAYO-LOUTI,MAYO LOUTI,NO-MAYO-LOUTI-GUIDER,GUIDER,BUREAU D D E P I A / A,354,DELEGUE I,elecam-bv-2025-nord,ed7c6f61ed768f476930d07461bdacdfd1e3d7ea9b33879d187b85edc2d8200b,needs_review,340,340,92823,92923,100
ELECAM-2025-NO-MAYO-LOUTI-GUIDER-0081,81,NO,NORD,NO-MAYO-LOUTI,MAYO LOUTI,NO-MAYO-LOUTI-GUIDER,GUIDER,BUREAU D D E P I A / B,247,DELEGUE I,elecam-bv-2025-nord,ed7c6f61ed768f476930d07461bdacdfd1e3d7ea9b33879d187b85edc2d8200b,needs_review,340,340,92823,92923,100
ELECAM-2025-NO-MAYO-LOUTI-GUIDER-0082,82,NO,NORD,NO-MAYO-LOUTI,MAYO LOUTI,NO-MAYO-LOUTI-GUIDER,GUIDER,ESPL CHEF DELEGUE II / A,384,DELEGUE II,elecam-bv-2025-nord,ed7c6f61ed768f476930d07461bdacdfd1e3d7ea9b33879d187b85edc2d8200b,needs_review,340,340,92823,92923,100
ELECAM-2025-NO-MAYO-LOUTI-GUIDER-0083,83,NO,NORD,NO-MAYO-LOUTI,MAYO LOUTI,NO-MAYO-LOUTI-GUIDER,GUIDER,ESPL CHEF DELEGUE II / B,97,DELEGUE II,elecam-bv-2025-nord,ed7c6f61ed768f476930d07461bdacdfd1e3d7ea9b33879d187b85edc2d8200b,needs_review,340,340,92823,92923,100
ELECAM-2025-NO-MAYO-LOUTI-GUIDER-0084,84,NO,NORD,NO-MAYO-LOUTI,MAYO LOUTI,NO-MAYO-LOUTI-GUIDER,GUIDER,ESPL CHEF DEM / A,303,DEM,elecam-bv-2025-nord,ed7c6f61ed768f476930d07461bdacdfd1e3d7ea9b33879d187b85edc2d8200b,needs_review,340,340,92823,92923,100
ELECAM-2025-NO-MAYO-LOUTI-GUIDER-0085,85,NO,NORD,NO-MAYO-LOUTI,MAYO LOUTI,NO-MAYO-LOUTI-GUIDER,GUIDER,EP DIRI / A,334,DEM,elecam-bv-2025-nord,ed7c6f61ed768f476930d07461bdacdfd1e3d7ea9b33879d187b85edc2d8200b,needs_review,340,340,92823,92923,100
ELECAM-2025-NO-MAYO-LOUTI-GUIDER-0086,86,NO,NORD,NO-MAYO-LOUTI,MAYO LOUTI,NO-MAYO-LOUTI-GUIDER,GUIDER,EP DIRI / B,113,DEM,elecam-bv-2025-nord,ed7c6f61ed768f476930d07461bdacdfd1e3d7ea9b33879d187b85edc2d8200b,needs_review,340,340,92823,92923,100
ELECAM-2025-NO-MAYO-LOUTI-GUIDER-0087,87,NO,NORD,NO-MAYO-LOUTI,MAYO LOUTI,NO-MAYO-LOUTI-GUIDER,GUIDER,ESPL CHEF DJABBIRE RAOU / A,244,DJABBIRE RAOU,elecam-bv-2025-nord,ed7c6f61ed768f476930d07461bdacdfd1e3d7ea9b33879d187b85edc2d8200b,needs_review,340,340,92823,92923,100
ELECAM-2025-NO-MAYO-LOUTI-GUIDER-0088,88,NO,NORD,NO-MAYO-LOUTI,MAYO LOUTI,NO-MAYO-LOUTI-GUIDER,GUIDER,EP DJABI / A,347,DJABI,elecam-bv-2025-nord,ed7c6f61ed768f476930d07461bdacdfd1e3d7ea9b33879d187b85edc2d8200b,needs_review,340,340,92823,92923,100
ELECAM-2025-NO-MAYO-LOUTI-GUIDER-0089,89,NO,NORD,NO-MAYO-LOUTI,MAYO LOUTI,NO-MAYO-LOUTI-GUIDER,GUIDER,EP DJABI / B,290,DJABI,elecam-bv-2025-nord,ed7c6f61ed768f476930d07461bdacdfd1e3d7ea9b33879d187b85edc2d8200b,needs_review,340,340,92823,92923,100
ELECAM-2025-NO-MAYO-LOUTI-GUIDER-0090,90,NO,NORD,NO-MAYO-LOUTI,MAYO LOUTI,NO-MAYO-LOUTI-GUIDER,GUIDER,EP DJABI / C,377,DJABI,elecam-bv-2025-nord,ed7c6f61ed768f476930d07461bdacdfd1e3d7ea9b33879d187b85edc2d8200b,needs_review,340,340,92823,92923,100
ELECAM-2025-NO-MAYO-LOUTI-GUIDER-0091,91,NO,NORD,NO-MAYO-LOUTI,MAYO LOUTI,NO-MAYO-LOUTI-GUIDER,GUIDER,EP DJAMBOUTOU / A,370,DJAMBOUTOU,elecam-bv-2025-nord,ed7c6f61ed768f476930d07461bdacdfd1e3d7ea9b33879d187b85edc2d8200b,needs_review,340,340,92823,92923,100
ELECAM-2025-NO-MAYO-LOUTI-GUIDER-0092,92,NO,NORD,NO-MAYO-LOUTI,MAYO LOUTI,NO-MAYO-LOUTI-GUIDER,GUIDER,EP DJAMBOUTOU / B,370,DJAMBOUTOU,elecam-bv-2025-nord,ed7c6f61ed768f476930d07461bdacdfd1e3d7ea9b33879d187b85edc2d8200b,needs_review,340,340,92823,92923,100
ELECAM-2025-NO-MAYO-LOUTI-GUIDER-0093,93,NO,NORD,NO-MAYO-LOUTI,MAYO LOUTI,NO-MAYO-LOUTI-GUIDER,GUIDER,ESPL CHEF DJAMTARI / A,325,DJAMTARI,elecam-bv-2025-nord,ed7c6f61ed768f476930d07461bdacdfd1e3d7ea9b33879d187b85edc2d8200b,needs_review,340,340,92823,92923,100
ELECAM-2025-NO-MAYO-LOUTI-GUIDER-0094,94,NO,NORD,NO-MAYO-LOUTI,MAYO LOUTI,NO-MAYO-LOUTI-GUIDER,GUIDER,EP GARA GUIDER / A,294,DJARA,elecam-bv-2025-nord,ed7c6f61ed768f476930d07461bdacdfd1e3d7ea9b33879d187b85edc2d8200b,needs_review,340,340,92823,92923,100
ELECAM-2025-NO-MAYO-LOUTI-GUIDER-0095,95,NO,NORD,NO-MAYO-LOUTI,MAYO LOUTI,NO-MAYO-LOUTI-GUIDER,GUIDER,EP GARA GUIDER / B,312,DJARA,elecam-bv-2025-nord,ed7c6f61ed768f476930d07461bdacdfd1e3d7ea9b33879d187b85edc2d8200b,needs_review,340,340,92823,92923,100
ELECAM-2025-NO-MAYO-LOUTI-GUIDER-0096,96,NO,NORD,NO-MAYO-LOUTI,MAYO LOUTI,NO-MAYO-LOUTI-GUIDER,GUIDER,ESPL CHEF DJARENGOL / A,320,DJARENGOL,elecam-bv-2025-nord,ed7c6f61ed768f476930d07461bdacdfd1e3d7ea9b33879d187b85edc2d8200b,needs_review,340,340,92823,92923,100
ELECAM-2025-NO-MAYO-LOUTI-GUIDER-0097,97,NO,NORD,NO-MAYO-LOUTI,MAYO LOUTI,NO-MAYO-LOUTI-GUIDER,GUIDER,ESPL CHEF PAPRENKI / A,294,DJARENGOL LIBE,elecam-bv-2025-nord,ed7c6f61ed768f476930d07461bdacdfd1e3d7ea9b33879d187b85edc2d8200b,needs_review,340,340,92823,92923,100
ELECAM-2025-NO-MAYO-LOUTI-GUIDER-0098,98,NO,NORD,NO-MAYO-LOUTI,MAYO LOUTI,NO-MAYO-LOUTI-GUIDER,GUIDER,EP OURO ALHADJI / A,443,DJEDJENGUE,elecam-bv-2025-nord,ed7c6f61ed768f476930d07461bdacdfd1e3d7ea9b33879d187b85edc2d8200b,needs_review,340,340,92823,92923,100
ELECAM-2025-NO-MAYO-LOUTI-GUIDER-0099,99,NO,NORD,NO-MAYO-LOUTI,MAYO LOUTI,NO-MAYO-LOUTI-GUIDER,GUIDER,EP OURO ALHADJI / B,283,DJEDJENGUE,elecam-bv-2025-nord,ed7c6f61ed768f476930d07461bdacdfd1e3d7ea9b33879d187b85edc2d8200b,needs_review,340,340,92823,92923,100
ELECAM-2025-NO-MAYO-LOUTI-GUIDER-0100,100,NO,NORD,NO-MAYO-LOUTI,MAYO LOUTI,NO-MAYO-LOUTI-GUIDER,GUIDER,ESPL CHEF MOUKOI / A,238,DJIBAOU,elecam-bv-2025-nord,ed7c6f61ed768f476930d07461bdacdfd1e3d7ea9b33879d187b85edc2d8200b,needs_review,340,340,92823,92923,100
ELECAM-2025-NO-MAYO-LOUTI-GUIDER-0101,101,NO,NORD,NO-MAYO-LOUTI,MAYO LOUTI,NO-MAYO-LOUTI-GUIDER,GUIDER,ESPL CHEF GOULDANWOL / A,142,DJIMTEL,elecam-bv-2025-nord,ed7c6f61ed768f476930d07461bdacdfd1e3d7ea9b33879d187b85edc2d8200b,needs_review,340,340,92823,92923,100
ELECAM-2025-NO-MAYO-LOUTI-GUIDER-0102,102,NO,NORD,NO-MAYO-LOUTI,MAYO LOUTI,NO-MAYO-LOUTI-GUIDER,GUIDER,EP DJOMA BOKO / A,425,DJOMA BOKO,elecam-bv-2025-nord,ed7c6f61ed768f476930d07461bdacdfd1e3d7ea9b33879d187b85edc2d8200b,needs_review,340,340,92823,92923,100
ELECAM-2025-NO-MAYO-LOUTI-GUIDER-0103,103,NO,NORD,NO-MAYO-LOUTI,MAYO LOUTI,NO-MAYO-LOUTI-GUIDER,GUIDER,EP DJOMA BOKO / B,65,DJOMA BOKO,elecam-bv-2025-nord,ed7c6f61ed768f476930d07461bdacdfd1e3d7ea9b33879d187b85edc2d8200b,needs_review,340,340,92823,92923,100
ELECAM-2025-NO-MAYO-LOUTI-GUIDER-0104,104,NO,NORD,NO-MAYO-LOUTI,MAYO LOUTI,NO-MAYO-LOUTI-GUIDER,GUIDER,ESPL CHEF DJOUNDE / A,254,DJOUNDE,elecam-bv-2025-nord,ed7c6f61ed768f476930d07461bdacdfd1e3d7ea9b33879d187b85edc2d8200b,needs_review,340,340,92823,92923,100
ELECAM-2025-NO-MAYO-LOUTI-GUIDER-0105,105,NO,NORD,NO-MAYO-LOUTI,MAYO LOUTI,NO-MAYO-LOUTI-GUIDER,GUIDER,EP MAYO MALAO / A,235,DOKOYOUM,elecam-bv-2025-nord,ed7c6f61ed768f476930d07461bdacdfd1e3d7ea9b33879d187b85edc2d8200b,needs_review,340,340,92823,92923,100
ELECAM-2025-NO-MAYO-LOUTI-GUIDER-0106,106,NO,NORD,NO-MAYO-LOUTI,MAYO LOUTI,NO-MAYO-LOUTI-GUIDER,GUIDER,ESPL CHEF DOUBAS / A,301,DOUBAS,elecam-bv-2025-nord,ed7c6f61ed768f476930d07461bdacdfd1e3d7ea9b33879d187b85edc2d8200b,needs_review,340,340,92823,92923,100
ELECAM-2025-NO-MAYO-LOUTI-GUIDER-0107,107,NO,NORD,NO-MAYO-LOUTI,MAYO LOUTI,NO-MAYO-LOUTI-GUIDER,GUIDER,ESPL CHEF DOUBI / A,364,DOUBI,elecam-bv-2025-nord,ed7c6f61ed768f476930d07461bdacdfd1e3d7ea9b33879d187b85edc2d8200b,needs_review,340,340,92823,92923,100
ELECAM-2025-NO-MAYO-LOUTI-GUIDER-0108,108,NO,NORD,NO-MAYO-LOUTI,MAYO LOUTI,NO-MAYO-LOUTI-GUIDER,GUIDER,ESPL CHEF DOBOULWOY / A,145,DOUBOULWOUY,elecam-bv-2025-nord,ed7c6f61ed768f476930d07461bdacdfd1e3d7ea9b33879d187b85edc2d8200b,needs_review,340,340,92823,92923,100
ELECAM-2025-NO-MAYO-LOUTI-GUIDER-0109,109,NO,NORD,NO-MAYO-LOUTI,MAYO LOUTI,NO-MAYO-LOUTI-GUIDER,GUIDER,ESPL CHEF GADA KORGOU / A,396,GADA KORGOU,elecam-bv-2025-nord,ed7c6f61ed768f476930d07461bdacdfd1e3d7ea9b33879d187b85edc2d8200b,needs_review,340,340,92823,92923,100
ELECAM-2025-NO-MAYO-LOUTI-GUIDER-0110,110,NO,NORD,NO-MAYO-LOUTI,MAYO LOUTI,NO-MAYO-LOUTI-GUIDER,GUIDER,ESPL CHEF GADA KORGOU / B,134,GADA KORGOU,elecam-bv-2025-nord,ed7c6f61ed768f476930d07461bdacdfd1e3d7ea9b33879d187b85edc2d8200b,needs_review,340,340,92823,92923,100
ELECAM-2025-NO-MAYO-LOUTI-GUIDER-0111,111,NO,NORD,NO-MAYO-LOUTI,MAYO LOUTI,NO-MAYO-LOUTI-GUIDER,GUIDER,EP GALAO / A,348,GALAO,elecam-bv-2025-nord,ed7c6f61ed768f476930d07461bdacdfd1e3d7ea9b33879d187b85edc2d8200b,needs_review,340,340,92823,92923,100
ELECAM-2025-NO-MAYO-LOUTI-GUIDER-0112,112,NO,NORD,NO-MAYO-LOUTI,MAYO LOUTI,NO-MAYO-LOUTI-GUIDER,GUIDER,EP GANDA GOLOMBE / A,356,GANDA GOLOMBE,elecam-bv-2025-nord,ed7c6f61ed768f476930d07461bdacdfd1e3d7ea9b33879d187b85edc2d8200b,needs_review,340,340,92823,92923,100
ELECAM-2025-NO-MAYO-LOUTI-GUIDER-0113,113,NO,NORD,NO-MAYO-LOUTI,MAYO LOUTI,NO-MAYO-LOUTI-GUIDER,GUIDER,ESPL CHEF SEBORE BAILA / A,195,GAOUDALI,elecam-bv-2025-nord,ed7c6f61ed768f476930d07461bdacdfd1e3d7ea9b33879d187b85edc2d8200b,needs_review,340,340,92823,92923,100
ELECAM-2025-NO-MAYO-LOUTI-GUIDER-0114,114,NO,NORD,NO-MAYO-LOUTI,MAYO LOUTI,NO-MAYO-LOUTI-GUIDER,GUIDER,EP GARA GOLOMBE / A,445,GARA GOLOMBE,elecam-bv-2025-nord,ed7c6f61ed768f476930d07461bdacdfd1e3d7ea9b33879d187b85edc2d8200b,needs_review,340,340,92823,92923,100
ELECAM-2025-NO-MAYO-LOUTI-GUIDER-0115,115,NO,NORD,NO-MAYO-LOUTI,MAYO LOUTI,NO-MAYO-LOUTI-GUIDER,GUIDER,EP GARA GOLOMBE / B,78,GARA GOLOMBE,elecam-bv-2025-nord,ed7c6f61ed768f476930d07461bdacdfd1e3d7ea9b33879d187b85edc2d8200b,needs_review,340,340,92823,92923,100
ELECAM-2025-NO-MAYO-LOUTI-GUIDER-0116,116,NO,NORD,NO-MAYO-LOUTI,MAYO LOUTI,NO-MAYO-LOUTI-GUIDER,GUIDER,EP GAVAL / A,333,GAVAL,elecam-bv-2025-nord,ed7c6f61ed768f476930d07461bdacdfd1e3d7ea9b33879d187b85edc2d8200b,needs_review,340,340,92823,92923,100
ELECAM-2025-NO-MAYO-LOUTI-GUIDER-0117,117,NO,NORD,NO-MAYO-LOUTI,MAYO LOUTI,NO-MAYO-LOUTI-GUIDER,GUIDER,EP GAVAL / B,75,GAVAL,elecam-bv-2025-nord,ed7c6f61ed768f476930d07461bdacdfd1e3d7ea9b33879d187b85edc2d8200b,needs_review,340,340,92823,92923,100
ELECAM-2025-NO-MAYO-LOUTI-GUIDER-0118,118,NO,NORD,NO-MAYO-LOUTI,MAYO LOUTI,NO-MAYO-LOUTI-GUIDER,GUIDER,ESPL CHEF GAVAL LAWAN TODOU / A,310,GAVAL LAWAN TODOU,elecam-bv-2025-nord,ed7c6f61ed768f476930d07461bdacdfd1e3d7ea9b33879d187b85edc2d8200b,needs_review,340,340,92823,92923,100
ELECAM-2025-NO-MAYO-LOUTI-GUIDER-0119,119,NO,NORD,NO-MAYO-LOUTI,MAYO LOUTI,NO-MAYO-LOUTI-GUIDER,GUIDER,ESPL CHEF GAVAL LAWAN TODOU / B,66,GAVAL LAWAN TODOU,elecam-bv-2025-nord,ed7c6f61ed768f476930d07461bdacdfd1e3d7ea9b33879d187b85edc2d8200b,needs_review,340,340,92823,92923,100
ELECAM-2025-NO-MAYO-LOUTI-GUIDER-0120,120,NO,NORD,NO-MAYO-LOUTI,MAYO LOUTI,NO-MAYO-LOUTI-GUIDER,GUIDER,ESPL CHEF GOLOMBE / A,404,GOLOMBE,elecam-bv-2025-nord,ed7c6f61ed768f476930d07461bdacdfd1e3d7ea9b33879d187b85edc2d8200b,needs_review,340,340,92823,92923,100
ELECAM-2025-NO-MAYO-LOUTI-GUIDER-0121,121,NO,NORD,NO-MAYO-LOUTI,MAYO LOUTI,NO-MAYO-LOUTI-GUIDER,GUIDER,ESPL CHEF GOLOMBE / B,191,GOLOMBE,elecam-bv-2025-nord,ed7c6f61ed768f476930d07461bdacdfd1e3d7ea9b33879d187b85edc2d8200b,needs_review,340,340,92823,92923,100
ELECAM-2025-NO-MAYO-LOUTI-GUIDER-0122,122,NO,NORD,NO-MAYO-LOUTI,MAYO LOUTI,NO-MAYO-LOUTI-GUIDER,GUIDER,ESPL CHEF GOLOMO / A,242,GOLOMO,elecam-bv-2025-nord,ed7c6f61ed768f476930d07461bdacdfd1e3d7ea9b33879d187b85edc2d8200b,needs_review,340,340,92823,92923,100
ELECAM-2025-NO-MAYO-LOUTI-GUIDER-0123,123,NO,NORD,NO-MAYO-LOUTI,MAYO LOUTI,NO-MAYO-LOUTI-GUIDER,GUIDER,EP MALWOY / A,393,GOLVONG,elecam-bv-2025-nord,ed7c6f61ed768f476930d07461bdacdfd1e3d7ea9b33879d187b85edc2d8200b,needs_review,340,340,92823,92923,100
ELECAM-2025-NO-MAYO-LOUTI-GUIDER-0124,124,NO,NORD,NO-MAYO-LOUTI,MAYO LOUTI,NO-MAYO-LOUTI-GUIDER,GUIDER,EP MALWOY / B,55,GOLVONG,elecam-bv-2025-nord,ed7c6f61ed768f476930d07461bdacdfd1e3d7ea9b33879d187b85edc2d8200b,needs_review,340,340,92823,92923,100
ELECAM-2025-NO-MAYO-LOUTI-GUIDER-0125,125,NO,NORD,NO-MAYO-LOUTI,MAYO LOUTI,NO-MAYO-LOUTI-GUIDER,GUIDER,EP GOROM / A,398,GOROM,elecam-bv-2025-nord,ed7c6f61ed768f476930d07461bdacdfd1e3d7ea9b33879d187b85edc2d8200b,needs_review,340,340,92823,92923,100
ELECAM-2025-NO-MAYO-LOUTI-GUIDER-0126,126,NO,NORD,NO-MAYO-LOUTI,MAYO LOUTI,NO-MAYO-LOUTI-GUIDER,GUIDER,EP GOROM / B,111,GOROM,elecam-bv-2025-nord,ed7c6f61ed768f476930d07461bdacdfd1e3d7ea9b33879d187b85edc2d8200b,needs_review,340,340,92823,92923,100
ELECAM-2025-NO-MAYO-LOUTI-GUIDER-0127,127,NO,NORD,NO-MAYO-LOUTI,MAYO LOUTI,NO-MAYO-LOUTI-GUIDER,GUIDER,ESPL CHEF GORTONG / A,209,GORTONG,elecam-bv-2025-nord,ed7c6f61ed768f476930d07461bdacdfd1e3d7ea9b33879d187b85edc2d8200b,needs_review,340,340,92823,92923,100
ELECAM-2025-NO-MAYO-LOUTI-GUIDER-0128,128,NO,NORD,NO-MAYO-LOUTI,MAYO LOUTI,NO-MAYO-LOUTI-GUIDER,GUIDER,EP MOKORVONG / A,438,GOUDACK,elecam-bv-2025-nord,ed7c6f61ed768f476930d07461bdacdfd1e3d7ea9b33879d187b85edc2d8200b,needs_review,340,340,92823,92923,100
ELECAM-2025-NO-MAYO-LOUTI-GUIDER-0129,129,NO,NORD,NO-MAYO-LOUTI,MAYO LOUTI,NO-MAYO-LOUTI-GUIDER,GUIDER,EP MOKORVONG / B,74,GOUDACK,elecam-bv-2025-nord,ed7c6f61ed768f476930d07461bdacdfd1e3d7ea9b33879d187b85edc2d8200b,needs_review,340,340,92823,92923,100
ELECAM-2025-NO-MAYO-LOUTI-GUIDER-0130,130,NO,NORD,NO-MAYO-LOUTI,MAYO LOUTI,NO-MAYO-LOUTI-GUIDER,GUIDER,EP NDIAM ETINA / A,306,GOUFOURE,elecam-bv-2025-nord,ed7c6f61ed768f476930d07461bdacdfd1e3d7ea9b33879d187b85edc2d8200b,needs_review,340,340,92823,92923,100
ELECAM-2025-NO-MAYO-LOUTI-GUIDER-0131,131,NO,NORD,NO-MAYO-LOUTI,MAYO LOUTI,NO-MAYO-LOUTI-GUIDER,GUIDER,EP NDIAM ETINA / B,294,GOUFOURE,elecam-bv-2025-nord,ed7c6f61ed768f476930d07461bdacdfd1e3d7ea9b33879d187b85edc2d8200b,needs_review,340,340,92823,92923,100
ELECAM-2025-NO-MAYO-LOUTI-GUIDER-0132,132,NO,NORD,NO-MAYO-LOUTI,MAYO LOUTI,NO-MAYO-LOUTI-GUIDER,GUIDER,EP GOULONG FALI / A,402,GOULONG FALI,elecam-bv-2025-nord,ed7c6f61ed768f476930d07461bdacdfd1e3d7ea9b33879d187b85edc2d8200b,needs_review,340,340,92823,92923,100
ELECAM-2025-NO-MAYO-LOUTI-GUIDER-0133,133,NO,NORD,NO-MAYO-LOUTI,MAYO LOUTI,NO-MAYO-LOUTI-GUIDER,GUIDER,EP GOULONG FALI / B,118,GOULONG FALI,elecam-bv-2025-nord,ed7c6f61ed768f476930d07461bdacdfd1e3d7ea9b33879d187b85edc2d8200b,needs_review,340,340,92823,92923,100
ELECAM-2025-NO-MAYO-LOUTI-GUIDER-0134,134,NO,NORD,NO-MAYO-LOUTI,MAYO LOUTI,NO-MAYO-LOUTI-GUIDER,GUIDER,EP GUEZEOU / A,417,GUEZEOU,elecam-bv-2025-nord,ed7c6f61ed768f476930d07461bdacdfd1e3d7ea9b33879d187b85edc2d8200b,needs_review,340,340,92823,92923,100
ELECAM-2025-NO-MAYO-LOUTI-GUIDER-0135,135,NO,NORD,NO-MAYO-LOUTI,MAYO LOUTI,NO-MAYO-LOUTI-GUIDER,GUIDER,ESPL CHEF GUIRLAO / A,103,GUIRLAO,elecam-bv-2025-nord,ed7c6f61ed768f476930d07461bdacdfd1e3d7ea9b33879d187b85edc2d8200b,needs_review,340,340,92823,92923,100
ELECAM-2025-NO-MAYO-LOUTI-GUIDER-0136,136,NO,NORD,NO-MAYO-LOUTI,MAYO LOUTI,NO-MAYO-LOUTI-GUIDER,GUIDER,EP HERI / A,281,HERI,elecam-bv-2025-nord,ed7c6f61ed768f476930d07461bdacdfd1e3d7ea9b33879d187b85edc2d8200b,needs_review,340,340,92823,92923,100
ELECAM-2025-NO-MAYO-LOUTI-GUIDER-0137,137,NO,NORD,NO-MAYO-LOUTI,MAYO LOUTI,NO-MAYO-LOUTI-GUIDER,GUIDER,EP HERI / B,283,HERI,elecam-bv-2025-nord,ed7c6f61ed768f476930d07461bdacdfd1e3d7ea9b33879d187b85edc2d8200b,needs_review,340,340,92823,92923,100
ELECAM-2025-NO-MAYO-LOUTI-GUIDER-0138,138,NO,NORD,NO-MAYO-LOUTI,MAYO LOUTI,NO-MAYO-LOUTI-GUIDER,GUIDER,HAGAR CHEFFERIE HERIYEL / A,89,HERIYEL,elecam-bv-2025-nord,ed7c6f61ed768f476930d07461bdacdfd1e3d7ea9b33879d187b85edc2d8200b,needs_review,340,340,92823,92923,100
ELECAM-2025-NO-MAYO-LOUTI-GUIDER-0139,139,NO,NORD,NO-MAYO-LOUTI,MAYO LOUTI,NO-MAYO-LOUTI-GUIDER,GUIDER,ESPL CHEF KORAKE / A,435,KADJONKA,elecam-bv-2025-nord,ed7c6f61ed768f476930d07461bdacdfd1e3d7ea9b33879d187b85edc2d8200b,needs_review,340,340,92823,92923,100
ELECAM-2025-NO-MAYO-LOUTI-GUIDER-0140,140,NO,NORD,NO-MAYO-LOUTI,MAYO LOUTI,NO-MAYO-LOUTI-GUIDER,GUIDER,ESPL CHEF KORAKE / B,14,KADJONKA,elecam-bv-2025-nord,ed7c6f61ed768f476930d07461bdacdfd1e3d7ea9b33879d187b85edc2d8200b,needs_review,340,340,92823,92923,100
ELECAM-2025-NO-MAYO-LOUTI-GUIDER-0141,141,NO,NORD,NO-MAYO-LOUTI,MAYO LOUTI,NO-MAYO-LOUTI-GUIDER,GUIDER,EP KAFINAROU / A,235,KAFINAROU,elecam-bv-2025-nord,ed7c6f61ed768f476930d07461bdacdfd1e3d7ea9b33879d187b85edc2d8200b,needs_review,340,340,92823,92923,100
ELECAM-2025-NO-MAYO-LOUTI-GUIDER-0142,142,NO,NORD,NO-MAYO-LOUTI,MAYO LOUTI,NO-MAYO-LOUTI-GUIDER,GUIDER,EP KAIGAMA / A,413,KAIGAMA,elecam-bv-2025-nord,ed7c6f61ed768f476930d07461bdacdfd1e3d7ea9b33879d187b85edc2d8200b,needs_review,340,340,92823,92923,100
ELECAM-2025-NO-MAYO-LOUTI-GUIDER-0143,143,NO,NORD,NO-MAYO-LOUTI,MAYO LOUTI,NO-MAYO-LOUTI-GUIDER,GUIDER,EP KAIGAMA / B,338,KAIGAMA,elecam-bv-2025-nord,ed7c6f61ed768f476930d07461bdacdfd1e3d7ea9b33879d187b85edc2d8200b,needs_review,340,340,92823,92923,100
ELECAM-2025-NO-MAYO-LOUTI-GUIDER-0144,144,NO,NORD,NO-MAYO-LOUTI,MAYO LOUTI,NO-MAYO-LOUTI-GUIDER,GUIDER,EP KAIGAMA / C,319,KAIGAMA,elecam-bv-2025-nord,ed7c6f61ed768f476930d07461bdacdfd1e3d7ea9b33879d187b85edc2d8200b,needs_review,340,340,92823,92923,100
ELECAM-2025-NO-MAYO-LOUTI-GUIDER-0145,145,NO,NORD,NO-MAYO-LOUTI,MAYO LOUTI,NO-MAYO-LOUTI-GUIDER,GUIDER,EP KAIGAMA / D,317,KAIGAMA,elecam-bv-2025-nord,ed7c6f61ed768f476930d07461bdacdfd1e3d7ea9b33879d187b85edc2d8200b,needs_review,340,340,92823,92923,100
ELECAM-2025-NO-MAYO-LOUTI-GUIDER-0146,146,NO,NORD,NO-MAYO-LOUTI,MAYO LOUTI,NO-MAYO-LOUTI-GUIDER,GUIDER,EP KAIGAMA / E,299,KAIGAMA,elecam-bv-2025-nord,ed7c6f61ed768f476930d07461bdacdfd1e3d7ea9b33879d187b85edc2d8200b,needs_review,340,340,92823,92923,100
ELECAM-2025-NO-MAYO-LOUTI-GUIDER-0147,147,NO,NORD,NO-MAYO-LOUTI,MAYO LOUTI,NO-MAYO-LOUTI-GUIDER,GUIDER,EP KAIGAMA / F,307,KAIGAMA,elecam-bv-2025-nord,ed7c6f61ed768f476930d07461bdacdfd1e3d7ea9b33879d187b85edc2d8200b,needs_review,340,340,92823,92923,100
ELECAM-2025-NO-MAYO-LOUTI-GUIDER-0148,148,NO,NORD,NO-MAYO-LOUTI,MAYO LOUTI,NO-MAYO-LOUTI-GUIDER,GUIDER,ESPL CHEF KAIGAMA III / A,362,KAIGAMA,elecam-bv-2025-nord,ed7c6f61ed768f476930d07461bdacdfd1e3d7ea9b33879d187b85edc2d8200b,needs_review,340,340,92823,92923,100
ELECAM-2025-NO-MAYO-LOUTI-GUIDER-0149,149,NO,NORD,NO-MAYO-LOUTI,MAYO LOUTI,NO-MAYO-LOUTI-GUIDER,GUIDER,ESPL CHEF KAIGAMA III / B,312,KAIGAMA,elecam-bv-2025-nord,ed7c6f61ed768f476930d07461bdacdfd1e3d7ea9b33879d187b85edc2d8200b,needs_review,340,340,92823,92923,100
ELECAM-2025-NO-MAYO-LOUTI-GUIDER-0150,150,NO,NORD,NO-MAYO-LOUTI,MAYO LOUTI,NO-MAYO-LOUTI-GUIDER,GUIDER,ESPL CHEF KAIGAMA IV / A,410,KAIGAMA,elecam-bv-2025-nord,ed7c6f61ed768f476930d07461bdacdfd1e3d7ea9b33879d187b85edc2d8200b,needs_review,340,340,92823,92923,100
ELECAM-2025-NO-MAYO-LOUTI-GUIDER-0151,151,NO,NORD,NO-MAYO-LOUTI,MAYO LOUTI,NO-MAYO-LOUTI-GUIDER,GUIDER,ESPL CHEF KAIGAMA IV / B,44,KAIGAMA,elecam-bv-2025-nord,ed7c6f61ed768f476930d07461bdacdfd1e3d7ea9b33879d187b85edc2d8200b,needs_review,340,340,92823,92923,100
ELECAM-2025-NO-MAYO-LOUTI-GUIDER-0152,152,NO,NORD,NO-MAYO-LOUTI,MAYO LOUTI,NO-MAYO-LOUTI-GUIDER,GUIDER,EP KAKALA / A,280,KAKALA,elecam-bv-2025-nord,ed7c6f61ed768f476930d07461bdacdfd1e3d7ea9b33879d187b85edc2d8200b,needs_review,340,340,92823,92923,100
ELECAM-2025-NO-MAYO-LOUTI-GUIDER-0153,153,NO,NORD,NO-MAYO-LOUTI,MAYO LOUTI,NO-MAYO-LOUTI-GUIDER,GUIDER,EP KAKALA / B,275,KAKALA,elecam-bv-2025-nord,ed7c6f61ed768f476930d07461bdacdfd1e3d7ea9b33879d187b85edc2d8200b,needs_review,340,340,92823,92923,100
ELECAM-2025-NO-MAYO-LOUTI-GUIDER-0154,154,NO,NORD,NO-MAYO-LOUTI,MAYO LOUTI,NO-MAYO-LOUTI-GUIDER,GUIDER,ESPL CHEF KARBAY / A,206,KARMBAY,elecam-bv-2025-nord,ed7c6f61ed768f476930d07461bdacdfd1e3d7ea9b33879d187b85edc2d8200b,needs_review,340,340,92823,92923,100
ELECAM-2025-NO-MAYO-LOUTI-GUIDER-0155,155,NO,NORD,NO-MAYO-LOUTI,MAYO LOUTI,NO-MAYO-LOUTI-GUIDER,GUIDER,EP KASIER / A,270,KASIER,elecam-bv-2025-nord,ed7c6f61ed768f476930d07461bdacdfd1e3d7ea9b33879d187b85edc2d8200b,needs_review,340,340,92823,92923,100
ELECAM-2025-NO-MAYO-LOUTI-GUIDER-0156,156,NO,NORD,NO-MAYO-LOUTI,MAYO LOUTI,NO-MAYO-LOUTI-GUIDER,GUIDER,EP KASIER / B,64,KASIER,elecam-bv-2025-nord,ed7c6f61ed768f476930d07461bdacdfd1e3d7ea9b33879d187b85edc2d8200b,needs_review,340,340,92823,92923,100
ELECAM-2025-NO-MAYO-LOUTI-GUIDER-0157,157,NO,NORD,NO-MAYO-LOUTI,MAYO LOUTI,NO-MAYO-LOUTI-GUIDER,GUIDER,ESPL CHEF KEREING / A,387,KEREING,elecam-bv-2025-nord,ed7c6f61ed768f476930d07461bdacdfd1e3d7ea9b33879d187b85edc2d8200b,needs_review,340,340,92823,92923,100
ELECAM-2025-NO-MAYO-LOUTI-GUIDER-0158,158,NO,NORD,NO-MAYO-LOUTI,MAYO LOUTI,NO-MAYO-LOUTI-GUIDER,GUIDER,EP KERGUENG / A,384,KERGUENG,elecam-bv-2025-nord,ed7c6f61ed768f476930d07461bdacdfd1e3d7ea9b33879d187b85edc2d8200b,needs_review,340,340,92823,92923,100
ELECAM-2025-NO-MAYO-LOUTI-GUIDER-0159,159,NO,NORD,NO-MAYO-LOUTI,MAYO LOUTI,NO-MAYO-LOUTI-GUIDER,GUIDER,EP KERGUENG / B,365,KERGUENG,elecam-bv-2025-nord,ed7c6f61ed768f476930d07461bdacdfd1e3d7ea9b33879d187b85edc2d8200b,needs_review,340,340,92823,92923,100
ELECAM-2025-NO-MAYO-LOUTI-GUIDER-0160,160,NO,NORD,NO-MAYO-LOUTI,MAYO LOUTI,NO-MAYO-LOUTI-GUIDER,GUIDER,EP KERGUENG / C,341,KERGUENG,elecam-bv-2025-nord,ed7c6f61ed768f476930d07461bdacdfd1e3d7ea9b33879d187b85edc2d8200b,needs_review,340,340,92823,92923,100
ELECAM-2025-NO-MAYO-LOUTI-GUIDER-0161,161,NO,NORD,NO-MAYO-LOUTI,MAYO LOUTI,NO-MAYO-LOUTI-GUIDER,GUIDER,EP KERGUENG / D,99,KERGUENG,elecam-bv-2025-nord,ed7c6f61ed768f476930d07461bdacdfd1e3d7ea9b33879d187b85edc2d8200b,needs_review,340,340,92823,92923,100
ELECAM-2025-NO-MAYO-LOUTI-GUIDER-0162,162,NO,NORD,NO-MAYO-LOUTI,MAYO LOUTI,NO-MAYO-LOUTI-GUIDER,GUIDER,ESPL CHEF KERGUENG / A,425,DOUROUM,elecam-bv-2025-nord,ed7c6f61ed768f476930d07461bdacdfd1e3d7ea9b33879d187b85edc2d8200b,needs_review,340,340,92823,92923,100
ELECAM-2025-NO-MAYO-LOUTI-GUIDER-0163,163,NO,NORD,NO-MAYO-LOUTI,MAYO LOUTI,NO-MAYO-LOUTI-GUIDER,GUIDER,ESPL CHEF KERGUENG / B,429,DOUROUM,elecam-bv-2025-nord,ed7c6f61ed768f476930d07461bdacdfd1e3d7ea9b33879d187b85edc2d8200b,needs_review,340,340,92823,92923,100
ELECAM-2025-NO-MAYO-LOUTI-GUIDER-0164,164,NO,NORD,NO-MAYO-LOUTI,MAYO LOUTI,NO-MAYO-LOUTI-GUIDER,GUIDER,ESPL CHEF KERGUENG / C,90,DOUROUM,elecam-bv-2025-nord,ed7c6f61ed768f476930d07461bdacdfd1e3d7ea9b33879d187b85edc2d8200b,needs_review,340,340,92823,92923,100
ELECAM-2025-NO-MAYO-LOUTI-GUIDER-0165,165,NO,NORD,NO-MAYO-LOUTI,MAYO LOUTI,NO-MAYO-LOUTI-GUIDER,GUIDER,EP MATAIBAO / A,316,KIRIRAMBO,elecam-bv-2025-nord,ed7c6f61ed768f476930d07461bdacdfd1e3d7ea9b33879d187b85edc2d8200b,needs_review,340,340,92823,92923,100
ELECAM-2025-NO-MAYO-LOUTI-GUIDER-0166,166,NO,NORD,NO-MAYO-LOUTI,MAYO LOUTI,NO-MAYO-LOUTI-GUIDER,GUIDER,EP MATAIBAO / B,325,KIRIRAMBO,elecam-bv-2025-nord,ed7c6f61ed768f476930d07461bdacdfd1e3d7ea9b33879d187b85edc2d8200b,needs_review,340,340,92823,92923,100
ELECAM-2025-NO-MAYO-LOUTI-GUIDER-0167,167,NO,NORD,NO-MAYO-LOUTI,MAYO LOUTI,NO-MAYO-LOUTI-GUIDER,GUIDER,ESPL CHEF KOINA MAIGARI / A,373,KOINA MAIGARI,elecam-bv-2025-nord,ed7c6f61ed768f476930d07461bdacdfd1e3d7ea9b33879d187b85edc2d8200b,needs_review,340,340,92823,92923,100
ELECAM-2025-NO-MAYO-LOUTI-GUIDER-0168,168,NO,NORD,NO-MAYO-LOUTI,MAYO LOUTI,NO-MAYO-LOUTI-GUIDER,GUIDER,EP KOINA MESSINGUE / A,382,KOINA MESSENGUE,elecam-bv-2025-nord,ed7c6f61ed768f476930d07461bdacdfd1e3d7ea9b33879d187b85edc2d8200b,needs_review,340,340,92823,92923,100
ELECAM-2025-NO-MAYO-LOUTI-GUIDER-0169,169,NO,NORD,NO-MAYO-LOUTI,MAYO LOUTI,NO-MAYO-LOUTI-GUIDER,GUIDER,EP KOINA MESSINGUE / B,78,KOINA MESSENGUE,elecam-bv-2025-nord,ed7c6f61ed768f476930d07461bdacdfd1e3d7ea9b33879d187b85edc2d8200b,needs_review,340,340,92823,92923,100
ELECAM-2025-NO-MAYO-LOUTI-GUIDER-0170,170,NO,NORD,NO-MAYO-LOUTI,MAYO LOUTI,NO-MAYO-LOUTI-GUIDER,GUIDER,EP MINDJIWA / A,366,KONA,elecam-bv-2025-nord,ed7c6f61ed768f476930d07461bdacdfd1e3d7ea9b33879d187b85edc2d8200b,needs_review,340,340,92823,92923,100
ELECAM-2025-NO-MAYO-LOUTI-GUIDER-0171,171,NO,NORD,NO-MAYO-LOUTI,MAYO LOUTI,NO-MAYO-LOUTI-GUIDER,GUIDER,EP MINDJIWA / B,321,KONA,elecam-bv-2025-nord,ed7c6f61ed768f476930d07461bdacdfd1e3d7ea9b33879d187b85edc2d8200b,needs_review,340,340,92823,92923,100
ELECAM-2025-NO-MAYO-LOUTI-GUIDER-0172,172,NO,NORD,NO-MAYO-LOUTI,MAYO LOUTI,NO-MAYO-LOUTI-GUIDER,GUIDER,ESPL CHEF OURO BAMO / A,334,KONA MATHIEU,elecam-bv-2025-nord,ed7c6f61ed768f476930d07461bdacdfd1e3d7ea9b33879d187b85edc2d8200b,needs_review,340,340,92823,92923,100
ELECAM-2025-NO-MAYO-LOUTI-GUIDER-0173,173,NO,NORD,NO-MAYO-LOUTI,MAYO LOUTI,NO-MAYO-LOUTI-GUIDER,GUIDER,ESPL CHEF OURO BAMO / B,144,KONA MATHIEU,elecam-bv-2025-nord,ed7c6f61ed768f476930d07461bdacdfd1e3d7ea9b33879d187b85edc2d8200b,needs_review,340,340,92823,92923,100
ELECAM-2025-NO-MAYO-LOUTI-GUIDER-0174,174,NO,NORD,NO-MAYO-LOUTI,MAYO LOUTI,NO-MAYO-LOUTI-GUIDER,GUIDER,EP WALEWOL GADE / A,262,KOSSEYEL DANAYEL,elecam-bv-2025-nord,ed7c6f61ed768f476930d07461bdacdfd1e3d7ea9b33879d187b85edc2d8200b,needs_review,340,340,92823,92923,100
ELECAM-2025-NO-MAYO-LOUTI-GUIDER-0175,175,NO,NORD,NO-MAYO-LOUTI,MAYO LOUTI,NO-MAYO-LOUTI-GUIDER,GUIDER,EP KOSSEYEL DJOHI / A,462,KOSSEYEL -DJOHI GUIDER,elecam-bv-2025-nord,ed7c6f61ed768f476930d07461bdacdfd1e3d7ea9b33879d187b85edc2d8200b,needs_review,340,340,92823,92923,100
ELECAM-2025-NO-MAYO-LOUTI-GUIDER-0176,176,NO,NORD,NO-MAYO-LOUTI,MAYO LOUTI,NO-MAYO-LOUTI-GUIDER,GUIDER,EP KOSSEYEL DJOHI / B,97,KOSSEYEL -DJOHI GUIDER,elecam-bv-2025-nord,ed7c6f61ed768f476930d07461bdacdfd1e3d7ea9b33879d187b85edc2d8200b,needs_review,340,340,92823,92923,100
ELECAM-2025-NO-MAYO-LOUTI-GUIDER-0177,177,NO,NORD,NO-MAYO-LOUTI,MAYO LOUTI,NO-MAYO-LOUTI-GUIDER,GUIDER,MAGASIN SODECOTON / A,293,LAKARWAR,elecam-bv-2025-nord,ed7c6f61ed768f476930d07461bdacdfd1e3d7ea9b33879d187b85edc2d8200b,needs_review,340,340,92823,92923,100
ELECAM-2025-NO-MAYO-LOUTI-GUIDER-0178,178,NO,NORD,NO-MAYO-LOUTI,MAYO LOUTI,NO-MAYO-LOUTI-GUIDER,GUIDER,ESPL CHEF LAMORDE I / A,308,LAMORDE I,elecam-bv-2025-nord,ed7c6f61ed768f476930d07461bdacdfd1e3d7ea9b33879d187b85edc2d8200b,needs_review,340,340,92823,92923,100
ELECAM-2025-NO-MAYO-LOUTI-GUIDER-0179,179,NO,NORD,NO-MAYO-LOUTI,MAYO LOUTI,NO-MAYO-LOUTI-GUIDER,GUIDER,ESPL CHEF LAMORDE I / B,312,LAMORDE I,elecam-bv-2025-nord,ed7c6f61ed768f476930d07461bdacdfd1e3d7ea9b33879d187b85edc2d8200b,needs_review,340,340,92823,92923,100
ELECAM-2025-NO-MAYO-LOUTI-GUIDER-0180,180,NO,NORD,NO-MAYO-LOUTI,MAYO LOUTI,NO-MAYO-LOUTI-GUIDER,GUIDER,ESPL CHEF LAMORDE I / C,181,LAMORDE I,elecam-bv-2025-nord,ed7c6f61ed768f476930d07461bdacdfd1e3d7ea9b33879d187b85edc2d8200b,needs_review,340,340,92823,92923,100
ELECAM-2025-NO-MAYO-LOUTI-GUIDER-0181,181,NO,NORD,NO-MAYO-LOUTI,MAYO LOUTI,NO-MAYO-LOUTI-GUIDER,GUIDER,ESPL CHEF LAMORDE II / A,332,LAMORDE II,elecam-bv-2025-nord,ed7c6f61ed768f476930d07461bdacdfd1e3d7ea9b33879d187b85edc2d8200b,needs_review,340,340,92823,92923,100
ELECAM-2025-NO-MAYO-LOUTI-GUIDER-0182,182,NO,NORD,NO-MAYO-LOUTI,MAYO LOUTI,NO-MAYO-LOUTI-GUIDER,GUIDER,ESPL CHEF LAMORDE II / B,220,LAMORDE II,elecam-bv-2025-nord,ed7c6f61ed768f476930d07461bdacdfd1e3d7ea9b33879d187b85edc2d8200b,needs_review,340,340,92823,92923,100
ELECAM-2025-NO-MAYO-LOUTI-GUIDER-0183,183,NO,NORD,NO-MAYO-LOUTI,MAYO LOUTI,NO-MAYO-LOUTI-GUIDER,GUIDER,ESPL CHEF LAMORDE III / A,368,LAMORDE III,elecam-bv-2025-nord,ed7c6f61ed768f476930d07461bdacdfd1e3d7ea9b33879d187b85edc2d8200b,needs_review,340,340,92823,92923,100
ELECAM-2025-NO-MAYO-LOUTI-GUIDER-0184,184,NO,NORD,NO-MAYO-LOUTI,MAYO LOUTI,NO-MAYO-LOUTI-GUIDER,GUIDER,ESPL CHEF LAMORDE IV / A,357,LAMORDE IV,elecam-bv-2025-nord,ed7c6f61ed768f476930d07461bdacdfd1e3d7ea9b33879d187b85edc2d8200b,needs_review,340,340,92823,92923,100
ELECAM-2025-NO-MAYO-LOUTI-GUIDER-0185,185,NO,NORD,NO-MAYO-LOUTI,MAYO LOUTI,NO-MAYO-LOUTI-GUIDER,GUIDER,ESPL CHEF LAMORDE IV / B,79,LAMORDE IV,elecam-bv-2025-nord,ed7c6f61ed768f476930d07461bdacdfd1e3d7ea9b33879d187b85edc2d8200b,needs_review,340,340,92823,92923,100
ELECAM-2025-NO-MAYO-LOUTI-GUIDER-0186,186,NO,NORD,NO-MAYO-LOUTI,MAYO LOUTI,NO-MAYO-LOUTI-GUIDER,GUIDER,ESPL CHEF LAMORDE V / A,391,LAMORDE V,elecam-bv-2025-nord,ed7c6f61ed768f476930d07461bdacdfd1e3d7ea9b33879d187b85edc2d8200b,needs_review,340,340,92823,92923,100
ELECAM-2025-NO-MAYO-LOUTI-GUIDER-0187,187,NO,NORD,NO-MAYO-LOUTI,MAYO LOUTI,NO-MAYO-LOUTI-GUIDER,GUIDER,ESPL CHEF LAMORDE V / B,198,LAMORDE V,elecam-bv-2025-nord,ed7c6f61ed768f476930d07461bdacdfd1e3d7ea9b33879d187b85edc2d8200b,needs_review,340,340,92823,92923,100
ELECAM-2025-NO-MAYO-LOUTI-GUIDER-0188,188,NO,NORD,NO-MAYO-LOUTI,MAYO LOUTI,NO-MAYO-LOUTI-GUIDER,GUIDER,EP LARBACK / A,360,LARBACK,elecam-bv-2025-nord,ed7c6f61ed768f476930d07461bdacdfd1e3d7ea9b33879d187b85edc2d8200b,needs_review,340,340,92823,92923,100
ELECAM-2025-NO-MAYO-LOUTI-GUIDER-0189,189,NO,NORD,NO-MAYO-LOUTI,MAYO LOUTI,NO-MAYO-LOUTI-GUIDER,GUIDER,EP LARBACK / B,358,LARBACK,elecam-bv-2025-nord,ed7c6f61ed768f476930d07461bdacdfd1e3d7ea9b33879d187b85edc2d8200b,needs_review,340,340,92823,92923,100
ELECAM-2025-NO-MAYO-LOUTI-GUIDER-0190,190,NO,NORD,NO-MAYO-LOUTI,MAYO LOUTI,NO-MAYO-LOUTI-GUIDER,GUIDER,EP LARBACK / C,109,LARBACK,elecam-bv-2025-nord,ed7c6f61ed768f476930d07461bdacdfd1e3d7ea9b33879d187b85edc2d8200b,needs_review,340,340,92823,92923,100
ELECAM-2025-NO-MAYO-LOUTI-GUIDER-0191,191,NO,NORD,NO-MAYO-LOUTI,MAYO LOUTI,NO-MAYO-LOUTI-GUIDER,GUIDER,EP LOMBEL / A,347,LOMBEL,elecam-bv-2025-nord,ed7c6f61ed768f476930d07461bdacdfd1e3d7ea9b33879d187b85edc2d8200b,needs_review,340,340,92823,92923,100
ELECAM-2025-NO-MAYO-LOUTI-GUIDER-0192,192,NO,NORD,NO-MAYO-LOUTI,MAYO LOUTI,NO-MAYO-LOUTI-GUIDER,GUIDER,EP LOMBEL / B,50,LOMBEL,elecam-bv-2025-nord,ed7c6f61ed768f476930d07461bdacdfd1e3d7ea9b33879d187b85edc2d8200b,needs_review,340,340,92823,92923,100
ELECAM-2025-NO-MAYO-LOUTI-GUIDER-0193,193,NO,NORD,NO-MAYO-LOUTI,MAYO LOUTI,NO-MAYO-LOUTI-GUIDER,GUIDER,ESPL CHEF LOUGGUERE WALA / A,156,LOUGGA DJABE,elecam-bv-2025-nord,ed7c6f61ed768f476930d07461bdacdfd1e3d7ea9b33879d187b85edc2d8200b,needs_review,340,340,92823,92923,100
ELECAM-2025-NO-MAYO-LOUTI-GUIDER-0194,194,NO,NORD,NO-MAYO-LOUTI,MAYO LOUTI,NO-MAYO-LOUTI-GUIDER,GUIDER,ESPL CHEF WALDE BORORO / A,281,LOUGGA DJABE WALDE BORORO,elecam-bv-2025-nord,ed7c6f61ed768f476930d07461bdacdfd1e3d7ea9b33879d187b85edc2d8200b,needs_review,340,340,92823,92923,100
ELECAM-2025-NO-MAYO-LOUTI-GUIDER-0195,195,NO,NORD,NO-MAYO-LOUTI,MAYO LOUTI,NO-MAYO-LOUTI-GUIDER,GUIDER,EP LOUGGUERE / A,425,LOUGGUERE CENTRE,elecam-bv-2025-nord,ed7c6f61ed768f476930d07461bdacdfd1e3d7ea9b33879d187b85edc2d8200b,needs_review,340,340,92823,92923,100
ELECAM-2025-NO-MAYO-LOUTI-GUIDER-0196,196,NO,NORD,NO-MAYO-LOUTI,MAYO LOUTI,NO-MAYO-LOUTI-GUIDER,GUIDER,EP LOUGGUERE / B,404,LOUGGUERE CENTRE,elecam-bv-2025-nord,ed7c6f61ed768f476930d07461bdacdfd1e3d7ea9b33879d187b85edc2d8200b,needs_review,340,340,92823,92923,100
ELECAM-2025-NO-MAYO-LOUTI-GUIDER-0197,197,NO,NORD,NO-MAYO-LOUTI,MAYO LOUTI,NO-MAYO-LOUTI-GUIDER,GUIDER,ESPL CHEF LOUGGUERE DAWAI / A,191,LOUGGUERE DAWAI,elecam-bv-2025-nord,ed7c6f61ed768f476930d07461bdacdfd1e3d7ea9b33879d187b85edc2d8200b,needs_review,340,340,92823,92923,100
ELECAM-2025-NO-MAYO-LOUTI-GUIDER-0198,198,NO,NORD,NO-MAYO-LOUTI,MAYO LOUTI,NO-MAYO-LOUTI-GUIDER,GUIDER,E M MAIDADI SALI / A,368,MAIDADI SALI,elecam-bv-2025-nord,ed7c6f61ed768f476930d07461bdacdfd1e3d7ea9b33879d187b85edc2d8200b,needs_review,340,340,92823,92923,100
ELECAM-2025-NO-MAYO-LOUTI-GUIDER-0199,199,NO,NORD,NO-MAYO-LOUTI,MAYO LOUTI,NO-MAYO-LOUTI-GUIDER,GUIDER,E M MAIDADI SALI / B,195,MAIDADI SALI,elecam-bv-2025-nord,ed7c6f61ed768f476930d07461bdacdfd1e3d7ea9b33879d187b85edc2d8200b,needs_review,340,340,92823,92923,100
ELECAM-2025-NO-MAYO-LOUTI-GUIDER-0200,200,NO,NORD,NO-MAYO-LOUTI,MAYO LOUTI,NO-MAYO-LOUTI-GUIDER,GUIDER,ESPL CHEF MAIDADI SALI / A,383,MAIDADI SALI,elecam-bv-2025-nord,ed7c6f61ed768f476930d07461bdacdfd1e3d7ea9b33879d187b85edc2d8200b,needs_review,340,340,92823,92923,100
ELECAM-2025-NO-MAYO-LOUTI-GUIDER-0201,201,NO,NORD,NO-MAYO-LOUTI,MAYO LOUTI,NO-MAYO-LOUTI-GUIDER,GUIDER,ESPL CHEF MAIDADI SALI / B,404,MAIDADI SALI,elecam-bv-2025-nord,ed7c6f61ed768f476930d07461bdacdfd1e3d7ea9b33879d187b85edc2d8200b,needs_review,340,340,92823,92923,100
ELECAM-2025-NO-MAYO-LOUTI-GUIDER-0202,202,NO,NORD,NO-MAYO-LOUTI,MAYO LOUTI,NO-MAYO-LOUTI-GUIDER,GUIDER,ESPL CHEF MAIDADI SALI / C,69,MAIDADI SALI,elecam-bv-2025-nord,ed7c6f61ed768f476930d07461bdacdfd1e3d7ea9b33879d187b85edc2d8200b,needs_review,340,340,92823,92923,100
ELECAM-2025-NO-MAYO-LOUTI-GUIDER-0203,203,NO,NORD,NO-MAYO-LOUTI,MAYO LOUTI,NO-MAYO-LOUTI-GUIDER,GUIDER,EP MAISSANDA / A,213,MAISSANDA,elecam-bv-2025-nord,ed7c6f61ed768f476930d07461bdacdfd1e3d7ea9b33879d187b85edc2d8200b,needs_review,340,340,92823,92923,100
ELECAM-2025-NO-MAYO-LOUTI-GUIDER-0204,204,NO,NORD,NO-MAYO-LOUTI,MAYO LOUTI,NO-MAYO-LOUTI-GUIDER,GUIDER,ESPL CHEF MALIA / A,229,MALIA,elecam-bv-2025-nord,ed7c6f61ed768f476930d07461bdacdfd1e3d7ea9b33879d187b85edc2d8200b,needs_review,340,340,92823,92923,100
ELECAM-2025-NO-MAYO-LOUTI-GUIDER-0205,205,NO,NORD,NO-MAYO-LOUTI,MAYO LOUTI,NO-MAYO-LOUTI-GUIDER,GUIDER,EP MALMAS / A,206,MALMAS,elecam-bv-2025-nord,ed7c6f61ed768f476930d07461bdacdfd1e3d7ea9b33879d187b85edc2d8200b,needs_review,340,340,92823,92923,100
ELECAM-2025-NO-MAYO-LOUTI-GUIDER-0206,206,NO,NORD,NO-MAYO-LOUTI,MAYO LOUTI,NO-MAYO-LOUTI-GUIDER,GUIDER,ESPL CHEF MAMBAZA / A,184,MAMBAZA,elecam-bv-2025-nord,ed7c6f61ed768f476930d07461bdacdfd1e3d7ea9b33879d187b85edc2d8200b,needs_review,340,340,92823,92923,100
ELECAM-2025-NO-MAYO-LOUTI-GUIDER-0207,207,NO,NORD,NO-MAYO-LOUTI,MAYO LOUTI,NO-MAYO-LOUTI-GUIDER,GUIDER,ESPL CHEF MANTCHOUROUF / A,130,MANTCHOUROUF,elecam-bv-2025-nord,ed7c6f61ed768f476930d07461bdacdfd1e3d7ea9b33879d187b85edc2d8200b,needs_review,340,340,92823,92923,100
ELECAM-2025-NO-MAYO-LOUTI-GUIDER-0208,208,NO,NORD,NO-MAYO-LOUTI,MAYO LOUTI,NO-MAYO-LOUTI-GUIDER,GUIDER,EP MATAFAL / A,406,MATAFAL,elecam-bv-2025-nord,ed7c6f61ed768f476930d07461bdacdfd1e3d7ea9b33879d187b85edc2d8200b,needs_review,340,340,92823,92923,100
ELECAM-2025-NO-MAYO-LOUTI-GUIDER-0209,209,NO,NORD,NO-MAYO-LOUTI,MAYO LOUTI,NO-MAYO-LOUTI-GUIDER,GUIDER,EP MATAFAL / B,55,MATAFAL,elecam-bv-2025-nord,ed7c6f61ed768f476930d07461bdacdfd1e3d7ea9b33879d187b85edc2d8200b,needs_review,340,340,92823,92923,100
ELECAM-2025-NO-MAYO-LOUTI-GUIDER-0210,210,NO,NORD,NO-MAYO-LOUTI,MAYO LOUTI,NO-MAYO-LOUTI-GUIDER,GUIDER,EP MATAFALRE / A,415,MATAFALRE,elecam-bv-2025-nord,ed7c6f61ed768f476930d07461bdacdfd1e3d7ea9b33879d187b85edc2d8200b,needs_review,340,340,92823,92923,100
ELECAM-2025-NO-MAYO-LOUTI-GUIDER-0211,211,NO,NORD,NO-MAYO-LOUTI,MAYO LOUTI,NO-MAYO-LOUTI-GUIDER,GUIDER,EP MATAFALRE / B,47,MATAFALRE,elecam-bv-2025-nord,ed7c6f61ed768f476930d07461bdacdfd1e3d7ea9b33879d187b85edc2d8200b,needs_review,340,340,92823,92923,100
ELECAM-2025-NO-MAYO-LOUTI-GUIDER-0212,212,NO,NORD,NO-MAYO-LOUTI,MAYO LOUTI,NO-MAYO-LOUTI-GUIDER,GUIDER,ESPL CHEF MAYEL BAINGA / A,361,MAYEL BAINGA,elecam-bv-2025-nord,ed7c6f61ed768f476930d07461bdacdfd1e3d7ea9b33879d187b85edc2d8200b,needs_review,340,340,92823,92923,100
ELECAM-2025-NO-MAYO-LOUTI-GUIDER-0213,213,NO,NORD,NO-MAYO-LOUTI,MAYO LOUTI,NO-MAYO-LOUTI-GUIDER,GUIDER,ESPL CHEF MAYEL POLI / A,293,MAYEL POLI,elecam-bv-2025-nord,ed7c6f61ed768f476930d07461bdacdfd1e3d7ea9b33879d187b85edc2d8200b,needs_review,340,340,92823,92923,100
ELECAM-2025-NO-MAYO-LOUTI-GUIDER-0214,214,NO,NORD,NO-MAYO-LOUTI,MAYO LOUTI,NO-MAYO-LOUTI-GUIDER,GUIDER,ESPL CHEF MAYEL POLI / B,310,MAYEL POLI,elecam-bv-2025-nord,ed7c6f61ed768f476930d07461bdacdfd1e3d7ea9b33879d187b85edc2d8200b,needs_review,340,340,92823,92923,100
ELECAM-2025-NO-MAYO-LOUTI-GUIDER-0215,215,NO,NORD,NO-MAYO-LOUTI,MAYO LOUTI,NO-MAYO-LOUTI-GUIDER,GUIDER,ESPL CHEF MAYEL KOGUI / A,245,MAYEL-KOGUI,elecam-bv-2025-nord,ed7c6f61ed768f476930d07461bdacdfd1e3d7ea9b33879d187b85edc2d8200b,needs_review,340,340,92823,92923,100
ELECAM-2025-NO-MAYO-LOUTI-GUIDER-0216,216,NO,NORD,NO-MAYO-LOUTI,MAYO LOUTI,NO-MAYO-LOUTI-GUIDER,GUIDER,ESPL CHEF MAYEL KOGUI / B,221,MAYEL-KOGUI,elecam-bv-2025-nord,ed7c6f61ed768f476930d07461bdacdfd1e3d7ea9b33879d187b85edc2d8200b,needs_review,340,340,92823,92923,100
ELECAM-2025-NO-MAYO-LOUTI-GUIDER-0217,217,NO,NORD,NO-MAYO-LOUTI,MAYO LOUTI,NO-MAYO-LOUTI-GUIDER,GUIDER,GIC MAYO DAKOUME / A,180,MAYO DAKOUME,elecam-bv-2025-nord,ed7c6f61ed768f476930d07461bdacdfd1e3d7ea9b33879d187b85edc2d8200b,needs_review,340,340,92823,92923,100
ELECAM-2025-NO-MAYO-LOUTI-GUIDER-0218,218,NO,NORD,NO-MAYO-LOUTI,MAYO LOUTI,NO-MAYO-LOUTI-GUIDER,GUIDER,EP MAYO KEWE / A,389,MAYO KEWE,elecam-bv-2025-nord,ed7c6f61ed768f476930d07461bdacdfd1e3d7ea9b33879d187b85edc2d8200b,needs_review,340,340,92823,92923,100
ELECAM-2025-NO-MAYO-LOUTI-GUIDER-0219,219,NO,NORD,NO-MAYO-LOUTI,MAYO LOUTI,NO-MAYO-LOUTI-GUIDER,GUIDER,EP MAYO KEWE / B,189,MAYO KEWE,elecam-bv-2025-nord,ed7c6f61ed768f476930d07461bdacdfd1e3d7ea9b33879d187b85edc2d8200b,needs_review,340,340,92823,92923,100
ELECAM-2025-NO-MAYO-LOUTI-GUIDER-0220,220,NO,NORD,NO-MAYO-LOUTI,MAYO LOUTI,NO-MAYO-LOUTI-GUIDER,GUIDER,EP MAYO KORA / A,356,MAYO KORA,elecam-bv-2025-nord,ed7c6f61ed768f476930d07461bdacdfd1e3d7ea9b33879d187b85edc2d8200b,needs_review,340,340,92823,92923,100
ELECAM-2025-NO-MAYO-LOUTI-GUIDER-0221,221,NO,NORD,NO-MAYO-LOUTI,MAYO LOUTI,NO-MAYO-LOUTI-GUIDER,GUIDER,ESPL CHEF MBIRDIF / A,160,MAYO LOUMAS,elecam-bv-2025-nord,ed7c6f61ed768f476930d07461bdacdfd1e3d7ea9b33879d187b85edc2d8200b,needs_review,340,340,92823,92923,100
ELECAM-2025-NO-MAYO-LOUTI-GUIDER-0222,222,NO,NORD,NO-MAYO-LOUTI,MAYO LOUTI,NO-MAYO-LOUTI-GUIDER,GUIDER,EP MAYO LOUE / A,312,MAYO-LOUE,elecam-bv-2025-nord,ed7c6f61ed768f476930d07461bdacdfd1e3d7ea9b33879d187b85edc2d8200b,needs_review,340,340,92823,92923,100
ELECAM-2025-NO-MAYO-LOUTI-GUIDER-0223,223,NO,NORD,NO-MAYO-LOUTI,MAYO LOUTI,NO-MAYO-LOUTI-GUIDER,GUIDER,EP MAYO LOUE / B,291,MAYO-LOUE,elecam-bv-2025-nord,ed7c6f61ed768f476930d07461bdacdfd1e3d7ea9b33879d187b85edc2d8200b,needs_review,340,340,92823,92923,100
ELECAM-2025-NO-MAYO-LOUTI-GUIDER-0224,224,NO,NORD,NO-MAYO-LOUTI,MAYO LOUTI,NO-MAYO-LOUTI-GUIDER,GUIDER,EP MAYO LOUE / C,224,MAYO-LOUE,elecam-bv-2025-nord,ed7c6f61ed768f476930d07461bdacdfd1e3d7ea9b33879d187b85edc2d8200b,needs_review,340,340,92823,92923,100
ELECAM-2025-NO-MAYO-LOUTI-GUIDER-0225,225,NO,NORD,NO-MAYO-LOUTI,MAYO LOUTI,NO-MAYO-LOUTI-GUIDER,GUIDER,ESPL CHEF MAYO SIWA / A,215,MAYO-SIWO,elecam-bv-2025-nord,ed7c6f61ed768f476930d07461bdacdfd1e3d7ea9b33879d187b85edc2d8200b,needs_review,340,340,92823,92923,100
ELECAM-2025-NO-MAYO-LOUTI-GUIDER-0226,226,NO,NORD,NO-MAYO-LOUTI,MAYO LOUTI,NO-MAYO-LOUTI-GUIDER,GUIDER,EP MAYO SOMBRE / A,201,MAYO-SOMBRE,elecam-bv-2025-nord,ed7c6f61ed768f476930d07461bdacdfd1e3d7ea9b33879d187b85edc2d8200b,needs_review,340,340,92823,92923,100
ELECAM-2025-NO-MAYO-LOUTI-GUIDER-0227,227,NO,NORD,NO-MAYO-LOUTI,MAYO LOUTI,NO-MAYO-LOUTI-GUIDER,GUIDER,EP MELEDEM / A,296,MBIRMIDIGUIP,elecam-bv-2025-nord,ed7c6f61ed768f476930d07461bdacdfd1e3d7ea9b33879d187b85edc2d8200b,needs_review,340,340,92823,92923,100
ELECAM-2025-NO-MAYO-LOUTI-GUIDER-0228,228,NO,NORD,NO-MAYO-LOUTI,MAYO LOUTI,NO-MAYO-LOUTI-GUIDER,GUIDER,EP MELEDEM / B,75,MBIRMIDIGUIP,elecam-bv-2025-nord,ed7c6f61ed768f476930d07461bdacdfd1e3d7ea9b33879d187b85edc2d8200b,needs_review,340,340,92823,92923,100
ELECAM-2025-NO-MAYO-LOUTI-GUIDER-0229,229,NO,NORD,NO-MAYO-LOUTI,MAYO LOUTI,NO-MAYO-LOUTI-GUIDER,GUIDER,ESPL CHEF MBOR / A,230,MBOR,elecam-bv-2025-nord,ed7c6f61ed768f476930d07461bdacdfd1e3d7ea9b33879d187b85edc2d8200b,needs_review,340,340,92823,92923,100
ELECAM-2025-NO-MAYO-LOUTI-GUIDER-0230,230,NO,NORD,NO-MAYO-LOUTI,MAYO LOUTI,NO-MAYO-LOUTI-GUIDER,GUIDER,EP MEDEZEM / A,331,MEDEZEM,elecam-bv-2025-nord,ed7c6f61ed768f476930d07461bdacdfd1e3d7ea9b33879d187b85edc2d8200b,needs_review,340,340,92823,92923,100
ELECAM-2025-NO-MAYO-LOUTI-GUIDER-0231,231,NO,NORD,NO-MAYO-LOUTI,MAYO LOUTI,NO-MAYO-LOUTI-GUIDER,GUIDER,ESPL CHEF MELEMLEM / A,389,MELEMLEM,elecam-bv-2025-nord,ed7c6f61ed768f476930d07461bdacdfd1e3d7ea9b33879d187b85edc2d8200b,needs_review,340,340,92823,92923,100
ELECAM-2025-NO-MAYO-LOUTI-GUIDER-0232,232,NO,NORD,NO-MAYO-LOUTI,MAYO LOUTI,NO-MAYO-LOUTI-GUIDER,GUIDER,ESPL CHEF MELEMLEM / B,99,MELEMLEM,elecam-bv-2025-nord,ed7c6f61ed768f476930d07461bdacdfd1e3d7ea9b33879d187b85edc2d8200b,needs_review,340,340,92823,92923,100
ELECAM-2025-NO-MAYO-LOUTI-GUIDER-0233,233,NO,NORD,NO-MAYO-LOUTI,MAYO LOUTI,NO-MAYO-LOUTI-GUIDER,GUIDER,ESPL CHEF MODJONGO / A,349,MODJONGO DEWA,elecam-bv-2025-nord,ed7c6f61ed768f476930d07461bdacdfd1e3d7ea9b33879d187b85edc2d8200b,needs_review,340,340,92823,92923,100
ELECAM-2025-NO-MAYO-LOUTI-GUIDER-0234,234,NO,NORD,NO-MAYO-LOUTI,MAYO LOUTI,NO-MAYO-LOUTI-GUIDER,GUIDER,ESPL CHEF MOKORVONG MAYO LOUE / A,419,MOKORVONG MAYO LOUE,elecam-bv-2025-nord,ed7c6f61ed768f476930d07461bdacdfd1e3d7ea9b33879d187b85edc2d8200b,needs_review,340,340,92823,92923,100
ELECAM-2025-NO-MAYO-LOUTI-GUIDER-0235,235,NO,NORD,NO-MAYO-LOUTI,MAYO LOUTI,NO-MAYO-LOUTI-GUIDER,GUIDER,ESPL CHEF MOKORVONG MAYO LOUE / B,46,MOKORVONG MAYO LOUE,elecam-bv-2025-nord,ed7c6f61ed768f476930d07461bdacdfd1e3d7ea9b33879d187b85edc2d8200b,needs_review,340,340,92823,92923,100
ELECAM-2025-NO-MAYO-LOUTI-GUIDER-0236,236,NO,NORD,NO-MAYO-LOUTI,MAYO LOUTI,NO-MAYO-LOUTI-GUIDER,GUIDER,ESPL CHEF MONGORO WAIDONGO / A,223,MONGORO WAIDONGO,elecam-bv-2025-nord,ed7c6f61ed768f476930d07461bdacdfd1e3d7ea9b33879d187b85edc2d8200b,needs_review,340,340,92823,92923,100
ELECAM-2025-NO-MAYO-LOUTI-GUIDER-0237,237,NO,NORD,NO-MAYO-LOUTI,MAYO LOUTI,NO-MAYO-LOUTI-GUIDER,GUIDER,ESPL CHEF TCHAKADJAM / A,364,NDABALA,elecam-bv-2025-nord,ed7c6f61ed768f476930d07461bdacdfd1e3d7ea9b33879d187b85edc2d8200b,needs_review,340,340,92823,92923,100
ELECAM-2025-NO-MAYO-LOUTI-GUIDER-0238,238,NO,NORD,NO-MAYO-LOUTI,MAYO LOUTI,NO-MAYO-LOUTI-GUIDER,GUIDER,EP DES PARENTS NDJARA / A,227,KOLAR,elecam-bv-2025-nord,ed7c6f61ed768f476930d07461bdacdfd1e3d7ea9b33879d187b85edc2d8200b,needs_review,340,340,92823,92923,100
ELECAM-2025-NO-MAYO-LOUTI-GUIDER-0239,239,NO,NORD,NO-MAYO-LOUTI,MAYO LOUTI,NO-MAYO-LOUTI-GUIDER,GUIDER,ESPL CHEF NORGO / A,368,NDONDOLO,elecam-bv-2025-nord,ed7c6f61ed768f476930d07461bdacdfd1e3d7ea9b33879d187b85edc2d8200b,needs_review,340,340,92823,92923,100
ELECAM-2025-NO-MAYO-LOUTI-GUIDER-0240,240,NO,NORD,NO-MAYO-LOUTI,MAYO LOUTI,NO-MAYO-LOUTI-GUIDER,GUIDER,ESPL CHEF NORGO / B,368,NDONDOLO,elecam-bv-2025-nord,ed7c6f61ed768f476930d07461bdacdfd1e3d7ea9b33879d187b85edc2d8200b,needs_review,340,340,92823,92923,100
ELECAM-2025-NO-MAYO-LOUTI-GUIDER-0241,241,NO,NORD,NO-MAYO-LOUTI,MAYO LOUTI,NO-MAYO-LOUTI-GUIDER,GUIDER,ESPL CHEF NORGO / C,151,NDONDOLO,elecam-bv-2025-nord,ed7c6f61ed768f476930d07461bdacdfd1e3d7ea9b33879d187b85edc2d8200b,needs_review,340,340,92823,92923,100
ELECAM-2025-NO-MAYO-LOUTI-GUIDER-0242,242,NO,NORD,NO-MAYO-LOUTI,MAYO LOUTI,NO-MAYO-LOUTI-GUIDER,GUIDER,EP PARKINE / A,357,GANDA GOLOMBE,elecam-bv-2025-nord,ed7c6f61ed768f476930d07461bdacdfd1e3d7ea9b33879d187b85edc2d8200b,needs_review,340,340,92823,92923,100
ELECAM-2025-NO-MAYO-LOUTI-GUIDER-0243,243,NO,NORD,NO-MAYO-LOUTI,MAYO LOUTI,NO-MAYO-LOUTI-GUIDER,GUIDER,ESPL CHEF OURO MORDOY / A,258,OURLANG,elecam-bv-2025-nord,ed7c6f61ed768f476930d07461bdacdfd1e3d7ea9b33879d187b85edc2d8200b,needs_review,340,340,92823,92923,100
ELECAM-2025-NO-MAYO-LOUTI-GUIDER-0244,244,NO,NORD,NO-MAYO-LOUTI,MAYO LOUTI,NO-MAYO-LOUTI-GUIDER,GUIDER,ESPL CHEF OURO ALHADJI / A,441,OURO ALHADJI,elecam-bv-2025-nord,ed7c6f61ed768f476930d07461bdacdfd1e3d7ea9b33879d187b85edc2d8200b,needs_review,340,340,92823,92923,100
ELECAM-2025-NO-MAYO-LOUTI-GUIDER-0245,245,NO,NORD,NO-MAYO-LOUTI,MAYO LOUTI,NO-MAYO-LOUTI-GUIDER,GUIDER,ESPL CHEF OURO ALHADJI / B,199,OURO ALHADJI,elecam-bv-2025-nord,ed7c6f61ed768f476930d07461bdacdfd1e3d7ea9b33879d187b85edc2d8200b,needs_review,340,340,92823,92923,100
ELECAM-2025-NO-MAYO-LOUTI-GUIDER-0246,246,NO,NORD,NO-MAYO-LOUTI,MAYO LOUTI,NO-MAYO-LOUTI-GUIDER,GUIDER,ESPL CHEF OURO ALKALI / A,458,OURO ALKALI,elecam-bv-2025-nord,ed7c6f61ed768f476930d07461bdacdfd1e3d7ea9b33879d187b85edc2d8200b,needs_review,340,340,92823,92923,100
ELECAM-2025-NO-MAYO-LOUTI-GUIDER-0247,247,NO,NORD,NO-MAYO-LOUTI,MAYO LOUTI,NO-MAYO-LOUTI-GUIDER,GUIDER,ESPL CHEF OURO ALKALI / B,444,OURO ALKALI,elecam-bv-2025-nord,ed7c6f61ed768f476930d07461bdacdfd1e3d7ea9b33879d187b85edc2d8200b,needs_review,340,340,92823,92923,100
ELECAM-2025-NO-MAYO-LOUTI-GUIDER-0248,248,NO,NORD,NO-MAYO-LOUTI,MAYO LOUTI,NO-MAYO-LOUTI-GUIDER,GUIDER,ESPL CHEF OURO ALKALI / C,334,OURO ALKALI,elecam-bv-2025-nord,ed7c6f61ed768f476930d07461bdacdfd1e3d7ea9b33879d187b85edc2d8200b,needs_review,340,340,92823,92923,100
ELECAM-2025-NO-MAYO-LOUTI-GUIDER-0249,249,NO,NORD,NO-MAYO-LOUTI,MAYO LOUTI,NO-MAYO-LOUTI-GUIDER,GUIDER,EP LAMORDE / A,378,LAMORDE I,elecam-bv-2025-nord,ed7c6f61ed768f476930d07461bdacdfd1e3d7ea9b33879d187b85edc2d8200b,needs_review,340,340,92823,92923,100
ELECAM-2025-NO-MAYO-LOUTI-GUIDER-0250,250,NO,NORD,NO-MAYO-LOUTI,MAYO LOUTI,NO-MAYO-LOUTI-GUIDER,GUIDER,EP LAMORDE / B,375,LAMORDE I,elecam-bv-2025-nord,ed7c6f61ed768f476930d07461bdacdfd1e3d7ea9b33879d187b85edc2d8200b,needs_review,340,340,92823,92923,100
ELECAM-2025-NO-MAYO-LOUTI-GUIDER-0251,251,NO,NORD,NO-MAYO-LOUTI,MAYO LOUTI,NO-MAYO-LOUTI-GUIDER,GUIDER,EP LAMORDE / C,362,LAMORDE I,elecam-bv-2025-nord,ed7c6f61ed768f476930d07461bdacdfd1e3d7ea9b33879d187b85edc2d8200b,needs_review,340,340,92823,92923,100
ELECAM-2025-NO-MAYO-LOUTI-GUIDER-0252,252,NO,NORD,NO-MAYO-LOUTI,MAYO LOUTI,NO-MAYO-LOUTI-GUIDER,GUIDER,EP LAMORDE / D,380,LAMORDE I,elecam-bv-2025-nord,ed7c6f61ed768f476930d07461bdacdfd1e3d7ea9b33879d187b85edc2d8200b,needs_review,340,340,92823,92923,100
ELECAM-2025-NO-MAYO-LOUTI-GUIDER-0253,253,NO,NORD,NO-MAYO-LOUTI,MAYO LOUTI,NO-MAYO-LOUTI-GUIDER,GUIDER,EP LAMORDE / E,375,LAMORDE I,elecam-bv-2025-nord,ed7c6f61ed768f476930d07461bdacdfd1e3d7ea9b33879d187b85edc2d8200b,needs_review,340,340,92823,92923,100
ELECAM-2025-NO-MAYO-LOUTI-GUIDER-0254,254,NO,NORD,NO-MAYO-LOUTI,MAYO LOUTI,NO-MAYO-LOUTI-GUIDER,GUIDER,ESPL CHEF OURO DAMA / A,410,OURO BOUBA DAMA,elecam-bv-2025-nord,ed7c6f61ed768f476930d07461bdacdfd1e3d7ea9b33879d187b85edc2d8200b,needs_review,340,340,92823,92923,100
ELECAM-2025-NO-MAYO-LOUTI-GUIDER-0255,255,NO,NORD,NO-MAYO-LOUTI,MAYO LOUTI,NO-MAYO-LOUTI-GUIDER,GUIDER,ESPL CHEF OURO DAMA / B,83,OURO BOUBA DAMA,elecam-bv-2025-nord,ed7c6f61ed768f476930d07461bdacdfd1e3d7ea9b33879d187b85edc2d8200b,needs_review,340,340,92823,92923,100
ELECAM-2025-NO-MAYO-LOUTI-GUIDER-0256,256,NO,NORD,NO-MAYO-LOUTI,MAYO LOUTI,NO-MAYO-LOUTI-GUIDER,GUIDER,EPA SANGUERE / A,315,KOLA,elecam-bv-2025-nord,ed7c6f61ed768f476930d07461bdacdfd1e3d7ea9b33879d187b85edc2d8200b,needs_review,340,340,92823,92923,100
ELECAM-2025-NO-MAYO-LOUTI-GUIDER-0257,257,NO,NORD,NO-MAYO-LOUTI,MAYO LOUTI,NO-MAYO-LOUTI-GUIDER,GUIDER,EPA SANGUERE / B,349,KOLA,elecam-bv-2025-nord,ed7c6f61ed768f476930d07461bdacdfd1e3d7ea9b33879d187b85edc2d8200b,needs_review,340,340,92823,92923,100
ELECAM-2025-NO-MAYO-LOUTI-GUIDER-0258,258,NO,NORD,NO-MAYO-LOUTI,MAYO LOUTI,NO-MAYO-LOUTI-GUIDER,GUIDER,EPA SANGUERE / C,371,KOLA,elecam-bv-2025-nord,ed7c6f61ed768f476930d07461bdacdfd1e3d7ea9b33879d187b85edc2d8200b,needs_review,340,340,92823,92923,100
ELECAM-2025-NO-MAYO-LOUTI-GUIDER-0259,259,NO,NORD,NO-MAYO-LOUTI,MAYO LOUTI,NO-MAYO-LOUTI-GUIDER,GUIDER,EPA SANGUERE / D,310,KOLA,elecam-bv-2025-nord,ed7c6f61ed768f476930d07461bdacdfd1e3d7ea9b33879d187b85edc2d8200b,needs_review,340,340,92823,92923,100
ELECAM-2025-NO-MAYO-LOUTI-GUIDER-0260,260,NO,NORD,NO-MAYO-LOUTI,MAYO LOUTI,NO-MAYO-LOUTI-GUIDER,GUIDER,EPA SANGUERE / E,403,KOLA,elecam-bv-2025-nord,ed7c6f61ed768f476930d07461bdacdfd1e3d7ea9b33879d187b85edc2d8200b,needs_review,340,340,92823,92923,100
ELECAM-2025-NO-MAYO-LOUTI-GUIDER-0261,261,NO,NORD,NO-MAYO-LOUTI,MAYO LOUTI,NO-MAYO-LOUTI-GUIDER,GUIDER,EPA SANGUERE / F,377,KOLA,elecam-bv-2025-nord,ed7c6f61ed768f476930d07461bdacdfd1e3d7ea9b33879d187b85edc2d8200b,needs_review,340,340,92823,92923,100
ELECAM-2025-NO-MAYO-LOUTI-GUIDER-0262,262,NO,NORD,NO-MAYO-LOUTI,MAYO LOUTI,NO-MAYO-LOUTI-GUIDER,GUIDER,EPA SANGUERE / G,314,KOLA,elecam-bv-2025-nord,ed7c6f61ed768f476930d07461bdacdfd1e3d7ea9b33879d187b85edc2d8200b,needs_review,340,340,92823,92923,100
ELECAM-2025-NO-MAYO-LOUTI-GUIDER-0263,263,NO,NORD,NO-MAYO-LOUTI,MAYO LOUTI,NO-MAYO-LOUTI-GUIDER,GUIDER,EPA SANGUERE / H,339,KOLA,elecam-bv-2025-nord,ed7c6f61ed768f476930d07461bdacdfd1e3d7ea9b33879d187b85edc2d8200b,needs_review,340,340,92823,92923,100
ELECAM-2025-NO-MAYO-LOUTI-GUIDER-0264,264,NO,NORD,NO-MAYO-LOUTI,MAYO LOUTI,NO-MAYO-LOUTI-GUIDER,GUIDER,EPA SANGUERE / I,275,KOLA,elecam-bv-2025-nord,ed7c6f61ed768f476930d07461bdacdfd1e3d7ea9b33879d187b85edc2d8200b,needs_review,340,340,92823,92923,100
ELECAM-2025-NO-MAYO-LOUTI-GUIDER-0265,265,NO,NORD,NO-MAYO-LOUTI,MAYO LOUTI,NO-MAYO-LOUTI-GUIDER,GUIDER,EPA SANGUERE / J,355,KOLA,elecam-bv-2025-nord,ed7c6f61ed768f476930d07461bdacdfd1e3d7ea9b33879d187b85edc2d8200b,needs_review,340,340,92823,92923,100
ELECAM-2025-NO-MAYO-LOUTI-GUIDER-0266,266,NO,NORD,NO-MAYO-LOUTI,MAYO LOUTI,NO-MAYO-LOUTI-GUIDER,GUIDER,ESPL CHEF BEBERE III / A,394,OURO DJAOURO BEBERE III,elecam-bv-2025-nord,ed7c6f61ed768f476930d07461bdacdfd1e3d7ea9b33879d187b85edc2d8200b,needs_review,340,340,92823,92923,100
ELECAM-2025-NO-MAYO-LOUTI-GUIDER-0267,267,NO,NORD,NO-MAYO-LOUTI,MAYO LOUTI,NO-MAYO-LOUTI-GUIDER,GUIDER,ESPL CHEF BEBERE III / B,191,OURO DJAOURO BEBERE III,elecam-bv-2025-nord,ed7c6f61ed768f476930d07461bdacdfd1e3d7ea9b33879d187b85edc2d8200b,needs_review,340,340,92823,92923,100
ELECAM-2025-NO-MAYO-LOUTI-GUIDER-0268,268,NO,NORD,NO-MAYO-LOUTI,MAYO LOUTI,NO-MAYO-LOUTI-GUIDER,GUIDER,ESPL CHEF OURO WACSINE / A,144,OURO DJAOURO BOUBA,elecam-bv-2025-nord,ed7c6f61ed768f476930d07461bdacdfd1e3d7ea9b33879d187b85edc2d8200b,needs_review,340,340,92823,92923,100
ELECAM-2025-NO-MAYO-LOUTI-GUIDER-0269,269,NO,NORD,NO-MAYO-LOUTI,MAYO LOUTI,NO-MAYO-LOUTI-GUIDER,GUIDER,ESPL CHEF BEBERE GADA MAYO / A,356,BEBERE GADA MAYO,elecam-bv-2025-nord,ed7c6f61ed768f476930d07461bdacdfd1e3d7ea9b33879d187b85edc2d8200b,needs_review,340,340,92823,92923,100
ELECAM-2025-NO-MAYO-LOUTI-GUIDER-0270,270,NO,NORD,NO-MAYO-LOUTI,MAYO LOUTI,NO-MAYO-LOUTI-GUIDER,GUIDER,ESPL CHEF BEBERE GADA MAYO / B,378,BEBERE GADA MAYO,elecam-bv-2025-nord,ed7c6f61ed768f476930d07461bdacdfd1e3d7ea9b33879d187b85edc2d8200b,needs_review,340,340,92823,92923,100
ELECAM-2025-NO-MAYO-LOUTI-GUIDER-0271,271,NO,NORD,NO-MAYO-LOUTI,MAYO LOUTI,NO-MAYO-LOUTI-GUIDER,GUIDER,ESPL CHEF BEBERE GADA MAYO / C,152,BEBERE GADA MAYO,elecam-bv-2025-nord,ed7c6f61ed768f476930d07461bdacdfd1e3d7ea9b33879d187b85edc2d8200b,needs_review,340,340,92823,92923,100
ELECAM-2025-NO-MAYO-LOUTI-GUIDER-0272,272,NO,NORD,NO-MAYO-LOUTI,MAYO LOUTI,NO-MAYO-LOUTI-GUIDER,GUIDER,ESPL CHEF OURO KESSOUM DJAMBOUTOU /,383,OURO KESSOUM DJAMBOUTOU,elecam-bv-2025-nord,ed7c6f61ed768f476930d07461bdacdfd1e3d7ea9b33879d187b85edc2d8200b,needs_review,340,340,92823,92923,100
ELECAM-2025-NO-MAYO-LOUTI-GUIDER-0273,273,NO,NORD,NO-MAYO-LOUTI,MAYO LOUTI,NO-MAYO-LOUTI-GUIDER,GUIDER,ESPL CHEF OURO KESSOUM DJAMBOUTOU /,70,OURO KESSOUM DJAMBOUTOU,elecam-bv-2025-nord,ed7c6f61ed768f476930d07461bdacdfd1e3d7ea9b33879d187b85edc2d8200b,needs_review,340,340,92823,92923,100
ELECAM-2025-NO-MAYO-LOUTI-GUIDER-0274,274,NO,NORD,NO-MAYO-LOUTI,MAYO LOUTI,NO-MAYO-LOUTI-GUIDER,GUIDER,ESPL CHEF OURO BOCKI / A,395,OURO MAGADJI,elecam-bv-2025-nord,ed7c6f61ed768f476930d07461bdacdfd1e3d7ea9b33879d187b85edc2d8200b,needs_review,340,340,92823,92923,100
ELECAM-2025-NO-MAYO-LOUTI-GUIDER-0275,275,NO,NORD,NO-MAYO-LOUTI,MAYO LOUTI,NO-MAYO-LOUTI-GUIDER,GUIDER,ESPL CHEF OURO BOCKI / B,74,OURO MAGADJI,elecam-bv-2025-nord,ed7c6f61ed768f476930d07461bdacdfd1e3d7ea9b33879d187b85edc2d8200b,needs_review,340,340,92823,92923,100
ELECAM-2025-NO-MAYO-LOUTI-GUIDER-0276,276,NO,NORD,NO-MAYO-LOUTI,MAYO LOUTI,NO-MAYO-LOUTI-GUIDER,GUIDER,ESPL CHEF OURO NGNERE / A,258,OURO NAI,elecam-bv-2025-nord,ed7c6f61ed768f476930d07461bdacdfd1e3d7ea9b33879d187b85edc2d8200b,needs_review,340,340,92823,92923,100
ELECAM-2025-NO-MAYO-LOUTI-GUIDER-0277,277,NO,NORD,NO-MAYO-LOUTI,MAYO LOUTI,NO-MAYO-LOUTI-GUIDER,GUIDER,ESPL CHEF OURO BOKO / A,251,OURO-BOKO,elecam-bv-2025-nord,ed7c6f61ed768f476930d07461bdacdfd1e3d7ea9b33879d187b85edc2d8200b,needs_review,340,340,92823,92923,100
ELECAM-2025-NO-MAYO-LOUTI-GUIDER-0278,278,NO,NORD,NO-MAYO-LOUTI,MAYO LOUTI,NO-MAYO-LOUTI-GUIDER,GUIDER,EP BEBERE SOULEY / A,425,BEBERE I,elecam-bv-2025-nord,ed7c6f61ed768f476930d07461bdacdfd1e3d7ea9b33879d187b85edc2d8200b,needs_review,340,340,92823,92923,100
ELECAM-2025-NO-MAYO-LOUTI-GUIDER-0279,279,NO,NORD,NO-MAYO-LOUTI,MAYO LOUTI,NO-MAYO-LOUTI-GUIDER,GUIDER,EP BEBERE SOULEY / B,110,BEBERE I,elecam-bv-2025-nord,ed7c6f61ed768f476930d07461bdacdfd1e3d7ea9b33879d187b85edc2d8200b,needs_review,340,340,92823,92923,100
ELECAM-2025-NO-MAYO-LOUTI-GUIDER-0280,280,NO,NORD,NO-MAYO-LOUTI,MAYO LOUTI,NO-MAYO-LOUTI-GUIDER,GUIDER,EP OURO HAOUSSA / A,305,OURO BARA,elecam-bv-2025-nord,ed7c6f61ed768f476930d07461bdacdfd1e3d7ea9b33879d187b85edc2d8200b,needs_review,340,340,92823,92923,100
ELECAM-2025-NO-MAYO-LOUTI-GUIDER-0281,281,NO,NORD,NO-MAYO-LOUTI,MAYO LOUTI,NO-MAYO-LOUTI-GUIDER,GUIDER,EP OURO HAOUSSA / B,106,OURO BARA,elecam-bv-2025-nord,ed7c6f61ed768f476930d07461bdacdfd1e3d7ea9b33879d187b85edc2d8200b,needs_review,340,340,92823,92923,100
ELECAM-2025-NO-MAYO-LOUTI-GUIDER-0282,282,NO,NORD,NO-MAYO-LOUTI,MAYO LOUTI,NO-MAYO-LOUTI-GUIDER,GUIDER,ESPL CHEF MORDOY / A,80,OURO-MORDOY,elecam-bv-2025-nord,ed7c6f61ed768f476930d07461bdacdfd1e3d7ea9b33879d187b85edc2d8200b,needs_review,340,340,92823,92923,100
ELECAM-2025-NO-MAYO-LOUTI-GUIDER-0283,283,NO,NORD,NO-MAYO-LOUTI,MAYO LOUTI,NO-MAYO-LOUTI-GUIDER,GUIDER,ESPL CHEF OURO SADAY / A,213,OURO-SADAY,elecam-bv-2025-nord,ed7c6f61ed768f476930d07461bdacdfd1e3d7ea9b33879d187b85edc2d8200b,needs_review,340,340,92823,92923,100
ELECAM-2025-NO-MAYO-LOUTI-GUIDER-0284,284,NO,NORD,NO-MAYO-LOUTI,MAYO LOUTI,NO-MAYO-LOUTI-GUIDER,GUIDER,EP OURO TARA / A,451,BEBERE I,elecam-bv-2025-nord,ed7c6f61ed768f476930d07461bdacdfd1e3d7ea9b33879d187b85edc2d8200b,needs_review,340,340,92823,92923,100
ELECAM-2025-NO-MAYO-LOUTI-GUIDER-0285,285,NO,NORD,NO-MAYO-LOUTI,MAYO LOUTI,NO-MAYO-LOUTI-GUIDER,GUIDER,EP OURO TARA / B,160,BEBERE I,elecam-bv-2025-nord,ed7c6f61ed768f476930d07461bdacdfd1e3d7ea9b33879d187b85edc2d8200b,needs_review,340,340,92823,92923,100
ELECAM-2025-NO-MAYO-LOUTI-GUIDER-0286,286,NO,NORD,NO-MAYO-LOUTI,MAYO LOUTI,NO-MAYO-LOUTI-GUIDER,GUIDER,EP TCHEKAL / A,339,PAZARA PONT,elecam-bv-2025-nord,ed7c6f61ed768f476930d07461bdacdfd1e3d7ea9b33879d187b85edc2d8200b,needs_review,340,340,92823,92923,100
ELECAM-2025-NO-MAYO-LOUTI-GUIDER-0287,287,NO,NORD,NO-MAYO-LOUTI,MAYO LOUTI,NO-MAYO-LOUTI-GUIDER,GUIDER,EP TCHEKAL / B,409,PAZARA PONT,elecam-bv-2025-nord,ed7c6f61ed768f476930d07461bdacdfd1e3d7ea9b33879d187b85edc2d8200b,needs_review,340,340,92823,92923,100
ELECAM-2025-NO-MAYO-LOUTI-GUIDER-0288,288,NO,NORD,NO-MAYO-LOUTI,MAYO LOUTI,NO-MAYO-LOUTI-GUIDER,GUIDER,EP TCHEKAL / C,140,PAZARA PONT,elecam-bv-2025-nord,ed7c6f61ed768f476930d07461bdacdfd1e3d7ea9b33879d187b85edc2d8200b,needs_review,340,340,92823,92923,100
ELECAM-2025-NO-MAYO-LOUTI-GUIDER-0289,289,NO,NORD,NO-MAYO-LOUTI,MAYO LOUTI,NO-MAYO-LOUTI-GUIDER,GUIDER,ESPL CHEF PADJARA YAYA / A,167,PAZARA YAYA,elecam-bv-2025-nord,ed7c6f61ed768f476930d07461bdacdfd1e3d7ea9b33879d187b85edc2d8200b,needs_review,340,340,92823,92923,100
ELECAM-2025-NO-MAYO-LOUTI-GUIDER-0290,290,NO,NORD,NO-MAYO-LOUTI,MAYO LOUTI,NO-MAYO-LOUTI-GUIDER,GUIDER,ESPL CHEF POMLA / A,172,POMLA,elecam-bv-2025-nord,ed7c6f61ed768f476930d07461bdacdfd1e3d7ea9b33879d187b85edc2d8200b,needs_review,340,340,92823,92923,100
ELECAM-2025-NO-MAYO-LOUTI-GUIDER-0291,291,NO,NORD,NO-MAYO-LOUTI,MAYO LOUTI,NO-MAYO-LOUTI-GUIDER,GUIDER,ESPL CHEF POUGOU / A,461,POUGOU,elecam-bv-2025-nord,ed7c6f61ed768f476930d07461bdacdfd1e3d7ea9b33879d187b85edc2d8200b,needs_review,340,340,92823,92923,100
ELECAM-2025-NO-MAYO-LOUTI-GUIDER-0292,292,NO,NORD,NO-MAYO-LOUTI,MAYO LOUTI,NO-MAYO-LOUTI-GUIDER,GUIDER,ESPL CHEF POUGOU / B,67,POUGOU,elecam-bv-2025-nord,ed7c6f61ed768f476930d07461bdacdfd1e3d7ea9b33879d187b85edc2d8200b,needs_review,340,340,92823,92923,100
ELECAM-2025-NO-MAYO-LOUTI-GUIDER-0293,293,NO,NORD,NO-MAYO-LOUTI,MAYO LOUTI,NO-MAYO-LOUTI-GUIDER,GUIDER,EP RIBAO GOLOMBE / A,345,RIBAO GOLOMBE,elecam-bv-2025-nord,ed7c6f61ed768f476930d07461bdacdfd1e3d7ea9b33879d187b85edc2d8200b,needs_review,340,340,92823,92923,100
ELECAM-2025-NO-MAYO-LOUTI-GUIDER-0294,294,NO,NORD,NO-MAYO-LOUTI,MAYO LOUTI,NO-MAYO-LOUTI-GUIDER,GUIDER,EP RIBAO GOLOMBE / B,184,RIBAO GOLOMBE,elecam-bv-2025-nord,ed7c6f61ed768f476930d07461bdacdfd1e3d7ea9b33879d187b85edc2d8200b,needs_review,340,340,92823,92923,100
ELECAM-2025-NO-MAYO-LOUTI-GUIDER-0295,295,NO,NORD,NO-MAYO-LOUTI,MAYO LOUTI,NO-MAYO-LOUTI-GUIDER,GUIDER,EP SARWA / A,271,SARWA,elecam-bv-2025-nord,ed7c6f61ed768f476930d07461bdacdfd1e3d7ea9b33879d187b85edc2d8200b,needs_review,340,340,92823,92923,100
ELECAM-2025-NO-MAYO-LOUTI-GUIDER-0296,296,NO,NORD,NO-MAYO-LOUTI,MAYO LOUTI,NO-MAYO-LOUTI-GUIDER,GUIDER,EP SIBRE MALAYE / A,306,SIBRE MALAYE,elecam-bv-2025-nord,ed7c6f61ed768f476930d07461bdacdfd1e3d7ea9b33879d187b85edc2d8200b,needs_review,340,340,92823,92923,100
ELECAM-2025-NO-MAYO-LOUTI-GUIDER-0297,297,NO,NORD,NO-MAYO-LOUTI,MAYO LOUTI,NO-MAYO-LOUTI-GUIDER,GUIDER,EP SIBRETORDOU / A,340,SIBRE TOROU,elecam-bv-2025-nord,ed7c6f61ed768f476930d07461bdacdfd1e3d7ea9b33879d187b85edc2d8200b,needs_review,340,340,92823,92923,100
ELECAM-2025-NO-MAYO-LOUTI-GUIDER-0298,298,NO,NORD,NO-MAYO-LOUTI,MAYO LOUTI,NO-MAYO-LOUTI-GUIDER,GUIDER,EP SINGAIDI / A,412,SINGAIDI,elecam-bv-2025-nord,ed7c6f61ed768f476930d07461bdacdfd1e3d7ea9b33879d187b85edc2d8200b,needs_review,340,340,92823,92923,100
ELECAM-2025-NO-MAYO-LOUTI-GUIDER-0299,299,NO,NORD,NO-MAYO-LOUTI,MAYO LOUTI,NO-MAYO-LOUTI-GUIDER,GUIDER,EP SINGAIDI / B,120,SINGAIDI,elecam-bv-2025-nord,ed7c6f61ed768f476930d07461bdacdfd1e3d7ea9b33879d187b85edc2d8200b,needs_review,340,340,92823,92923,100
ELECAM-2025-NO-MAYO-LOUTI-GUIDER-0300,300,NO,NORD,NO-MAYO-LOUTI,MAYO LOUTI,NO-MAYO-LOUTI-GUIDER,GUIDER,EP SODALOU / A,385,SODALOU,elecam-bv-2025-nord,ed7c6f61ed768f476930d07461bdacdfd1e3d7ea9b33879d187b85edc2d8200b,needs_review,340,340,92823,92923,100
ELECAM-2025-NO-MAYO-LOUTI-GUIDER-0301,301,NO,NORD,NO-MAYO-LOUTI,MAYO LOUTI,NO-MAYO-LOUTI-GUIDER,GUIDER,EP SODALOU / B,149,SODALOU,elecam-bv-2025-nord,ed7c6f61ed768f476930d07461bdacdfd1e3d7ea9b33879d187b85edc2d8200b,needs_review,340,340,92823,92923,100
ELECAM-2025-NO-MAYO-LOUTI-GUIDER-0302,302,NO,NORD,NO-MAYO-LOUTI,MAYO LOUTI,NO-MAYO-LOUTI-GUIDER,GUIDER,EP SORAWEL / A,385,SORAWEL,elecam-bv-2025-nord,ed7c6f61ed768f476930d07461bdacdfd1e3d7ea9b33879d187b85edc2d8200b,needs_review,340,340,92823,92923,100
ELECAM-2025-NO-MAYO-LOUTI-GUIDER-0303,303,NO,NORD,NO-MAYO-LOUTI,MAYO LOUTI,NO-MAYO-LOUTI-GUIDER,GUIDER,EP SORAWEL / B,418,SORAWEL,elecam-bv-2025-nord,ed7c6f61ed768f476930d07461bdacdfd1e3d7ea9b33879d187b85edc2d8200b,needs_review,340,340,92823,92923,100
ELECAM-2025-NO-MAYO-LOUTI-GUIDER-0304,304,NO,NORD,NO-MAYO-LOUTI,MAYO LOUTI,NO-MAYO-LOUTI-GUIDER,GUIDER,EP SORAWEL / C,152,SORAWEL,elecam-bv-2025-nord,ed7c6f61ed768f476930d07461bdacdfd1e3d7ea9b33879d187b85edc2d8200b,needs_review,340,340,92823,92923,100
ELECAM-2025-NO-MAYO-LOUTI-GUIDER-0305,305,NO,NORD,NO-MAYO-LOUTI,MAYO LOUTI,NO-MAYO-LOUTI-GUIDER,GUIDER,EP SOUCKOUNDOU / A,417,SOUCKOUDOU,elecam-bv-2025-nord,ed7c6f61ed768f476930d07461bdacdfd1e3d7ea9b33879d187b85edc2d8200b,needs_review,340,340,92823,92923,100
ELECAM-2025-NO-MAYO-LOUTI-GUIDER-0306,306,NO,NORD,NO-MAYO-LOUTI,MAYO LOUTI,NO-MAYO-LOUTI-GUIDER,GUIDER,EP SOUCKOUNDOU / B,138,SOUCKOUDOU,elecam-bv-2025-nord,ed7c6f61ed768f476930d07461bdacdfd1e3d7ea9b33879d187b85edc2d8200b,needs_review,340,340,92823,92923,100
ELECAM-2025-NO-MAYO-LOUTI-GUIDER-0307,307,NO,NORD,NO-MAYO-LOUTI,MAYO LOUTI,NO-MAYO-LOUTI-GUIDER,GUIDER,ESPL CHEF SOULKANDOU / A,253,SOULKANDOU,elecam-bv-2025-nord,ed7c6f61ed768f476930d07461bdacdfd1e3d7ea9b33879d187b85edc2d8200b,needs_review,340,340,92823,92923,100
ELECAM-2025-NO-MAYO-LOUTI-GUIDER-0308,308,NO,NORD,NO-MAYO-LOUTI,MAYO LOUTI,NO-MAYO-LOUTI-GUIDER,GUIDER,ESPL CHEF SOUPTABANI / A,383,SOUPTABANI SADOU,elecam-bv-2025-nord,ed7c6f61ed768f476930d07461bdacdfd1e3d7ea9b33879d187b85edc2d8200b,needs_review,340,340,92823,92923,100
ELECAM-2025-NO-MAYO-LOUTI-GUIDER-0309,309,NO,NORD,NO-MAYO-LOUTI,MAYO LOUTI,NO-MAYO-LOUTI-GUIDER,GUIDER,ESPL CHEF WOULEP / A,254,TCHADA GAOULA,elecam-bv-2025-nord,ed7c6f61ed768f476930d07461bdacdfd1e3d7ea9b33879d187b85edc2d8200b,needs_review,340,340,92823,92923,100
ELECAM-2025-NO-MAYO-LOUTI-GUIDER-0310,310,NO,NORD,NO-MAYO-LOUTI,MAYO LOUTI,NO-MAYO-LOUTI-GUIDER,GUIDER,EP TCHONTCHI / A,384,TCHONTCHI,elecam-bv-2025-nord,ed7c6f61ed768f476930d07461bdacdfd1e3d7ea9b33879d187b85edc2d8200b,needs_review,340,340,92823,92923,100
ELECAM-2025-NO-MAYO-LOUTI-GUIDER-0311,311,NO,NORD,NO-MAYO-LOUTI,MAYO LOUTI,NO-MAYO-LOUTI-GUIDER,GUIDER,EP TCHONTCHI / B,355,TCHONTCHI,elecam-bv-2025-nord,ed7c6f61ed768f476930d07461bdacdfd1e3d7ea9b33879d187b85edc2d8200b,needs_review,340,340,92823,92923,100
ELECAM-2025-NO-MAYO-LOUTI-GUIDER-0312,312,NO,NORD,NO-MAYO-LOUTI,MAYO LOUTI,NO-MAYO-LOUTI-GUIDER,GUIDER,EP TCHONTCHI / C,406,TCHONTCHI,elecam-bv-2025-nord,ed7c6f61ed768f476930d07461bdacdfd1e3d7ea9b33879d187b85edc2d8200b,needs_review,340,340,92823,92923,100
ELECAM-2025-NO-MAYO-LOUTI-GUIDER-0313,313,NO,NORD,NO-MAYO-LOUTI,MAYO LOUTI,NO-MAYO-LOUTI-GUIDER,GUIDER,EP TCHONTCHI / D,327,TCHONTCHI,elecam-bv-2025-nord,ed7c6f61ed768f476930d07461bdacdfd1e3d7ea9b33879d187b85edc2d8200b,needs_review,340,340,92823,92923,100
ELECAM-2025-NO-MAYO-LOUTI-GUIDER-0314,314,NO,NORD,NO-MAYO-LOUTI,MAYO LOUTI,NO-MAYO-LOUTI-GUIDER,GUIDER,EP TCHONTCHI / E,332,TCHONTCHI,elecam-bv-2025-nord,ed7c6f61ed768f476930d07461bdacdfd1e3d7ea9b33879d187b85edc2d8200b,needs_review,340,340,92823,92923,100
ELECAM-2025-NO-MAYO-LOUTI-GUIDER-0315,315,NO,NORD,NO-MAYO-LOUTI,MAYO LOUTI,NO-MAYO-LOUTI-GUIDER,GUIDER,EP TIKELKE / A,423,TIKELKE,elecam-bv-2025-nord,ed7c6f61ed768f476930d07461bdacdfd1e3d7ea9b33879d187b85edc2d8200b,needs_review,340,340,92823,92923,100
ELECAM-2025-NO-MAYO-LOUTI-GUIDER-0316,316,NO,NORD,NO-MAYO-LOUTI,MAYO LOUTI,NO-MAYO-LOUTI-GUIDER,GUIDER,EP TIKELKE / B,13,TIKELKE,elecam-bv-2025-nord,ed7c6f61ed768f476930d07461bdacdfd1e3d7ea9b33879d187b85edc2d8200b,needs_review,340,340,92823,92923,100
ELECAM-2025-NO-MAYO-LOUTI-GUIDER-0317,317,NO,NORD,NO-MAYO-LOUTI,MAYO LOUTI,NO-MAYO-LOUTI-GUIDER,GUIDER,ESPL CHEF WALEWOL ROUMBO / A,233,WALEWOL ROUMBO,elecam-bv-2025-nord,ed7c6f61ed768f476930d07461bdacdfd1e3d7ea9b33879d187b85edc2d8200b,needs_review,340,340,92823,92923,100
ELECAM-2025-NO-MAYO-LOUTI-GUIDER-0318,318,NO,NORD,NO-MAYO-LOUTI,MAYO LOUTI,NO-MAYO-LOUTI-GUIDER,GUIDER,EP WINDE LOUE / A,350,WINDE-LOUE,elecam-bv-2025-nord,ed7c6f61ed768f476930d07461bdacdfd1e3d7ea9b33879d187b85edc2d8200b,needs_review,340,340,92823,92923,100
ELECAM-2025-NO-MAYO-LOUTI-GUIDER-0319,319,NO,NORD,NO-MAYO-LOUTI,MAYO LOUTI,NO-MAYO-LOUTI-GUIDER,GUIDER,EP WINDE LOUE / B,73,WINDE-LOUE,elecam-bv-2025-nord,ed7c6f61ed768f476930d07461bdacdfd1e3d7ea9b33879d187b85edc2d8200b,needs_review,340,340,92823,92923,100
ELECAM-2025-NO-MAYO-LOUTI-GUIDER-0320,320,NO,NORD,NO-MAYO-LOUTI,MAYO LOUTI,NO-MAYO-LOUTI-GUIDER,GUIDER,ESPL CHEF ZAGA DARBA / A,277,ZAGA DARBA,elecam-bv-2025-nord,ed7c6f61ed768f476930d07461bdacdfd1e3d7ea9b33879d187b85edc2d8200b,needs_review,340,340,92823,92923,100
ELECAM-2025-NO-MAYO-LOUTI-GUIDER-0321,321,NO,NORD,NO-MAYO-LOUTI,MAYO LOUTI,NO-MAYO-LOUTI-GUIDER,GUIDER,E.P. DE OURO-BARA / A,250,DJOMA DJAFAROU,elecam-bv-2025-nord,ed7c6f61ed768f476930d07461bdacdfd1e3d7ea9b33879d187b85edc2d8200b,needs_review,340,340,92823,92923,100
ELECAM-2025-NO-MAYO-LOUTI-GUIDER-0322,322,NO,NORD,NO-MAYO-LOUTI,MAYO LOUTI,NO-MAYO-LOUTI-GUIDER,GUIDER,ESPL CHEF BAMBALO / A,253,BADESSI,elecam-bv-2025-nord,ed7c6f61ed768f476930d07461bdacdfd1e3d7ea9b33879d187b85edc2d8200b,needs_review,340,340,92823,92923,100
ELECAM-2025-NO-MAYO-LOUTI-GUIDER-0323,323,NO,NORD,NO-MAYO-LOUTI,MAYO LOUTI,NO-MAYO-LOUTI-GUIDER,GUIDER,ESPL CHEF OURO TOUWE / A,219,BEDEVE,elecam-bv-2025-nord,ed7c6f61ed768f476930d07461bdacdfd1e3d7ea9b33879d187b85edc2d8200b,needs_review,340,340,92823,92923,100
ELECAM-2025-NO-MAYO-LOUTI-GUIDER-0324,324,NO,NORD,NO-MAYO-LOUTI,MAYO LOUTI,NO-MAYO-LOUTI-GUIDER,GUIDER,ESPL CHEF KAFKAÏ / A,183,KAFKAI,elecam-bv-2025-nord,ed7c6f61ed768f476930d07461bdacdfd1e3d7ea9b33879d187b85edc2d8200b,needs_review,340,340,92823,92923,100
ELECAM-2025-NO-MAYO-LOUTI-GUIDER-0325,325,NO,NORD,NO-MAYO-LOUTI,MAYO LOUTI,NO-MAYO-LOUTI-GUIDER,GUIDER,EP KAGOUMA / A,182,KAGOUMA,elecam-bv-2025-nord,ed7c6f61ed768f476930d07461bdacdfd1e3d7ea9b33879d187b85edc2d8200b,needs_review,340,340,92823,92923,100
ELECAM-2025-NO-MAYO-LOUTI-GUIDER-0326,326,NO,NORD,NO-MAYO-LOUTI,MAYO LOUTI,NO-MAYO-LOUTI-GUIDER,GUIDER,ESPL CHEF KIRIRAMBO / A,156,KIRIRAMBO,elecam-bv-2025-nord,ed7c6f61ed768f476930d07461bdacdfd1e3d7ea9b33879d187b85edc2d8200b,needs_review,340,340,92823,92923,100
ELECAM-2025-NO-MAYO-LOUTI-GUIDER-0327,327,NO,NORD,NO-MAYO-LOUTI,MAYO LOUTI,NO-MAYO-LOUTI-GUIDER,GUIDER,ESPL MOSQUEE LARMA / A,117,LARMA,elecam-bv-2025-nord,ed7c6f61ed768f476930d07461bdacdfd1e3d7ea9b33879d187b85edc2d8200b,needs_review,340,340,92823,92923,100
ELECAM-2025-NO-MAYO-LOUTI-GUIDER-0328,328,NO,NORD,NO-MAYO-LOUTI,MAYO LOUTI,NO-MAYO-LOUTI-GUIDER,GUIDER,EP MAYO LOUMAS / A,92,MAYO LOUMAS,elecam-bv-2025-nord,ed7c6f61ed768f476930d07461bdacdfd1e3d7ea9b33879d187b85edc2d8200b,needs_review,340,340,92823,92923,100
ELECAM-2025-NO-MAYO-LOUTI-GUIDER-0329,329,NO,NORD,NO-MAYO-LOUTI,MAYO LOUTI,NO-MAYO-LOUTI-GUIDER,GUIDER,EP MBIRMIDIGUIP / A,175,MAYO LOUMAS,elecam-bv-2025-nord,ed7c6f61ed768f476930d07461bdacdfd1e3d7ea9b33879d187b85edc2d8200b,needs_review,340,340,92823,92923,100
ELECAM-2025-NO-MAYO-LOUTI-GUIDER-0330,330,NO,NORD,NO-MAYO-LOUTI,MAYO LOUTI,NO-MAYO-LOUTI-GUIDER,GUIDER,CENTRE PRESCOLAIRE DE SANGUERE / A,323,OURO DJAOURO AHMADOU KOLAS,elecam-bv-2025-nord,ed7c6f61ed768f476930d07461bdacdfd1e3d7ea9b33879d187b85edc2d8200b,needs_review,340,340,92823,92923,100
ELECAM-2025-NO-MAYO-LOUTI-GUIDER-0331,331,NO,NORD,NO-MAYO-LOUTI,MAYO LOUTI,NO-MAYO-LOUTI-GUIDER,GUIDER,CENTRE PRESCOLAIRE DE SANGUERE / B,297,OURO DJAOURO AHMADOU KOLAS,elecam-bv-2025-nord,ed7c6f61ed768f476930d07461bdacdfd1e3d7ea9b33879d187b85edc2d8200b,needs_review,340,340,92823,92923,100
ELECAM-2025-NO-MAYO-LOUTI-GUIDER-0332,332,NO,NORD,NO-MAYO-LOUTI,MAYO LOUTI,NO-MAYO-LOUTI-GUIDER,GUIDER,EP SANGUERE 3 / A,274,OURO DJAOURO BOUBA YAOUNDE,elecam-bv-2025-nord,ed7c6f61ed768f476930d07461bdacdfd1e3d7ea9b33879d187b85edc2d8200b,needs_review,340,340,92823,92923,100
ELECAM-2025-NO-MAYO-LOUTI-GUIDER-0333,333,NO,NORD,NO-MAYO-LOUTI,MAYO LOUTI,NO-MAYO-LOUTI-GUIDER,GUIDER,EP SANGUERE 3 / B,258,OURO DJAOURO BOUBA YAOUNDE,elecam-bv-2025-nord,ed7c6f61ed768f476930d07461bdacdfd1e3d7ea9b33879d187b85edc2d8200b,needs_review,340,340,92823,92923,100
ELECAM-2025-NO-MAYO-LOUTI-GUIDER-0334,334,NO,NORD,NO-MAYO-LOUTI,MAYO LOUTI,NO-MAYO-LOUTI-GUIDER,GUIDER,EP FRANCO ARABE BEBERE 2 / A,186,OURO DJAOURO HAMADOU MAL DAWA,elecam-bv-2025-nord,ed7c6f61ed768f476930d07461bdacdfd1e3d7ea9b33879d187b85edc2d8200b,needs_review,340,340,92823,92923,100
ELECAM-2025-NO-MAYO-LOUTI-GUIDER-0335,335,NO,NORD,NO-MAYO-LOUTI,MAYO LOUTI,NO-MAYO-LOUTI-GUIDER,GUIDER,EP OURO MAL SIDDIKI / A,153,OURO MAL SIDDIKI,elecam-bv-2025-nord,ed7c6f61ed768f476930d07461bdacdfd1e3d7ea9b33879d187b85edc2d8200b,needs_review,340,340,92823,92923,100
ELECAM-2025-NO-MAYO-LOUTI-GUIDER-0336,336,NO,NORD,NO-MAYO-LOUTI,MAYO LOUTI,NO-MAYO-LOUTI-GUIDER,GUIDER,LYCEE BILINGUE DE GUIDER / A,222,SERME,elecam-bv-2025-nord,ed7c6f61ed768f476930d07461bdacdfd1e3d7ea9b33879d187b85edc2d8200b,needs_review,340,340,92823,92923,100
ELECAM-2025-NO-MAYO-LOUTI-GUIDER-0337,337,NO,NORD,NO-MAYO-LOUTI,MAYO LOUTI,NO-MAYO-LOUTI-GUIDER,GUIDER,ESPL CHEF GONDOUROU / A,285,GONDOUROU,elecam-bv-2025-nord,ed7c6f61ed768f476930d07461bdacdfd1e3d7ea9b33879d187b85edc2d8200b,needs_review,340,340,92823,92923,100
ELECAM-2025-NO-MAYO-LOUTI-GUIDER-0338,338,NO,NORD,NO-MAYO-LOUTI,MAYO LOUTI,NO-MAYO-LOUTI-GUIDER,GUIDER,ESPL CHEF KOSSEYEL DANEYEL / A,135,KOSSEYEL DANAYEL,elecam-bv-2025-nord,ed7c6f61ed768f476930d07461bdacdfd1e3d7ea9b33879d187b85edc2d8200b,needs_review,340,340,92823,92923,100
ELECAM-2025-NO-MAYO-LOUTI-GUIDER-0339,339,NO,NORD,NO-MAYO-LOUTI,MAYO LOUTI,NO-MAYO-LOUTI-GUIDER,GUIDER,EP MAZAVLA / A,152,MAZAVLA,elecam-bv-2025-nord,ed7c6f61ed768f476930d07461bdacdfd1e3d7ea9b33879d187b85edc2d8200b,needs_review,340,340,92823,92923,100
ELECAM-2025-NO-MAYO-LOUTI-GUIDER-0340,340,NO,NORD,NO-MAYO-LOUTI,MAYO LOUTI,NO-MAYO-LOUTI-GUIDER,GUIDER,EP TIMBO / A,91,TIMBO,elecam-bv-2025-nord,ed7c6f61ed768f476930d07461bdacdfd1e3d7ea9b33879d187b85edc2d8200b,needs_review,340,340,92823,92923,100
ELECAM-2025-NO-MAYO-REY-REY-BOUBA-0001,1,NO,NORD,NO-MAYO-REY,MAYO-REY,NO-MAYO-REY-REY-BOUBA,REY-BOUBA,EP ABAKOURA / A,168,ABAKOURA,elecam-bv-2025-nord,ed7c6f61ed768f476930d07461bdacdfd1e3d7ea9b33879d187b85edc2d8200b,needs_review,158,158,34933,35133,200
ELECAM-2025-NO-MAYO-REY-REY-BOUBA-0002,2,NO,NORD,NO-MAYO-REY,MAYO-REY,NO-MAYO-REY-REY-BOUBA,REY-BOUBA,ESPL CHEF DAMI / A,91,ABBA IDRISSA,elecam-bv-2025-nord,ed7c6f61ed768f476930d07461bdacdfd1e3d7ea9b33879d187b85edc2d8200b,needs_review,158,158,34933,35133,200
ELECAM-2025-NO-MAYO-REY-REY-BOUBA-0003,3,NO,NORD,NO-MAYO-REY,MAYO-REY,NO-MAYO-REY-REY-BOUBA,REY-BOUBA,ESPL CHEF ACHAKA MANGA / A,118,ACHAKA MANGA,elecam-bv-2025-nord,ed7c6f61ed768f476930d07461bdacdfd1e3d7ea9b33879d187b85edc2d8200b,needs_review,158,158,34933,35133,200
ELECAM-2025-NO-MAYO-REY-REY-BOUBA-0004,4,NO,NORD,NO-MAYO-REY,MAYO-REY,NO-MAYO-REY-REY-BOUBA,REY-BOUBA,ESPL CHEF ACHAKA MANGA / B,61,ACHAKA MANGA,elecam-bv-2025-nord,ed7c6f61ed768f476930d07461bdacdfd1e3d7ea9b33879d187b85edc2d8200b,needs_review,158,158,34933,35133,200
ELECAM-2025-NO-MAYO-REY-REY-BOUBA-0005,5,NO,NORD,NO-MAYO-REY,MAYO-REY,NO-MAYO-REY-REY-BOUBA,REY-BOUBA,ESPL CHEF REY MANGA / A,197,AKERI,elecam-bv-2025-nord,ed7c6f61ed768f476930d07461bdacdfd1e3d7ea9b33879d187b85edc2d8200b,needs_review,158,158,34933,35133,200
ELECAM-2025-NO-MAYO-REY-REY-BOUBA-0006,6,NO,NORD,NO-MAYO-REY,MAYO-REY,NO-MAYO-REY-REY-BOUBA,REY-BOUBA,ESPL CHEF REY MANGA / B,153,AKERI,elecam-bv-2025-nord,ed7c6f61ed768f476930d07461bdacdfd1e3d7ea9b33879d187b85edc2d8200b,needs_review,158,158,34933,35133,200
ELECAM-2025-NO-MAYO-REY-REY-BOUBA-0007,7,NO,NORD,NO-MAYO-REY,MAYO-REY,NO-MAYO-REY-REY-BOUBA,REY-BOUBA,ESPL CHEF SEINANGO / A,44,ALARBA,elecam-bv-2025-nord,ed7c6f61ed768f476930d07461bdacdfd1e3d7ea9b33879d187b85edc2d8200b,needs_review,158,158,34933,35133,200
ELECAM-2025-NO-MAYO-REY-REY-BOUBA-0008,8,NO,NORD,NO-MAYO-REY,MAYO-REY,NO-MAYO-REY-REY-BOUBA,REY-BOUBA,EP ALFA / A,284,ALFA,elecam-bv-2025-nord,ed7c6f61ed768f476930d07461bdacdfd1e3d7ea9b33879d187b85edc2d8200b,needs_review,158,158,34933,35133,200
ELECAM-2025-NO-MAYO-REY-REY-BOUBA-0009,9,NO,NORD,NO-MAYO-REY,MAYO-REY,NO-MAYO-REY-REY-BOUBA,REY-BOUBA,HOPITAL FONDATION MAYO REY / A,291,ALLABEDDI,elecam-bv-2025-nord,ed7c6f61ed768f476930d07461bdacdfd1e3d7ea9b33879d187b85edc2d8200b,needs_review,158,158,34933,35133,200
ELECAM-2025-NO-MAYO-REY-REY-BOUBA-0010,10,NO,NORD,NO-MAYO-REY,MAYO-REY,NO-MAYO-REY-REY-BOUBA,REY-BOUBA,HOPITAL FONDATION MAYO REY / B,205,ALLABEDDI,elecam-bv-2025-nord,ed7c6f61ed768f476930d07461bdacdfd1e3d7ea9b33879d187b85edc2d8200b,needs_review,158,158,34933,35133,200
ELECAM-2025-NO-MAYO-REY-REY-BOUBA-0011,11,NO,NORD,NO-MAYO-REY,MAYO-REY,NO-MAYO-REY-REY-BOUBA,REY-BOUBA,ESPL CHEF ANGARI WASSALI / A,58,ANGARI BEGUE,elecam-bv-2025-nord,ed7c6f61ed768f476930d07461bdacdfd1e3d7ea9b33879d187b85edc2d8200b,needs_review,158,158,34933,35133,200
ELECAM-2025-NO-MAYO-REY-REY-BOUBA-0012,12,NO,NORD,NO-MAYO-REY,MAYO-REY,NO-MAYO-REY-REY-BOUBA,REY-BOUBA,LYCEE REY BOUBA / A,344,ANINA,elecam-bv-2025-nord,ed7c6f61ed768f476930d07461bdacdfd1e3d7ea9b33879d187b85edc2d8200b,needs_review,158,158,34933,35133,200
ELECAM-2025-NO-MAYO-REY-REY-BOUBA-0013,13,NO,NORD,NO-MAYO-REY,MAYO-REY,NO-MAYO-REY-REY-BOUBA,REY-BOUBA,ESPL CHEF AOUDJALI / A,255,AOUDJALI,elecam-bv-2025-nord,ed7c6f61ed768f476930d07461bdacdfd1e3d7ea9b33879d187b85edc2d8200b,needs_review,158,158,34933,35133,200
ELECAM-2025-NO-MAYO-REY-REY-BOUBA-0014,14,NO,NORD,NO-MAYO-REY,MAYO-REY,NO-MAYO-REY-REY-BOUBA,REY-BOUBA,ESPL CHEF AOUDJALI / B,176,AOUDJALI,elecam-bv-2025-nord,ed7c6f61ed768f476930d07461bdacdfd1e3d7ea9b33879d187b85edc2d8200b,needs_review,158,158,34933,35133,200
ELECAM-2025-NO-MAYO-REY-REY-BOUBA-0015,15,NO,NORD,NO-MAYO-REY,MAYO-REY,NO-MAYO-REY-REY-BOUBA,REY-BOUBA,EP TATOU / A,379,BABBABLA,elecam-bv-2025-nord,ed7c6f61ed768f476930d07461bdacdfd1e3d7ea9b33879d187b85edc2d8200b,needs_review,158,158,34933,35133,200
ELECAM-2025-NO-MAYO-REY-REY-BOUBA-0016,16,NO,NORD,NO-MAYO-REY,MAYO-REY,NO-MAYO-REY-REY-BOUBA,REY-BOUBA,EP TATOU / B,365,BABBABLA,elecam-bv-2025-nord,ed7c6f61ed768f476930d07461bdacdfd1e3d7ea9b33879d187b85edc2d8200b,needs_review,158,158,34933,35133,200
ELECAM-2025-NO-MAYO-REY-REY-BOUBA-0017,17,NO,NORD,NO-MAYO-REY,MAYO-REY,NO-MAYO-REY-REY-BOUBA,REY-BOUBA,EP BABORORO / A,352,BABORORO,elecam-bv-2025-nord,ed7c6f61ed768f476930d07461bdacdfd1e3d7ea9b33879d187b85edc2d8200b,needs_review,158,158,34933,35133,200
ELECAM-2025-NO-MAYO-REY-REY-BOUBA-0018,18,NO,NORD,NO-MAYO-REY,MAYO-REY,NO-MAYO-REY-REY-BOUBA,REY-BOUBA,ESPL CHEF YOLA MBODEWA / A,40,BABOUDJI,elecam-bv-2025-nord,ed7c6f61ed768f476930d07461bdacdfd1e3d7ea9b33879d187b85edc2d8200b,needs_review,158,158,34933,35133,200
ELECAM-2025-NO-MAYO-REY-REY-BOUBA-0019,19,NO,NORD,NO-MAYO-REY,MAYO-REY,NO-MAYO-REY-REY-BOUBA,REY-BOUBA,EP DEO-NGAOURI / A,184,BABOULGA,elecam-bv-2025-nord,ed7c6f61ed768f476930d07461bdacdfd1e3d7ea9b33879d187b85edc2d8200b,needs_review,158,158,34933,35133,200
ELECAM-2025-NO-MAYO-REY-REY-BOUBA-0020,20,NO,NORD,NO-MAYO-REY,MAYO-REY,NO-MAYO-REY-REY-BOUBA,REY-BOUBA,EP DJOUROUM / A,381,BADIDDI FOULBE,elecam-bv-2025-nord,ed7c6f61ed768f476930d07461bdacdfd1e3d7ea9b33879d187b85edc2d8200b,needs_review,158,158,34933,35133,200
ELECAM-2025-NO-MAYO-REY-REY-BOUBA-0021,21,NO,NORD,NO-MAYO-REY,MAYO-REY,NO-MAYO-REY-REY-BOUBA,REY-BOUBA,EP DJOUROUM / B,259,BADIDDI FOULBE,elecam-bv-2025-nord,ed7c6f61ed768f476930d07461bdacdfd1e3d7ea9b33879d187b85edc2d8200b,needs_review,158,158,34933,35133,200
ELECAM-2025-NO-MAYO-REY-REY-BOUBA-0022,22,NO,NORD,NO-MAYO-REY,MAYO-REY,NO-MAYO-REY-REY-BOUBA,REY-BOUBA,EP BADJARI / A,348,BADJARI-TOUMBINGUEL,elecam-bv-2025-nord,ed7c6f61ed768f476930d07461bdacdfd1e3d7ea9b33879d187b85edc2d8200b,needs_review,158,158,34933,35133,200
ELECAM-2025-NO-MAYO-REY-REY-BOUBA-0023,23,NO,NORD,NO-MAYO-REY,MAYO-REY,NO-MAYO-REY-REY-BOUBA,REY-BOUBA,ESPL CHEF BAIGRAM / A,122,BAIGRAM,elecam-bv-2025-nord,ed7c6f61ed768f476930d07461bdacdfd1e3d7ea9b33879d187b85edc2d8200b,needs_review,158,158,34933,35133,200
ELECAM-2025-NO-MAYO-REY-REY-BOUBA-0024,24,NO,NORD,NO-MAYO-REY,MAYO-REY,NO-MAYO-REY-REY-BOUBA,REY-BOUBA,EP MAYO BANI OUING / A,341,BAIKWA,elecam-bv-2025-nord,ed7c6f61ed768f476930d07461bdacdfd1e3d7ea9b33879d187b85edc2d8200b,needs_review,158,158,34933,35133,200
ELECAM-2025-NO-MAYO-REY-REY-BOUBA-0025,25,NO,NORD,NO-MAYO-REY,MAYO-REY,NO-MAYO-REY-REY-BOUBA,REY-BOUBA,EP MAYO BANI OUING / B,238,BAIKWA,elecam-bv-2025-nord,ed7c6f61ed768f476930d07461bdacdfd1e3d7ea9b33879d187b85edc2d8200b,needs_review,158,158,34933,35133,200
ELECAM-2025-NO-MAYO-REY-REY-BOUBA-0026,26,NO,NORD,NO-MAYO-REY,MAYO-REY,NO-MAYO-REY-REY-BOUBA,REY-BOUBA,ESPL CHEF TAPAREROU / A,96,BALAROU,elecam-bv-2025-nord,ed7c6f61ed768f476930d07461bdacdfd1e3d7ea9b33879d187b85edc2d8200b,needs_review,158,158,34933,35133,200
ELECAM-2025-NO-MAYO-REY-REY-BOUBA-0027,27,NO,NORD,NO-MAYO-REY,MAYO-REY,NO-MAYO-REY-REY-BOUBA,REY-BOUBA,EP DOUKROUM / A,246,BAMAYE,elecam-bv-2025-nord,ed7c6f61ed768f476930d07461bdacdfd1e3d7ea9b33879d187b85edc2d8200b,needs_review,158,158,34933,35133,200
ELECAM-2025-NO-MAYO-REY-REY-BOUBA-0028,28,NO,NORD,NO-MAYO-REY,MAYO-REY,NO-MAYO-REY-REY-BOUBA,REY-BOUBA,EP HOMA MAL YAYA / A,341,BAPOUNI,elecam-bv-2025-nord,ed7c6f61ed768f476930d07461bdacdfd1e3d7ea9b33879d187b85edc2d8200b,needs_review,158,158,34933,35133,200
ELECAM-2025-NO-MAYO-REY-REY-BOUBA-0029,29,NO,NORD,NO-MAYO-REY,MAYO-REY,NO-MAYO-REY-REY-BOUBA,REY-BOUBA,EP HOMA MAL YAYA / B,256,BAPOUNI,elecam-bv-2025-nord,ed7c6f61ed768f476930d07461bdacdfd1e3d7ea9b33879d187b85edc2d8200b,needs_review,158,158,34933,35133,200
ELECAM-2025-NO-MAYO-REY-REY-BOUBA-0030,30,NO,NORD,NO-MAYO-REY,MAYO-REY,NO-MAYO-REY-REY-BOUBA,REY-BOUBA,ESPL CHEF MAYO BANI SADOU / A,210,BARAKOI LOUTCHE,elecam-bv-2025-nord,ed7c6f61ed768f476930d07461bdacdfd1e3d7ea9b33879d187b85edc2d8200b,needs_review,158,158,34933,35133,200
ELECAM-2025-NO-MAYO-REY-REY-BOUBA-0031,31,NO,NORD,NO-MAYO-REY,MAYO-REY,NO-MAYO-REY-REY-BOUBA,REY-BOUBA,EP SOMESSI / A,342,BARY,elecam-bv-2025-nord,ed7c6f61ed768f476930d07461bdacdfd1e3d7ea9b33879d187b85edc2d8200b,needs_review,158,158,34933,35133,200
ELECAM-2025-NO-MAYO-REY-REY-BOUBA-0032,32,NO,NORD,NO-MAYO-REY,MAYO-REY,NO-MAYO-REY-REY-BOUBA,REY-BOUBA,EP SOMESSI / B,94,BARY,elecam-bv-2025-nord,ed7c6f61ed768f476930d07461bdacdfd1e3d7ea9b33879d187b85edc2d8200b,needs_review,158,158,34933,35133,200
ELECAM-2025-NO-MAYO-REY-REY-BOUBA-0033,33,NO,NORD,NO-MAYO-REY,MAYO-REY,NO-MAYO-REY-REY-BOUBA,REY-BOUBA,ESPL CHEF BASSARI / A,221,BASSARI,elecam-bv-2025-nord,ed7c6f61ed768f476930d07461bdacdfd1e3d7ea9b33879d187b85edc2d8200b,needs_review,158,158,34933,35133,200
ELECAM-2025-NO-MAYO-REY-REY-BOUBA-0034,34,NO,NORD,NO-MAYO-REY,MAYO-REY,NO-MAYO-REY-REY-BOUBA,REY-BOUBA,EP BATAO / A,411,BATAO,elecam-bv-2025-nord,ed7c6f61ed768f476930d07461bdacdfd1e3d7ea9b33879d187b85edc2d8200b,needs_review,158,158,34933,35133,200
ELECAM-2025-NO-MAYO-REY-REY-BOUBA-0035,35,NO,NORD,NO-MAYO-REY,MAYO-REY,NO-MAYO-REY-REY-BOUBA,REY-BOUBA,EP BATAO / B,257,BATAO,elecam-bv-2025-nord,ed7c6f61ed768f476930d07461bdacdfd1e3d7ea9b33879d187b85edc2d8200b,needs_review,158,158,34933,35133,200
ELECAM-2025-NO-MAYO-REY-REY-BOUBA-0036,36,NO,NORD,NO-MAYO-REY,MAYO-REY,NO-MAYO-REY-REY-BOUBA,REY-BOUBA,EP BERE / A,296,BERE,elecam-bv-2025-nord,ed7c6f61ed768f476930d07461bdacdfd1e3d7ea9b33879d187b85edc2d8200b,needs_review,158,158,34933,35133,200
ELECAM-2025-NO-MAYO-REY-REY-BOUBA-0037,37,NO,NORD,NO-MAYO-REY,MAYO-REY,NO-MAYO-REY-REY-BOUBA,REY-BOUBA,EP BERE / B,219,BERE,elecam-bv-2025-nord,ed7c6f61ed768f476930d07461bdacdfd1e3d7ea9b33879d187b85edc2d8200b,needs_review,158,158,34933,35133,200
ELECAM-2025-NO-MAYO-REY-REY-BOUBA-0038,38,NO,NORD,NO-MAYO-REY,MAYO-REY,NO-MAYO-REY-REY-BOUBA,REY-BOUBA,ESPL CHEF REY WAOBE / A,185,BIBBE HORBE,elecam-bv-2025-nord,ed7c6f61ed768f476930d07461bdacdfd1e3d7ea9b33879d187b85edc2d8200b,needs_review,158,158,34933,35133,200
ELECAM-2025-NO-MAYO-REY-REY-BOUBA-0039,39,NO,NORD,NO-MAYO-REY,MAYO-REY,NO-MAYO-REY-REY-BOUBA,REY-BOUBA,ESPL CHEF BIDEING / A,69,BIDEING,elecam-bv-2025-nord,ed7c6f61ed768f476930d07461bdacdfd1e3d7ea9b33879d187b85edc2d8200b,needs_review,158,158,34933,35133,200
ELECAM-2025-NO-MAYO-REY-REY-BOUBA-0040,40,NO,NORD,NO-MAYO-REY,MAYO-REY,NO-MAYO-REY-REY-BOUBA,REY-BOUBA,ESPL CHEF TSAPOMA / A,165,BIRI IDRISSA,elecam-bv-2025-nord,ed7c6f61ed768f476930d07461bdacdfd1e3d7ea9b33879d187b85edc2d8200b,needs_review,158,158,34933,35133,200
ELECAM-2025-NO-MAYO-REY-REY-BOUBA-0041,41,NO,NORD,NO-MAYO-REY,MAYO-REY,NO-MAYO-REY-REY-BOUBA,REY-BOUBA,EP MOMBORE / A,392,BITANG DABA,elecam-bv-2025-nord,ed7c6f61ed768f476930d07461bdacdfd1e3d7ea9b33879d187b85edc2d8200b,needs_review,158,158,34933,35133,200
ELECAM-2025-NO-MAYO-REY-REY-BOUBA-0042,42,NO,NORD,NO-MAYO-REY,MAYO-REY,NO-MAYO-REY-REY-BOUBA,REY-BOUBA,EP MOMBORE / B,308,BITANG DABA,elecam-bv-2025-nord,ed7c6f61ed768f476930d07461bdacdfd1e3d7ea9b33879d187b85edc2d8200b,needs_review,158,158,34933,35133,200
ELECAM-2025-NO-MAYO-REY-REY-BOUBA-0043,43,NO,NORD,NO-MAYO-REY,MAYO-REY,NO-MAYO-REY-REY-BOUBA,REY-BOUBA,ESPL CHEF KONGRONG SIOUTO / A,324,BIZILI,elecam-bv-2025-nord,ed7c6f61ed768f476930d07461bdacdfd1e3d7ea9b33879d187b85edc2d8200b,needs_review,158,158,34933,35133,200
ELECAM-2025-NO-MAYO-REY-REY-BOUBA-0044,44,NO,NORD,NO-MAYO-REY,MAYO-REY,NO-MAYO-REY-REY-BOUBA,REY-BOUBA,EP BODAL / A,254,BODAL,elecam-bv-2025-nord,ed7c6f61ed768f476930d07461bdacdfd1e3d7ea9b33879d187b85edc2d8200b,needs_review,158,158,34933,35133,200
ELECAM-2025-NO-MAYO-REY-REY-BOUBA-0045,45,NO,NORD,NO-MAYO-REY,MAYO-REY,NO-MAYO-REY-REY-BOUBA,REY-BOUBA,EP BOUNBOU / A,280,BOUNBOU,elecam-bv-2025-nord,ed7c6f61ed768f476930d07461bdacdfd1e3d7ea9b33879d187b85edc2d8200b,needs_review,158,158,34933,35133,200
ELECAM-2025-NO-MAYO-REY-REY-BOUBA-0046,46,NO,NORD,NO-MAYO-REY,MAYO-REY,NO-MAYO-REY-REY-BOUBA,REY-BOUBA,ESPL CHEF BOUNNEROU / A,130,BOUNNEROU,elecam-bv-2025-nord,ed7c6f61ed768f476930d07461bdacdfd1e3d7ea9b33879d187b85edc2d8200b,needs_review,158,158,34933,35133,200
ELECAM-2025-NO-MAYO-REY-REY-BOUBA-0047,47,NO,NORD,NO-MAYO-REY,MAYO-REY,NO-MAYO-REY-REY-BOUBA,REY-BOUBA,ESPL CHEF OURO GADOU / A,167,DAKAR,elecam-bv-2025-nord,ed7c6f61ed768f476930d07461bdacdfd1e3d7ea9b33879d187b85edc2d8200b,needs_review,158,158,34933,35133,200
ELECAM-2025-NO-MAYO-REY-REY-BOUBA-0048,48,NO,NORD,NO-MAYO-REY,MAYO-REY,NO-MAYO-REY-REY-BOUBA,REY-BOUBA,EM REY-BOUBA / A,259,DAMA GODI,elecam-bv-2025-nord,ed7c6f61ed768f476930d07461bdacdfd1e3d7ea9b33879d187b85edc2d8200b,needs_review,158,158,34933,35133,200
ELECAM-2025-NO-MAYO-REY-REY-BOUBA-0049,49,NO,NORD,NO-MAYO-REY,MAYO-REY,NO-MAYO-REY-REY-BOUBA,REY-BOUBA,EP DAMDJEL / A,143,DAMDJEL,elecam-bv-2025-nord,ed7c6f61ed768f476930d07461bdacdfd1e3d7ea9b33879d187b85edc2d8200b,needs_review,158,158,34933,35133,200
ELECAM-2025-NO-MAYO-REY-REY-BOUBA-0050,50,NO,NORD,NO-MAYO-REY,MAYO-REY,NO-MAYO-REY-REY-BOUBA,REY-BOUBA,ESPL CHEF REY BARIKI / A,224,DAMOUGAL,elecam-bv-2025-nord,ed7c6f61ed768f476930d07461bdacdfd1e3d7ea9b33879d187b85edc2d8200b,needs_review,158,158,34933,35133,200
ELECAM-2025-NO-MAYO-REY-REY-BOUBA-0051,51,NO,NORD,NO-MAYO-REY,MAYO-REY,NO-MAYO-REY-REY-BOUBA,REY-BOUBA,ESPL CHEF GUIRLING / A,106,DANBI,elecam-bv-2025-nord,ed7c6f61ed768f476930d07461bdacdfd1e3d7ea9b33879d187b85edc2d8200b,needs_review,158,158,34933,35133,200
ELECAM-2025-NO-MAYO-REY-REY-BOUBA-0052,52,NO,NORD,NO-MAYO-REY,MAYO-REY,NO-MAYO-REY-REY-BOUBA,REY-BOUBA,EP OURO MAYO / A,235,DIWODJI,elecam-bv-2025-nord,ed7c6f61ed768f476930d07461bdacdfd1e3d7ea9b33879d187b85edc2d8200b,needs_review,158,158,34933,35133,200
ELECAM-2025-NO-MAYO-REY-REY-BOUBA-0053,53,NO,NORD,NO-MAYO-REY,MAYO-REY,NO-MAYO-REY-REY-BOUBA,REY-BOUBA,EP OURO MAYO / B,191,DIWODJI,elecam-bv-2025-nord,ed7c6f61ed768f476930d07461bdacdfd1e3d7ea9b33879d187b85edc2d8200b,needs_review,158,158,34933,35133,200
ELECAM-2025-NO-MAYO-REY-REY-BOUBA-0054,54,NO,NORD,NO-MAYO-REY,MAYO-REY,NO-MAYO-REY-REY-BOUBA,REY-BOUBA,ESPL CHEF DJAGOL / A,66,DJAGOL,elecam-bv-2025-nord,ed7c6f61ed768f476930d07461bdacdfd1e3d7ea9b33879d187b85edc2d8200b,needs_review,158,158,34933,35133,200
ELECAM-2025-NO-MAYO-REY-REY-BOUBA-0055,55,NO,NORD,NO-MAYO-REY,MAYO-REY,NO-MAYO-REY-REY-BOUBA,REY-BOUBA,EP KONGRONG / A,354,DJALBANG,elecam-bv-2025-nord,ed7c6f61ed768f476930d07461bdacdfd1e3d7ea9b33879d187b85edc2d8200b,needs_review,158,158,34933,35133,200
ELECAM-2025-NO-MAYO-REY-REY-BOUBA-0056,56,NO,NORD,NO-MAYO-REY,MAYO-REY,NO-MAYO-REY-REY-BOUBA,REY-BOUBA,EP KONGRONG / B,313,DJALBANG,elecam-bv-2025-nord,ed7c6f61ed768f476930d07461bdacdfd1e3d7ea9b33879d187b85edc2d8200b,needs_review,158,158,34933,35133,200
ELECAM-2025-NO-MAYO-REY-REY-BOUBA-0057,57,NO,NORD,NO-MAYO-REY,MAYO-REY,NO-MAYO-REY-REY-BOUBA,REY-BOUBA,EP DJAMARE / A,314,DJAMARE,elecam-bv-2025-nord,ed7c6f61ed768f476930d07461bdacdfd1e3d7ea9b33879d187b85edc2d8200b,needs_review,158,158,34933,35133,200
ELECAM-2025-NO-MAYO-REY-REY-BOUBA-0058,58,NO,NORD,NO-MAYO-REY,MAYO-REY,NO-MAYO-REY-REY-BOUBA,REY-BOUBA,ESPL CHEF LESDI MBODERI / A,187,DJAOURO LELE,elecam-bv-2025-nord,ed7c6f61ed768f476930d07461bdacdfd1e3d7ea9b33879d187b85edc2d8200b,needs_review,158,158,34933,35133,200
ELECAM-2025-NO-MAYO-REY-REY-BOUBA-0059,59,NO,NORD,NO-MAYO-REY,MAYO-REY,NO-MAYO-REY-REY-BOUBA,REY-BOUBA,ESPL CHEF DJERWING / A,98,DJERWING,elecam-bv-2025-nord,ed7c6f61ed768f476930d07461bdacdfd1e3d7ea9b33879d187b85edc2d8200b,needs_review,158,158,34933,35133,200
ELECAM-2025-NO-MAYO-REY-REY-BOUBA-0060,60,NO,NORD,NO-MAYO-REY,MAYO-REY,NO-MAYO-REY-REY-BOUBA,REY-BOUBA,EP LAINDE DJAOULE / A,239,DJIPORDE GALAYE,elecam-bv-2025-nord,ed7c6f61ed768f476930d07461bdacdfd1e3d7ea9b33879d187b85edc2d8200b,needs_review,158,158,34933,35133,200
ELECAM-2025-NO-MAYO-REY-REY-BOUBA-0061,61,NO,NORD,NO-MAYO-REY,MAYO-REY,NO-MAYO-REY-REY-BOUBA,REY-BOUBA,EP DOBINGA / A,412,DOBINGA,elecam-bv-2025-nord,ed7c6f61ed768f476930d07461bdacdfd1e3d7ea9b33879d187b85edc2d8200b,needs_review,158,158,34933,35133,200
ELECAM-2025-NO-MAYO-REY-REY-BOUBA-0062,62,NO,NORD,NO-MAYO-REY,MAYO-REY,NO-MAYO-REY-REY-BOUBA,REY-BOUBA,EP DOBINGA / B,350,DOBINGA,elecam-bv-2025-nord,ed7c6f61ed768f476930d07461bdacdfd1e3d7ea9b33879d187b85edc2d8200b,needs_review,158,158,34933,35133,200
ELECAM-2025-NO-MAYO-REY-REY-BOUBA-0063,63,NO,NORD,NO-MAYO-REY,MAYO-REY,NO-MAYO-REY-REY-BOUBA,REY-BOUBA,EP DOBINGA / C,172,DOBINGA,elecam-bv-2025-nord,ed7c6f61ed768f476930d07461bdacdfd1e3d7ea9b33879d187b85edc2d8200b,needs_review,158,158,34933,35133,200
ELECAM-2025-NO-MAYO-REY-REY-BOUBA-0064,64,NO,NORD,NO-MAYO-REY,MAYO-REY,NO-MAYO-REY-REY-BOUBA,REY-BOUBA,EP DOKEROL 1 / A,355,DOKEROL,elecam-bv-2025-nord,ed7c6f61ed768f476930d07461bdacdfd1e3d7ea9b33879d187b85edc2d8200b,needs_review,158,158,34933,35133,200
ELECAM-2025-NO-MAYO-REY-REY-BOUBA-0065,65,NO,NORD,NO-MAYO-REY,MAYO-REY,NO-MAYO-REY-REY-BOUBA,REY-BOUBA,EP OURO GADOUDJI / A,232,DAME,elecam-bv-2025-nord,ed7c6f61ed768f476930d07461bdacdfd1e3d7ea9b33879d187b85edc2d8200b,needs_review,158,158,34933,35133,200
ELECAM-2025-NO-MAYO-REY-REY-BOUBA-0066,66,NO,NORD,NO-MAYO-REY,MAYO-REY,NO-MAYO-REY-REY-BOUBA,REY-BOUBA,ESPL CHEF RYA / A,149,GATOUGUEL,elecam-bv-2025-nord,ed7c6f61ed768f476930d07461bdacdfd1e3d7ea9b33879d187b85edc2d8200b,needs_review,158,158,34933,35133,200
ELECAM-2025-NO-MAYO-REY-REY-BOUBA-0067,67,NO,NORD,NO-MAYO-REY,MAYO-REY,NO-MAYO-REY-REY-BOUBA,REY-BOUBA,EP LERKA / A,314,GONDI,elecam-bv-2025-nord,ed7c6f61ed768f476930d07461bdacdfd1e3d7ea9b33879d187b85edc2d8200b,needs_review,158,158,34933,35133,200
ELECAM-2025-NO-MAYO-REY-REY-BOUBA-0068,68,NO,NORD,NO-MAYO-REY,MAYO-REY,NO-MAYO-REY-REY-BOUBA,REY-BOUBA,EP MAYEL POULDEBO / A,80,KARA,elecam-bv-2025-nord,ed7c6f61ed768f476930d07461bdacdfd1e3d7ea9b33879d187b85edc2d8200b,needs_review,158,158,34933,35133,200
ELECAM-2025-NO-MAYO-REY-REY-BOUBA-0069,69,NO,NORD,NO-MAYO-REY,MAYO-REY,NO-MAYO-REY-REY-BOUBA,REY-BOUBA,EP KOINDERI / A,346,KOINDERI,elecam-bv-2025-nord,ed7c6f61ed768f476930d07461bdacdfd1e3d7ea9b33879d187b85edc2d8200b,needs_review,158,158,34933,35133,200
ELECAM-2025-NO-MAYO-REY-REY-BOUBA-0070,70,NO,NORD,NO-MAYO-REY,MAYO-REY,NO-MAYO-REY-REY-BOUBA,REY-BOUBA,EP KOINDERI / B,193,KOINDERI,elecam-bv-2025-nord,ed7c6f61ed768f476930d07461bdacdfd1e3d7ea9b33879d187b85edc2d8200b,needs_review,158,158,34933,35133,200
ELECAM-2025-NO-MAYO-REY-REY-BOUBA-0071,71,NO,NORD,NO-MAYO-REY,MAYO-REY,NO-MAYO-REY-REY-BOUBA,REY-BOUBA,ESPL CHEF LAINDE MODIBO / A,84,DABBIRE BERE,elecam-bv-2025-nord,ed7c6f61ed768f476930d07461bdacdfd1e3d7ea9b33879d187b85edc2d8200b,needs_review,158,158,34933,35133,200
ELECAM-2025-NO-MAYO-REY-REY-BOUBA-0072,72,NO,NORD,NO-MAYO-REY,MAYO-REY,NO-MAYO-REY-REY-BOUBA,REY-BOUBA,EP REY BOUBA / A,297,LAKA'EN,elecam-bv-2025-nord,ed7c6f61ed768f476930d07461bdacdfd1e3d7ea9b33879d187b85edc2d8200b,needs_review,158,158,34933,35133,200
ELECAM-2025-NO-MAYO-REY-REY-BOUBA-0073,73,NO,NORD,NO-MAYO-REY,MAYO-REY,NO-MAYO-REY-REY-BOUBA,REY-BOUBA,EP REY BOUBA / B,285,LAKA'EN,elecam-bv-2025-nord,ed7c6f61ed768f476930d07461bdacdfd1e3d7ea9b33879d187b85edc2d8200b,needs_review,158,158,34933,35133,200
ELECAM-2025-NO-MAYO-REY-REY-BOUBA-0074,74,NO,NORD,NO-MAYO-REY,MAYO-REY,NO-MAYO-REY-REY-BOUBA,REY-BOUBA,ESPL CHEF LAMOUGUEL FOULBE / A,243,LAMMOUGUEL FOULBE,elecam-bv-2025-nord,ed7c6f61ed768f476930d07461bdacdfd1e3d7ea9b33879d187b85edc2d8200b,needs_review,158,158,34933,35133,200
ELECAM-2025-NO-MAYO-REY-REY-BOUBA-0075,75,NO,NORD,NO-MAYO-REY,MAYO-REY,NO-MAYO-REY-REY-BOUBA,REY-BOUBA,EP LANDOU / A,424,LAIHIRDOHI,elecam-bv-2025-nord,ed7c6f61ed768f476930d07461bdacdfd1e3d7ea9b33879d187b85edc2d8200b,needs_review,158,158,34933,35133,200
ELECAM-2025-NO-MAYO-REY-REY-BOUBA-0076,76,NO,NORD,NO-MAYO-REY,MAYO-REY,NO-MAYO-REY-REY-BOUBA,REY-BOUBA,EP LARKI / A,176,LARKI,elecam-bv-2025-nord,ed7c6f61ed768f476930d07461bdacdfd1e3d7ea9b33879d187b85edc2d8200b,needs_review,158,158,34933,35133,200
ELECAM-2025-NO-MAYO-REY-REY-BOUBA-0077,77,NO,NORD,NO-MAYO-REY,MAYO-REY,NO-MAYO-REY-REY-BOUBA,REY-BOUBA,EP SINASSI / A,404,MAFIRE,elecam-bv-2025-nord,ed7c6f61ed768f476930d07461bdacdfd1e3d7ea9b33879d187b85edc2d8200b,needs_review,158,158,34933,35133,200
ELECAM-2025-NO-MAYO-REY-REY-BOUBA-0078,78,NO,NORD,NO-MAYO-REY,MAYO-REY,NO-MAYO-REY-REY-BOUBA,REY-BOUBA,EP SINASSI / B,143,MAFIRE,elecam-bv-2025-nord,ed7c6f61ed768f476930d07461bdacdfd1e3d7ea9b33879d187b85edc2d8200b,needs_review,158,158,34933,35133,200
ELECAM-2025-NO-MAYO-REY-REY-BOUBA-0079,79,NO,NORD,NO-MAYO-REY,MAYO-REY,NO-MAYO-REY-REY-BOUBA,REY-BOUBA,EP MANGA / A,360,MANGA,elecam-bv-2025-nord,ed7c6f61ed768f476930d07461bdacdfd1e3d7ea9b33879d187b85edc2d8200b,needs_review,158,158,34933,35133,200
ELECAM-2025-NO-MAYO-REY-REY-BOUBA-0080,80,NO,NORD,NO-MAYO-REY,MAYO-REY,NO-MAYO-REY-REY-BOUBA,REY-BOUBA,EP MARADI / A,280,MARADI,elecam-bv-2025-nord,ed7c6f61ed768f476930d07461bdacdfd1e3d7ea9b33879d187b85edc2d8200b,needs_review,158,158,34933,35133,200
ELECAM-2025-NO-MAYO-REY-REY-BOUBA-0081,81,NO,NORD,NO-MAYO-REY,MAYO-REY,NO-MAYO-REY-REY-BOUBA,REY-BOUBA,EP MARADI / B,180,MARADI,elecam-bv-2025-nord,ed7c6f61ed768f476930d07461bdacdfd1e3d7ea9b33879d187b85edc2d8200b,needs_review,158,158,34933,35133,200
ELECAM-2025-NO-MAYO-REY-REY-BOUBA-0082,82,NO,NORD,NO-MAYO-REY,MAYO-REY,NO-MAYO-REY-REY-BOUBA,REY-BOUBA,FOYER MUNICIPAL REY BOUBA / A,317,MARCHE,elecam-bv-2025-nord,ed7c6f61ed768f476930d07461bdacdfd1e3d7ea9b33879d187b85edc2d8200b,needs_review,158,158,34933,35133,200
ELECAM-2025-NO-MAYO-REY-REY-BOUBA-0083,83,NO,NORD,NO-MAYO-REY,MAYO-REY,NO-MAYO-REY-REY-BOUBA,REY-BOUBA,EP MAYO DJOY / A,292,MAYO DJOY,elecam-bv-2025-nord,ed7c6f61ed768f476930d07461bdacdfd1e3d7ea9b33879d187b85edc2d8200b,needs_review,158,158,34933,35133,200
ELECAM-2025-NO-MAYO-REY-REY-BOUBA-0084,84,NO,NORD,NO-MAYO-REY,MAYO-REY,NO-MAYO-REY-REY-BOUBA,REY-BOUBA,EP MAYO LAYE / A,295,MAYO LAYE,elecam-bv-2025-nord,ed7c6f61ed768f476930d07461bdacdfd1e3d7ea9b33879d187b85edc2d8200b,needs_review,158,158,34933,35133,200
ELECAM-2025-NO-MAYO-REY-REY-BOUBA-0085,85,NO,NORD,NO-MAYO-REY,MAYO-REY,NO-MAYO-REY-REY-BOUBA,REY-BOUBA,ESPL CHEF MAYO WONDE / A,72,BOCKA,elecam-bv-2025-nord,ed7c6f61ed768f476930d07461bdacdfd1e3d7ea9b33879d187b85edc2d8200b,needs_review,158,158,34933,35133,200
ELECAM-2025-NO-MAYO-REY-REY-BOUBA-0086,86,NO,NORD,NO-MAYO-REY,MAYO-REY,NO-MAYO-REY-REY-BOUBA,REY-BOUBA,ESPL CHEF NASSARAO / A,109,MBAILOU,elecam-bv-2025-nord,ed7c6f61ed768f476930d07461bdacdfd1e3d7ea9b33879d187b85edc2d8200b,needs_review,158,158,34933,35133,200
ELECAM-2025-NO-MAYO-REY-REY-BOUBA-0087,87,NO,NORD,NO-MAYO-REY,MAYO-REY,NO-MAYO-REY-REY-BOUBA,REY-BOUBA,EP NAOUDEL / A,231,NAOUDEL,elecam-bv-2025-nord,ed7c6f61ed768f476930d07461bdacdfd1e3d7ea9b33879d187b85edc2d8200b,needs_review,158,158,34933,35133,200
ELECAM-2025-NO-MAYO-REY-REY-BOUBA-0088,88,NO,NORD,NO-MAYO-REY,MAYO-REY,NO-MAYO-REY-REY-BOUBA,REY-BOUBA,EP WAFANGO / A,230,NDIAMBAILOUM,elecam-bv-2025-nord,ed7c6f61ed768f476930d07461bdacdfd1e3d7ea9b33879d187b85edc2d8200b,needs_review,158,158,34933,35133,200
ELECAM-2025-NO-MAYO-REY-REY-BOUBA-0089,89,NO,NORD,NO-MAYO-REY,MAYO-REY,NO-MAYO-REY-REY-BOUBA,REY-BOUBA,EP WAFANGO / B,148,NDIAMBAILOUM,elecam-bv-2025-nord,ed7c6f61ed768f476930d07461bdacdfd1e3d7ea9b33879d187b85edc2d8200b,needs_review,158,158,34933,35133,200
ELECAM-2025-NO-MAYO-REY-REY-BOUBA-0090,90,NO,NORD,NO-MAYO-REY,MAYO-REY,NO-MAYO-REY-REY-BOUBA,REY-BOUBA,EP OURO TOUPE / A,239,OURO TOUPE,elecam-bv-2025-nord,ed7c6f61ed768f476930d07461bdacdfd1e3d7ea9b33879d187b85edc2d8200b,needs_review,158,158,34933,35133,200
ELECAM-2025-NO-MAYO-REY-REY-BOUBA-0091,91,NO,NORD,NO-MAYO-REY,MAYO-REY,NO-MAYO-REY-REY-BOUBA,REY-BOUBA,ESPL CHEF WAKLA PAKOUARE / A,88,WAKLA BAMBI,elecam-bv-2025-nord,ed7c6f61ed768f476930d07461bdacdfd1e3d7ea9b33879d187b85edc2d8200b,needs_review,158,158,34933,35133,200
ELECAM-2025-NO-MAYO-REY-REY-BOUBA-0092,92,NO,NORD,NO-MAYO-REY,MAYO-REY,NO-MAYO-REY-REY-BOUBA,REY-BOUBA,ECOLE DES PARENTS SEINANGO / A,85,ALARBA,elecam-bv-2025-nord,ed7c6f61ed768f476930d07461bdacdfd1e3d7ea9b33879d187b85edc2d8200b,needs_review,158,158,34933,35133,200
ELECAM-2025-NO-MAYO-REY-REY-BOUBA-0093,93,NO,NORD,NO-MAYO-REY,MAYO-REY,NO-MAYO-REY-REY-BOUBA,REY-BOUBA,ECOLE DES PARENTS DJAOURO LADAN / A,228,ABBA IDRISSA,elecam-bv-2025-nord,ed7c6f61ed768f476930d07461bdacdfd1e3d7ea9b33879d187b85edc2d8200b,needs_review,158,158,34933,35133,200
ELECAM-2025-NO-MAYO-REY-REY-BOUBA-0094,94,NO,NORD,NO-MAYO-REY,MAYO-REY,NO-MAYO-REY-REY-BOUBA,REY-BOUBA,EP DAMI / A,242,ABBA IDRISSA,elecam-bv-2025-nord,ed7c6f61ed768f476930d07461bdacdfd1e3d7ea9b33879d187b85edc2d8200b,needs_review,158,158,34933,35133,200
ELECAM-2025-NO-MAYO-REY-REY-BOUBA-0095,95,NO,NORD,NO-MAYO-REY,MAYO-REY,NO-MAYO-REY-REY-BOUBA,REY-BOUBA,EP DAMI / B,293,ABBA IDRISSA,elecam-bv-2025-nord,ed7c6f61ed768f476930d07461bdacdfd1e3d7ea9b33879d187b85edc2d8200b,needs_review,158,158,34933,35133,200
ELECAM-2025-NO-MAYO-REY-REY-BOUBA-0096,96,NO,NORD,NO-MAYO-REY,MAYO-REY,NO-MAYO-REY-REY-BOUBA,REY-BOUBA,HANGAR MARCHE ACHAKA MANGA / A,379,ACHAKA MANGA,elecam-bv-2025-nord,ed7c6f61ed768f476930d07461bdacdfd1e3d7ea9b33879d187b85edc2d8200b,needs_review,158,158,34933,35133,200
ELECAM-2025-NO-MAYO-REY-REY-BOUBA-0097,97,NO,NORD,NO-MAYO-REY,MAYO-REY,NO-MAYO-REY-REY-BOUBA,REY-BOUBA,HANGAR MARCHE ACHAKA MANGA / B,60,ACHAKA MANGA,elecam-bv-2025-nord,ed7c6f61ed768f476930d07461bdacdfd1e3d7ea9b33879d187b85edc2d8200b,needs_review,158,158,34933,35133,200
ELECAM-2025-NO-MAYO-REY-REY-BOUBA-0098,98,NO,NORD,NO-MAYO-REY,MAYO-REY,NO-MAYO-REY-REY-BOUBA,REY-BOUBA,EP DE REY MANGA / A,269,AKERI,elecam-bv-2025-nord,ed7c6f61ed768f476930d07461bdacdfd1e3d7ea9b33879d187b85edc2d8200b,needs_review,158,158,34933,35133,200
ELECAM-2025-NO-MAYO-REY-REY-BOUBA-0099,99,NO,NORD,NO-MAYO-REY,MAYO-REY,NO-MAYO-REY-REY-BOUBA,REY-BOUBA,MAGASIN PNDP ALFA DJIPORDE / A,262,ALFA DJIPORDE,elecam-bv-2025-nord,ed7c6f61ed768f476930d07461bdacdfd1e3d7ea9b33879d187b85edc2d8200b,needs_review,158,158,34933,35133,200
ELECAM-2025-NO-MAYO-REY-REY-BOUBA-0100,100,NO,NORD,NO-MAYO-REY,MAYO-REY,NO-MAYO-REY-REY-BOUBA,REY-BOUBA,ECOLE DES PARENTS ANGARI WASSALI / A,156,ANGARI BEGUE,elecam-bv-2025-nord,ed7c6f61ed768f476930d07461bdacdfd1e3d7ea9b33879d187b85edc2d8200b,needs_review,158,158,34933,35133,200
ELECAM-2025-NO-MAYO-REY-REY-BOUBA-0101,101,NO,NORD,NO-MAYO-REY,MAYO-REY,NO-MAYO-REY-REY-BOUBA,REY-BOUBA,ECOLE DES PARENTS LESDI MBODERI / A,385,ANGARI MAIDJAMBA,elecam-bv-2025-nord,ed7c6f61ed768f476930d07461bdacdfd1e3d7ea9b33879d187b85edc2d8200b,needs_review,158,158,34933,35133,200
ELECAM-2025-NO-MAYO-REY-REY-BOUBA-0102,102,NO,NORD,NO-MAYO-REY,MAYO-REY,NO-MAYO-REY-REY-BOUBA,REY-BOUBA,EP MAIDJAMBA / A,238,ANGARI MAIDJAMBA,elecam-bv-2025-nord,ed7c6f61ed768f476930d07461bdacdfd1e3d7ea9b33879d187b85edc2d8200b,needs_review,158,158,34933,35133,200
ELECAM-2025-NO-MAYO-REY-REY-BOUBA-0103,103,NO,NORD,NO-MAYO-REY,MAYO-REY,NO-MAYO-REY-REY-BOUBA,REY-BOUBA,EP GABDE / A,75,AOUDJALI,elecam-bv-2025-nord,ed7c6f61ed768f476930d07461bdacdfd1e3d7ea9b33879d187b85edc2d8200b,needs_review,158,158,34933,35133,200
ELECAM-2025-NO-MAYO-REY-REY-BOUBA-0104,104,NO,NORD,NO-MAYO-REY,MAYO-REY,NO-MAYO-REY-REY-BOUBA,REY-BOUBA,HANGAR MARCHE ATEKI / A,233,ATEKI,elecam-bv-2025-nord,ed7c6f61ed768f476930d07461bdacdfd1e3d7ea9b33879d187b85edc2d8200b,needs_review,158,158,34933,35133,200
ELECAM-2025-NO-MAYO-REY-REY-BOUBA-0105,105,NO,NORD,NO-MAYO-REY,MAYO-REY,NO-MAYO-REY-REY-BOUBA,REY-BOUBA,BUREAU GIC BADISSEM 1 / A,70,BABOUDJI,elecam-bv-2025-nord,ed7c6f61ed768f476930d07461bdacdfd1e3d7ea9b33879d187b85edc2d8200b,needs_review,158,158,34933,35133,200
ELECAM-2025-NO-MAYO-REY-REY-BOUBA-0106,106,NO,NORD,NO-MAYO-REY,MAYO-REY,NO-MAYO-REY-REY-BOUBA,REY-BOUBA,EP YOLA MBODEWA / A,196,BABOUDJI,elecam-bv-2025-nord,ed7c6f61ed768f476930d07461bdacdfd1e3d7ea9b33879d187b85edc2d8200b,needs_review,158,158,34933,35133,200
ELECAM-2025-NO-MAYO-REY-REY-BOUBA-0107,107,NO,NORD,NO-MAYO-REY,MAYO-REY,NO-MAYO-REY-REY-BOUBA,REY-BOUBA,EP DE BADIDDI / A,275,ATEKI,elecam-bv-2025-nord,ed7c6f61ed768f476930d07461bdacdfd1e3d7ea9b33879d187b85edc2d8200b,needs_review,158,158,34933,35133,200
ELECAM-2025-NO-MAYO-REY-REY-BOUBA-0108,108,NO,NORD,NO-MAYO-REY,MAYO-REY,NO-MAYO-REY-REY-BOUBA,REY-BOUBA,EP BAIGRAM / A,254,BAIKWA,elecam-bv-2025-nord,ed7c6f61ed768f476930d07461bdacdfd1e3d7ea9b33879d187b85edc2d8200b,needs_review,158,158,34933,35133,200
ELECAM-2025-NO-MAYO-REY-REY-BOUBA-0109,109,NO,NORD,NO-MAYO-REY,MAYO-REY,NO-MAYO-REY-REY-BOUBA,REY-BOUBA,EP BAIKWA / A,404,BAIKWA,elecam-bv-2025-nord,ed7c6f61ed768f476930d07461bdacdfd1e3d7ea9b33879d187b85edc2d8200b,needs_review,158,158,34933,35133,200
ELECAM-2025-NO-MAYO-REY-REY-BOUBA-0110,110,NO,NORD,NO-MAYO-REY,MAYO-REY,NO-MAYO-REY-REY-BOUBA,REY-BOUBA,EP BAIKWA / B,296,BAIKWA,elecam-bv-2025-nord,ed7c6f61ed768f476930d07461bdacdfd1e3d7ea9b33879d187b85edc2d8200b,needs_review,158,158,34933,35133,200
ELECAM-2025-NO-MAYO-REY-REY-BOUBA-0111,111,NO,NORD,NO-MAYO-REY,MAYO-REY,NO-MAYO-REY-REY-BOUBA,REY-BOUBA,EP BAIKWA / C,211,BAIKWA,elecam-bv-2025-nord,ed7c6f61ed768f476930d07461bdacdfd1e3d7ea9b33879d187b85edc2d8200b,needs_review,158,158,34933,35133,200
ELECAM-2025-NO-MAYO-REY-REY-BOUBA-0112,112,NO,NORD,NO-MAYO-REY,MAYO-REY,NO-MAYO-REY-REY-BOUBA,REY-BOUBA,EP DE TAPAREROU / A,178,BALAROU,elecam-bv-2025-nord,ed7c6f61ed768f476930d07461bdacdfd1e3d7ea9b33879d187b85edc2d8200b,needs_review,158,158,34933,35133,200
ELECAM-2025-NO-MAYO-REY-REY-BOUBA-0113,113,NO,NORD,NO-MAYO-REY,MAYO-REY,NO-MAYO-REY-REY-BOUBA,REY-BOUBA,HANGAR MARCHE BALSANGRI / A,222,BALSANGRI,elecam-bv-2025-nord,ed7c6f61ed768f476930d07461bdacdfd1e3d7ea9b33879d187b85edc2d8200b,needs_review,158,158,34933,35133,200
ELECAM-2025-NO-MAYO-REY-REY-BOUBA-0114,114,NO,NORD,NO-MAYO-REY,MAYO-REY,NO-MAYO-REY-REY-BOUBA,REY-BOUBA,EP DE BAMAYE / A,196,BAMAYE,elecam-bv-2025-nord,ed7c6f61ed768f476930d07461bdacdfd1e3d7ea9b33879d187b85edc2d8200b,needs_review,158,158,34933,35133,200
ELECAM-2025-NO-MAYO-REY-REY-BOUBA-0115,115,NO,NORD,NO-MAYO-REY,MAYO-REY,NO-MAYO-REY-REY-BOUBA,REY-BOUBA,EP MAYO BANI SADOU / A,282,BARAKOI LOUTCHE,elecam-bv-2025-nord,ed7c6f61ed768f476930d07461bdacdfd1e3d7ea9b33879d187b85edc2d8200b,needs_review,158,158,34933,35133,200
ELECAM-2025-NO-MAYO-REY-REY-BOUBA-0116,116,NO,NORD,NO-MAYO-REY,MAYO-REY,NO-MAYO-REY-REY-BOUBA,REY-BOUBA,MAGASIN SODECOTON BASSARI / A,187,BASSARI,elecam-bv-2025-nord,ed7c6f61ed768f476930d07461bdacdfd1e3d7ea9b33879d187b85edc2d8200b,needs_review,158,158,34933,35133,200
ELECAM-2025-NO-MAYO-REY-REY-BOUBA-0117,117,NO,NORD,NO-MAYO-REY,MAYO-REY,NO-MAYO-REY-REY-BOUBA,REY-BOUBA,LYCEE BERE / A,309,BERE SERAYE,elecam-bv-2025-nord,ed7c6f61ed768f476930d07461bdacdfd1e3d7ea9b33879d187b85edc2d8200b,needs_review,158,158,34933,35133,200
ELECAM-2025-NO-MAYO-REY-REY-BOUBA-0118,118,NO,NORD,NO-MAYO-REY,MAYO-REY,NO-MAYO-REY-REY-BOUBA,REY-BOUBA,MAISON DES ENFANTS / A,274,BIBBE HORBE,elecam-bv-2025-nord,ed7c6f61ed768f476930d07461bdacdfd1e3d7ea9b33879d187b85edc2d8200b,needs_review,158,158,34933,35133,200
ELECAM-2025-NO-MAYO-REY-REY-BOUBA-0119,119,NO,NORD,NO-MAYO-REY,MAYO-REY,NO-MAYO-REY-REY-BOUBA,REY-BOUBA,EP DE BIDEING / A,312,BIDEING,elecam-bv-2025-nord,ed7c6f61ed768f476930d07461bdacdfd1e3d7ea9b33879d187b85edc2d8200b,needs_review,158,158,34933,35133,200
ELECAM-2025-NO-MAYO-REY-REY-BOUBA-0120,120,NO,NORD,NO-MAYO-REY,MAYO-REY,NO-MAYO-REY-REY-BOUBA,REY-BOUBA,HANGAR MARCHE TSAPOMA / A,187,BIRI IDRISSA,elecam-bv-2025-nord,ed7c6f61ed768f476930d07461bdacdfd1e3d7ea9b33879d187b85edc2d8200b,needs_review,158,158,34933,35133,200
ELECAM-2025-NO-MAYO-REY-REY-BOUBA-0121,121,NO,NORD,NO-MAYO-REY,MAYO-REY,NO-MAYO-REY-REY-BOUBA,REY-BOUBA,ECOLE DES PARENTS BOLIYEL / A,162,BOLIYEL,elecam-bv-2025-nord,ed7c6f61ed768f476930d07461bdacdfd1e3d7ea9b33879d187b85edc2d8200b,needs_review,158,158,34933,35133,200
ELECAM-2025-NO-MAYO-REY-REY-BOUBA-0122,122,NO,NORD,NO-MAYO-REY,MAYO-REY,NO-MAYO-REY-REY-BOUBA,REY-BOUBA,EP OURO GADOU / A,223,DAKAR,elecam-bv-2025-nord,ed7c6f61ed768f476930d07461bdacdfd1e3d7ea9b33879d187b85edc2d8200b,needs_review,158,158,34933,35133,200
ELECAM-2025-NO-MAYO-REY-REY-BOUBA-0123,123,NO,NORD,NO-MAYO-REY,MAYO-REY,NO-MAYO-REY-REY-BOUBA,REY-BOUBA,EP DE GUIRLING / A,191,DANBI,elecam-bv-2025-nord,ed7c6f61ed768f476930d07461bdacdfd1e3d7ea9b33879d187b85edc2d8200b,needs_review,158,158,34933,35133,200
ELECAM-2025-NO-MAYO-REY-REY-BOUBA-0124,124,NO,NORD,NO-MAYO-REY,MAYO-REY,NO-MAYO-REY-REY-BOUBA,REY-BOUBA,HANGAR MARCHE DJAGOL / A,185,DJAGOL,elecam-bv-2025-nord,ed7c6f61ed768f476930d07461bdacdfd1e3d7ea9b33879d187b85edc2d8200b,needs_review,158,158,34933,35133,200
ELECAM-2025-NO-MAYO-REY-REY-BOUBA-0125,125,NO,NORD,NO-MAYO-REY,MAYO-REY,NO-MAYO-REY-REY-BOUBA,REY-BOUBA,EP DJAMARE TAPARE / A,416,DJAMARE TAPARE,elecam-bv-2025-nord,ed7c6f61ed768f476930d07461bdacdfd1e3d7ea9b33879d187b85edc2d8200b,needs_review,158,158,34933,35133,200
ELECAM-2025-NO-MAYO-REY-REY-BOUBA-0126,126,NO,NORD,NO-MAYO-REY,MAYO-REY,NO-MAYO-REY-REY-BOUBA,REY-BOUBA,EP DJAMARE TAPARE / B,107,DJAMARE TAPARE,elecam-bv-2025-nord,ed7c6f61ed768f476930d07461bdacdfd1e3d7ea9b33879d187b85edc2d8200b,needs_review,158,158,34933,35133,200
ELECAM-2025-NO-MAYO-REY-REY-BOUBA-0127,127,NO,NORD,NO-MAYO-REY,MAYO-REY,NO-MAYO-REY-REY-BOUBA,REY-BOUBA,EP KONDJOY / A,91,DJAOURO LELE,elecam-bv-2025-nord,ed7c6f61ed768f476930d07461bdacdfd1e3d7ea9b33879d187b85edc2d8200b,needs_review,158,158,34933,35133,200
ELECAM-2025-NO-MAYO-REY-REY-BOUBA-0128,128,NO,NORD,NO-MAYO-REY,MAYO-REY,NO-MAYO-REY-REY-BOUBA,REY-BOUBA,EP DJERWING / A,164,DJERWING,elecam-bv-2025-nord,ed7c6f61ed768f476930d07461bdacdfd1e3d7ea9b33879d187b85edc2d8200b,needs_review,158,158,34933,35133,200
ELECAM-2025-NO-MAYO-REY-REY-BOUBA-0129,129,NO,NORD,NO-MAYO-REY,MAYO-REY,NO-MAYO-REY-REY-BOUBA,REY-BOUBA,ECOLE DES PARENTS DJOUNDI / A,207,DJOUNDI,elecam-bv-2025-nord,ed7c6f61ed768f476930d07461bdacdfd1e3d7ea9b33879d187b85edc2d8200b,needs_review,158,158,34933,35133,200
ELECAM-2025-NO-MAYO-REY-REY-BOUBA-0130,130,NO,NORD,NO-MAYO-REY,MAYO-REY,NO-MAYO-REY-REY-BOUBA,REY-BOUBA,EP DJOURDE / A,302,DJOURDE,elecam-bv-2025-nord,ed7c6f61ed768f476930d07461bdacdfd1e3d7ea9b33879d187b85edc2d8200b,needs_review,158,158,34933,35133,200
ELECAM-2025-NO-MAYO-REY-REY-BOUBA-0131,131,NO,NORD,NO-MAYO-REY,MAYO-REY,NO-MAYO-REY-REY-BOUBA,REY-BOUBA,ECOLE DES PARENTS POUTTINAWAL,193,DOBINGA WANDJAM,elecam-bv-2025-nord,ed7c6f61ed768f476930d07461bdacdfd1e3d7ea9b33879d187b85edc2d8200b,needs_review,158,158,34933,35133,200
ELECAM-2025-NO-MAYO-REY-REY-BOUBA-0132,132,NO,NORD,NO-MAYO-REY,MAYO-REY,NO-MAYO-REY-REY-BOUBA,REY-BOUBA,EP DOKEROL 2 / A,188,DOKEROL,elecam-bv-2025-nord,ed7c6f61ed768f476930d07461bdacdfd1e3d7ea9b33879d187b85edc2d8200b,needs_review,158,158,34933,35133,200
ELECAM-2025-NO-MAYO-REY-REY-BOUBA-0133,133,NO,NORD,NO-MAYO-REY,MAYO-REY,NO-MAYO-REY-REY-BOUBA,REY-BOUBA,MAGASIN SODECOTON FIMBE / A,212,FIMBE,elecam-bv-2025-nord,ed7c6f61ed768f476930d07461bdacdfd1e3d7ea9b33879d187b85edc2d8200b,needs_review,158,158,34933,35133,200
ELECAM-2025-NO-MAYO-REY-REY-BOUBA-0134,134,NO,NORD,NO-MAYO-REY,MAYO-REY,NO-MAYO-REY-REY-BOUBA,REY-BOUBA,EP DE GAINA LAC / A,107,GAINA LAC,elecam-bv-2025-nord,ed7c6f61ed768f476930d07461bdacdfd1e3d7ea9b33879d187b85edc2d8200b,needs_review,158,158,34933,35133,200
ELECAM-2025-NO-MAYO-REY-REY-BOUBA-0135,135,NO,NORD,NO-MAYO-REY,MAYO-REY,NO-MAYO-REY-REY-BOUBA,REY-BOUBA,ECOLE DES PARENTS RYA / A,163,GATOUGUEL,elecam-bv-2025-nord,ed7c6f61ed768f476930d07461bdacdfd1e3d7ea9b33879d187b85edc2d8200b,needs_review,158,158,34933,35133,200
ELECAM-2025-NO-MAYO-REY-REY-BOUBA-0136,136,NO,NORD,NO-MAYO-REY,MAYO-REY,NO-MAYO-REY-REY-BOUBA,REY-BOUBA,EP DE HETCHOUROU / A,194,HETCHOUROU,elecam-bv-2025-nord,ed7c6f61ed768f476930d07461bdacdfd1e3d7ea9b33879d187b85edc2d8200b,needs_review,158,158,34933,35133,200
ELECAM-2025-NO-MAYO-REY-REY-BOUBA-0137,137,NO,NORD,NO-MAYO-REY,MAYO-REY,NO-MAYO-REY-REY-BOUBA,REY-BOUBA,EP DE LAIHIRDOHI / A,199,LAIHIRDOHI,elecam-bv-2025-nord,ed7c6f61ed768f476930d07461bdacdfd1e3d7ea9b33879d187b85edc2d8200b,needs_review,158,158,34933,35133,200
ELECAM-2025-NO-MAYO-REY-REY-BOUBA-0138,138,NO,NORD,NO-MAYO-REY,MAYO-REY,NO-MAYO-REY-REY-BOUBA,REY-BOUBA,EP DE LAMMOUGUEL LAME / A,148,LAMMOUGUEL LAME,elecam-bv-2025-nord,ed7c6f61ed768f476930d07461bdacdfd1e3d7ea9b33879d187b85edc2d8200b,needs_review,158,158,34933,35133,200
ELECAM-2025-NO-MAYO-REY-REY-BOUBA-0139,139,NO,NORD,NO-MAYO-REY,MAYO-REY,NO-MAYO-REY-REY-BOUBA,REY-BOUBA,BUREAU GIC LANDOU 2 / A,446,LANDOU,elecam-bv-2025-nord,ed7c6f61ed768f476930d07461bdacdfd1e3d7ea9b33879d187b85edc2d8200b,needs_review,158,158,34933,35133,200
ELECAM-2025-NO-MAYO-REY-REY-BOUBA-0140,140,NO,NORD,NO-MAYO-REY,MAYO-REY,NO-MAYO-REY-REY-BOUBA,REY-BOUBA,BUREAU GIC LANDOU 2 / B,115,LANDOU,elecam-bv-2025-nord,ed7c6f61ed768f476930d07461bdacdfd1e3d7ea9b33879d187b85edc2d8200b,needs_review,158,158,34933,35133,200
ELECAM-2025-NO-MAYO-REY-REY-BOUBA-0141,141,NO,NORD,NO-MAYO-REY,MAYO-REY,NO-MAYO-REY-REY-BOUBA,REY-BOUBA,EP LAOUBOU / A,182,LAOUBOU,elecam-bv-2025-nord,ed7c6f61ed768f476930d07461bdacdfd1e3d7ea9b33879d187b85edc2d8200b,needs_review,158,158,34933,35133,200
ELECAM-2025-NO-MAYO-REY-REY-BOUBA-0142,142,NO,NORD,NO-MAYO-REY,MAYO-REY,NO-MAYO-REY-REY-BOUBA,REY-BOUBA,EP DE VAIMBA / A,143,LAOUBOU,elecam-bv-2025-nord,ed7c6f61ed768f476930d07461bdacdfd1e3d7ea9b33879d187b85edc2d8200b,needs_review,158,158,34933,35133,200
ELECAM-2025-NO-MAYO-REY-REY-BOUBA-0143,143,NO,NORD,NO-MAYO-REY,MAYO-REY,NO-MAYO-REY-REY-BOUBA,REY-BOUBA,ECOLE DES PARENTS MAMBAIRE / A,129,MAMBAIRE,elecam-bv-2025-nord,ed7c6f61ed768f476930d07461bdacdfd1e3d7ea9b33879d187b85edc2d8200b,needs_review,158,158,34933,35133,200
ELECAM-2025-NO-MAYO-REY-REY-BOUBA-0144,144,NO,NORD,NO-MAYO-REY,MAYO-REY,NO-MAYO-REY-REY-BOUBA,REY-BOUBA,EP MAYO WONDE / A,389,MAYO WONDE,elecam-bv-2025-nord,ed7c6f61ed768f476930d07461bdacdfd1e3d7ea9b33879d187b85edc2d8200b,needs_review,158,158,34933,35133,200
ELECAM-2025-NO-MAYO-REY-REY-BOUBA-0145,145,NO,NORD,NO-MAYO-REY,MAYO-REY,NO-MAYO-REY-REY-BOUBA,REY-BOUBA,ECOLE DES PARENTS NASSARAO / A,302,MBAILOU,elecam-bv-2025-nord,ed7c6f61ed768f476930d07461bdacdfd1e3d7ea9b33879d187b85edc2d8200b,needs_review,158,158,34933,35133,200
ELECAM-2025-NO-MAYO-REY-REY-BOUBA-0146,146,NO,NORD,NO-MAYO-REY,MAYO-REY,NO-MAYO-REY-REY-BOUBA,REY-BOUBA,EP DE MBOUKMA / A,353,MBOUKMA,elecam-bv-2025-nord,ed7c6f61ed768f476930d07461bdacdfd1e3d7ea9b33879d187b85edc2d8200b,needs_review,158,158,34933,35133,200
ELECAM-2025-NO-MAYO-REY-REY-BOUBA-0147,147,NO,NORD,NO-MAYO-REY,MAYO-REY,NO-MAYO-REY-REY-BOUBA,REY-BOUBA,ECOLE DES PARENTS OURO BOCKI / A,54,OURO BOCKI,elecam-bv-2025-nord,ed7c6f61ed768f476930d07461bdacdfd1e3d7ea9b33879d187b85edc2d8200b,needs_review,158,158,34933,35133,200
ELECAM-2025-NO-MAYO-REY-REY-BOUBA-0148,148,NO,NORD,NO-MAYO-REY,MAYO-REY,NO-MAYO-REY-REY-BOUBA,REY-BOUBA,ECOLE DES PARENTS OURO MBOULWOL / A,52,OURO MBOULWOL,elecam-bv-2025-nord,ed7c6f61ed768f476930d07461bdacdfd1e3d7ea9b33879d187b85edc2d8200b,needs_review,158,158,34933,35133,200
ELECAM-2025-NO-MAYO-REY-REY-BOUBA-0149,149,NO,NORD,NO-MAYO-REY,MAYO-REY,NO-MAYO-REY-REY-BOUBA,REY-BOUBA,ECOLE DES PARENTS SADIA / A,79,SADIA,elecam-bv-2025-nord,ed7c6f61ed768f476930d07461bdacdfd1e3d7ea9b33879d187b85edc2d8200b,needs_review,158,158,34933,35133,200
ELECAM-2025-NO-MAYO-REY-REY-BOUBA-0150,150,NO,NORD,NO-MAYO-REY,MAYO-REY,NO-MAYO-REY-REY-BOUBA,REY-BOUBA,ECOLE DES PARENTS BOUNNEROU / A,247,SOUROUNGOUL,elecam-bv-2025-nord,ed7c6f61ed768f476930d07461bdacdfd1e3d7ea9b33879d187b85edc2d8200b,needs_review,158,158,34933,35133,200
ELECAM-2025-NO-MAYO-REY-REY-BOUBA-0151,151,NO,NORD,NO-MAYO-REY,MAYO-REY,NO-MAYO-REY-REY-BOUBA,REY-BOUBA,ECOLE DES PARENTS TAPARE / A,205,TAPARE,elecam-bv-2025-nord,ed7c6f61ed768f476930d07461bdacdfd1e3d7ea9b33879d187b85edc2d8200b,needs_review,158,158,34933,35133,200
ELECAM-2025-NO-MAYO-REY-REY-BOUBA-0152,152,NO,NORD,NO-MAYO-REY,MAYO-REY,NO-MAYO-REY-REY-BOUBA,REY-BOUBA,EP DE TOKORMAYE / A,270,TOKORMAYE,elecam-bv-2025-nord,ed7c6f61ed768f476930d07461bdacdfd1e3d7ea9b33879d187b85edc2d8200b,needs_review,158,158,34933,35133,200
ELECAM-2025-NO-MAYO-REY-REY-BOUBA-0153,153,NO,NORD,NO-MAYO-REY,MAYO-REY,NO-MAYO-REY-REY-BOUBA,REY-BOUBA,EP DE TOURA LARA / A,160,TOURA LARA,elecam-bv-2025-nord,ed7c6f61ed768f476930d07461bdacdfd1e3d7ea9b33879d187b85edc2d8200b,needs_review,158,158,34933,35133,200
ELECAM-2025-NO-MAYO-REY-REY-BOUBA-0154,154,NO,NORD,NO-MAYO-REY,MAYO-REY,NO-MAYO-REY-REY-BOUBA,REY-BOUBA,EP WAKLA PAKOUARE / A,185,WAKLA BAMBI,elecam-bv-2025-nord,ed7c6f61ed768f476930d07461bdacdfd1e3d7ea9b33879d187b85edc2d8200b,needs_review,158,158,34933,35133,200
ELECAM-2025-NO-MAYO-REY-REY-BOUBA-0155,155,NO,NORD,NO-MAYO-REY,MAYO-REY,NO-MAYO-REY-REY-BOUBA,REY-BOUBA,EP YADIA / A,269,YADIA,elecam-bv-2025-nord,ed7c6f61ed768f476930d07461bdacdfd1e3d7ea9b33879d187b85edc2d8200b,needs_review,158,158,34933,35133,200
ELECAM-2025-NO-MAYO-REY-REY-BOUBA-0156,156,NO,NORD,NO-MAYO-REY,MAYO-REY,NO-MAYO-REY-REY-BOUBA,REY-BOUBA,ECOLE DES PARENTS OURO BARKA / A,100,GODJI,elecam-bv-2025-nord,ed7c6f61ed768f476930d07461bdacdfd1e3d7ea9b33879d187b85edc2d8200b,needs_review,158,158,34933,35133,200
ELECAM-2025-NO-MAYO-REY-REY-BOUBA-0157,157,NO,NORD,NO-MAYO-REY,MAYO-REY,NO-MAYO-REY-REY-BOUBA,REY-BOUBA,ECOLE DES PARENTS MAWARE / A,110,MAWARE,elecam-bv-2025-nord,ed7c6f61ed768f476930d07461bdacdfd1e3d7ea9b33879d187b85edc2d8200b,needs_review,158,158,34933,35133,200
ELECAM-2025-NO-MAYO-REY-REY-BOUBA-0158,158,NO,NORD,NO-MAYO-REY,MAYO-REY,NO-MAYO-REY-REY-BOUBA,REY-BOUBA,EP DE LOUGA TCHABAL / A,187,LOUGA TCHABAL,elecam-bv-2025-nord,ed7c6f61ed768f476930d07461bdacdfd1e3d7ea9b33879d187b85edc2d8200b,needs_review,158,158,34933,35133,200
ELECAM-2025-NO-MAYO-REY-TOUBORO-0001,1,NO,NORD,NO-MAYO-REY,MAYO-REY,NO-MAYO-REY-TOUBORO,TOUBORO,ESPL CHEF LAGGOYE / A,222,AGALA,elecam-bv-2025-nord,ed7c6f61ed768f476930d07461bdacdfd1e3d7ea9b33879d187b85edc2d8200b,needs_review,263,263,71683,71783,100
ELECAM-2025-NO-MAYO-REY-TOUBORO-0002,2,NO,NORD,NO-MAYO-REY,MAYO-REY,NO-MAYO-REY-TOUBORO,TOUBORO,ESPL CHEF LAGGOYE / B,129,AGALA,elecam-bv-2025-nord,ed7c6f61ed768f476930d07461bdacdfd1e3d7ea9b33879d187b85edc2d8200b,needs_review,263,263,71683,71783,100
ELECAM-2025-NO-MAYO-REY-TOUBORO-0003,3,NO,NORD,NO-MAYO-REY,MAYO-REY,NO-MAYO-REY-TOUBORO,TOUBORO,ESPL CHEF AKANA / A,337,AKANA,elecam-bv-2025-nord,ed7c6f61ed768f476930d07461bdacdfd1e3d7ea9b33879d187b85edc2d8200b,needs_review,263,263,71683,71783,100
ELECAM-2025-NO-MAYO-REY-TOUBORO-0004,4,NO,NORD,NO-MAYO-REY,MAYO-REY,NO-MAYO-REY-TOUBORO,TOUBORO,ESPL CHEF AKANA / B,179,AKANA,elecam-bv-2025-nord,ed7c6f61ed768f476930d07461bdacdfd1e3d7ea9b33879d187b85edc2d8200b,needs_review,263,263,71683,71783,100
ELECAM-2025-NO-MAYO-REY-TOUBORO-0005,5,NO,NORD,NO-MAYO-REY,MAYO-REY,NO-MAYO-REY-TOUBORO,TOUBORO,EP AKANA / A,339,AKANA II,elecam-bv-2025-nord,ed7c6f61ed768f476930d07461bdacdfd1e3d7ea9b33879d187b85edc2d8200b,needs_review,263,263,71683,71783,100
ELECAM-2025-NO-MAYO-REY-TOUBORO-0006,6,NO,NORD,NO-MAYO-REY,MAYO-REY,NO-MAYO-REY-TOUBORO,TOUBORO,EP AKANA / B,77,AKANA II,elecam-bv-2025-nord,ed7c6f61ed768f476930d07461bdacdfd1e3d7ea9b33879d187b85edc2d8200b,needs_review,263,263,71683,71783,100
ELECAM-2025-NO-MAYO-REY-TOUBORO-0007,7,NO,NORD,NO-MAYO-REY,MAYO-REY,NO-MAYO-REY-TOUBORO,TOUBORO,EP AMBARANG / A,302,AMBARANG,elecam-bv-2025-nord,ed7c6f61ed768f476930d07461bdacdfd1e3d7ea9b33879d187b85edc2d8200b,needs_review,263,263,71683,71783,100
ELECAM-2025-NO-MAYO-REY-TOUBORO-0008,8,NO,NORD,NO-MAYO-REY,MAYO-REY,NO-MAYO-REY-TOUBORO,TOUBORO,EP AMBARANG / B,178,AMBARANG,elecam-bv-2025-nord,ed7c6f61ed768f476930d07461bdacdfd1e3d7ea9b33879d187b85edc2d8200b,needs_review,263,263,71683,71783,100
ELECAM-2025-NO-MAYO-REY-TOUBORO-0009,9,NO,NORD,NO-MAYO-REY,MAYO-REY,NO-MAYO-REY-TOUBORO,TOUBORO,EP BITIOU / A,347,AVIATION,elecam-bv-2025-nord,ed7c6f61ed768f476930d07461bdacdfd1e3d7ea9b33879d187b85edc2d8200b,needs_review,263,263,71683,71783,100
ELECAM-2025-NO-MAYO-REY-TOUBORO-0010,10,NO,NORD,NO-MAYO-REY,MAYO-REY,NO-MAYO-REY-TOUBORO,TOUBORO,EP BITIOU / B,265,AVIATION,elecam-bv-2025-nord,ed7c6f61ed768f476930d07461bdacdfd1e3d7ea9b33879d187b85edc2d8200b,needs_review,263,263,71683,71783,100
ELECAM-2025-NO-MAYO-REY-TOUBORO-0011,11,NO,NORD,NO-MAYO-REY,MAYO-REY,NO-MAYO-REY-TOUBORO,TOUBORO,EP BITIOU / C,299,AVIATION,elecam-bv-2025-nord,ed7c6f61ed768f476930d07461bdacdfd1e3d7ea9b33879d187b85edc2d8200b,needs_review,263,263,71683,71783,100
ELECAM-2025-NO-MAYO-REY-TOUBORO-0012,12,NO,NORD,NO-MAYO-REY,MAYO-REY,NO-MAYO-REY-TOUBORO,TOUBORO,EP BITIOU / D,248,AVIATION,elecam-bv-2025-nord,ed7c6f61ed768f476930d07461bdacdfd1e3d7ea9b33879d187b85edc2d8200b,needs_review,263,263,71683,71783,100
ELECAM-2025-NO-MAYO-REY-TOUBORO-0013,13,NO,NORD,NO-MAYO-REY,MAYO-REY,NO-MAYO-REY-TOUBORO,TOUBORO,EP BABIDAN / A,265,BABIDAN,elecam-bv-2025-nord,ed7c6f61ed768f476930d07461bdacdfd1e3d7ea9b33879d187b85edc2d8200b,needs_review,263,263,71683,71783,100
ELECAM-2025-NO-MAYO-REY-TOUBORO-0014,14,NO,NORD,NO-MAYO-REY,MAYO-REY,NO-MAYO-REY-TOUBORO,TOUBORO,EP NDJINDANG / A,425,BABOUDJI,elecam-bv-2025-nord,ed7c6f61ed768f476930d07461bdacdfd1e3d7ea9b33879d187b85edc2d8200b,needs_review,263,263,71683,71783,100
ELECAM-2025-NO-MAYO-REY-TOUBORO-0015,15,NO,NORD,NO-MAYO-REY,MAYO-REY,NO-MAYO-REY-TOUBORO,TOUBORO,EP BAGOU / A,267,BAGOU,elecam-bv-2025-nord,ed7c6f61ed768f476930d07461bdacdfd1e3d7ea9b33879d187b85edc2d8200b,needs_review,263,263,71683,71783,100
ELECAM-2025-NO-MAYO-REY-TOUBORO-0016,16,NO,NORD,NO-MAYO-REY,MAYO-REY,NO-MAYO-REY-TOUBORO,TOUBORO,EP BAKARI / A,62,BAKARI,elecam-bv-2025-nord,ed7c6f61ed768f476930d07461bdacdfd1e3d7ea9b33879d187b85edc2d8200b,needs_review,263,263,71683,71783,100
ELECAM-2025-NO-MAYO-REY-TOUBORO-0017,17,NO,NORD,NO-MAYO-REY,MAYO-REY,NO-MAYO-REY-TOUBORO,TOUBORO,EP YOKO / A,385,BAL,elecam-bv-2025-nord,ed7c6f61ed768f476930d07461bdacdfd1e3d7ea9b33879d187b85edc2d8200b,needs_review,263,263,71683,71783,100
ELECAM-2025-NO-MAYO-REY-TOUBORO-0018,18,NO,NORD,NO-MAYO-REY,MAYO-REY,NO-MAYO-REY-TOUBORO,TOUBORO,EP YOKO / B,332,BAL,elecam-bv-2025-nord,ed7c6f61ed768f476930d07461bdacdfd1e3d7ea9b33879d187b85edc2d8200b,needs_review,263,263,71683,71783,100
ELECAM-2025-NO-MAYO-REY-TOUBORO-0019,19,NO,NORD,NO-MAYO-REY,MAYO-REY,NO-MAYO-REY-TOUBORO,TOUBORO,EP YOKO / C,319,BAL,elecam-bv-2025-nord,ed7c6f61ed768f476930d07461bdacdfd1e3d7ea9b33879d187b85edc2d8200b,needs_review,263,263,71683,71783,100
ELECAM-2025-NO-MAYO-REY-TOUBORO-0020,20,NO,NORD,NO-MAYO-REY,MAYO-REY,NO-MAYO-REY-TOUBORO,TOUBORO,EP YOKO / D,346,BAL,elecam-bv-2025-nord,ed7c6f61ed768f476930d07461bdacdfd1e3d7ea9b33879d187b85edc2d8200b,needs_review,263,263,71683,71783,100
ELECAM-2025-NO-MAYO-REY-TOUBORO-0021,21,NO,NORD,NO-MAYO-REY,MAYO-REY,NO-MAYO-REY-TOUBORO,TOUBORO,EP HELBAO / A,373,BALDI,elecam-bv-2025-nord,ed7c6f61ed768f476930d07461bdacdfd1e3d7ea9b33879d187b85edc2d8200b,needs_review,263,263,71683,71783,100
ELECAM-2025-NO-MAYO-REY-TOUBORO-0022,22,NO,NORD,NO-MAYO-REY,MAYO-REY,NO-MAYO-REY-TOUBORO,TOUBORO,EP BENOU / A,134,BANZORO,elecam-bv-2025-nord,ed7c6f61ed768f476930d07461bdacdfd1e3d7ea9b33879d187b85edc2d8200b,needs_review,263,263,71683,71783,100
ELECAM-2025-NO-MAYO-REY-TOUBORO-0023,23,NO,NORD,NO-MAYO-REY,MAYO-REY,NO-MAYO-REY-TOUBORO,TOUBORO,EP BAOUDI / A,341,BAOUDI,elecam-bv-2025-nord,ed7c6f61ed768f476930d07461bdacdfd1e3d7ea9b33879d187b85edc2d8200b,needs_review,263,263,71683,71783,100
ELECAM-2025-NO-MAYO-REY-TOUBORO-0024,24,NO,NORD,NO-MAYO-REY,MAYO-REY,NO-MAYO-REY-TOUBORO,TOUBORO,EP BARKARI / A,312,BAKARI,elecam-bv-2025-nord,ed7c6f61ed768f476930d07461bdacdfd1e3d7ea9b33879d187b85edc2d8200b,needs_review,263,263,71683,71783,100
ELECAM-2025-NO-MAYO-REY-TOUBORO-0025,25,NO,NORD,NO-MAYO-REY,MAYO-REY,NO-MAYO-REY-TOUBORO,TOUBORO,EP BARKARI / B,101,BAKARI,elecam-bv-2025-nord,ed7c6f61ed768f476930d07461bdacdfd1e3d7ea9b33879d187b85edc2d8200b,needs_review,263,263,71683,71783,100
ELECAM-2025-NO-MAYO-REY-TOUBORO-0026,26,NO,NORD,NO-MAYO-REY,MAYO-REY,NO-MAYO-REY-TOUBORO,TOUBORO,EP BEMBOYO / A,308,BEMBOYO,elecam-bv-2025-nord,ed7c6f61ed768f476930d07461bdacdfd1e3d7ea9b33879d187b85edc2d8200b,needs_review,263,263,71683,71783,100
ELECAM-2025-NO-MAYO-REY-TOUBORO-0027,27,NO,NORD,NO-MAYO-REY,MAYO-REY,NO-MAYO-REY-TOUBORO,TOUBORO,EP BEMBOYO / B,324,BEMBOYO,elecam-bv-2025-nord,ed7c6f61ed768f476930d07461bdacdfd1e3d7ea9b33879d187b85edc2d8200b,needs_review,263,263,71683,71783,100
ELECAM-2025-NO-MAYO-REY-TOUBORO-0028,28,NO,NORD,NO-MAYO-REY,MAYO-REY,NO-MAYO-REY-TOUBORO,TOUBORO,EP BEMBOYO / C,65,BEMBOYO,elecam-bv-2025-nord,ed7c6f61ed768f476930d07461bdacdfd1e3d7ea9b33879d187b85edc2d8200b,needs_review,263,263,71683,71783,100
ELECAM-2025-NO-MAYO-REY-TOUBORO-0029,29,NO,NORD,NO-MAYO-REY,MAYO-REY,NO-MAYO-REY-TOUBORO,TOUBORO,EP TOULDORO BELAKA / A,222,BENANA,elecam-bv-2025-nord,ed7c6f61ed768f476930d07461bdacdfd1e3d7ea9b33879d187b85edc2d8200b,needs_review,263,263,71683,71783,100
ELECAM-2025-NO-MAYO-REY-TOUBORO-0030,30,NO,NORD,NO-MAYO-REY,MAYO-REY,NO-MAYO-REY-TOUBORO,TOUBORO,EP TOULDORO BELAKA / B,188,BENANA,elecam-bv-2025-nord,ed7c6f61ed768f476930d07461bdacdfd1e3d7ea9b33879d187b85edc2d8200b,needs_review,263,263,71683,71783,100
ELECAM-2025-NO-MAYO-REY-TOUBORO-0031,31,NO,NORD,NO-MAYO-REY,MAYO-REY,NO-MAYO-REY-TOUBORO,TOUBORO,EP BILOUGUI / A,313,BILOUGUI,elecam-bv-2025-nord,ed7c6f61ed768f476930d07461bdacdfd1e3d7ea9b33879d187b85edc2d8200b,needs_review,263,263,71683,71783,100
ELECAM-2025-NO-MAYO-REY-TOUBORO-0032,32,NO,NORD,NO-MAYO-REY,MAYO-REY,NO-MAYO-REY-TOUBORO,TOUBORO,EP BILOUGUI / B,291,BILOUGUI,elecam-bv-2025-nord,ed7c6f61ed768f476930d07461bdacdfd1e3d7ea9b33879d187b85edc2d8200b,needs_review,263,263,71683,71783,100
ELECAM-2025-NO-MAYO-REY-TOUBORO-0033,33,NO,NORD,NO-MAYO-REY,MAYO-REY,NO-MAYO-REY-TOUBORO,TOUBORO,EP MBONG / A,287,BILTAO,elecam-bv-2025-nord,ed7c6f61ed768f476930d07461bdacdfd1e3d7ea9b33879d187b85edc2d8200b,needs_review,263,263,71683,71783,100
ELECAM-2025-NO-MAYO-REY-TOUBORO-0034,34,NO,NORD,NO-MAYO-REY,MAYO-REY,NO-MAYO-REY-TOUBORO,TOUBORO,EP MBALAINDE / A,358,BINGOH,elecam-bv-2025-nord,ed7c6f61ed768f476930d07461bdacdfd1e3d7ea9b33879d187b85edc2d8200b,needs_review,263,263,71683,71783,100
ELECAM-2025-NO-MAYO-REY-TOUBORO-0035,35,NO,NORD,NO-MAYO-REY,MAYO-REY,NO-MAYO-REY-TOUBORO,TOUBORO,EP MBALAINDE / B,119,BINGOH,elecam-bv-2025-nord,ed7c6f61ed768f476930d07461bdacdfd1e3d7ea9b33879d187b85edc2d8200b,needs_review,263,263,71683,71783,100
ELECAM-2025-NO-MAYO-REY-TOUBORO-0036,36,NO,NORD,NO-MAYO-REY,MAYO-REY,NO-MAYO-REY-TOUBORO,TOUBORO,ESPL CHEF TOUBORO MBOUM / A,425,BIRIBA,elecam-bv-2025-nord,ed7c6f61ed768f476930d07461bdacdfd1e3d7ea9b33879d187b85edc2d8200b,needs_review,263,263,71683,71783,100
ELECAM-2025-NO-MAYO-REY-TOUBORO-0037,37,NO,NORD,NO-MAYO-REY,MAYO-REY,NO-MAYO-REY-TOUBORO,TOUBORO,ESPL CHEF TOUBORO MBOUM / B,277,BIRIBA,elecam-bv-2025-nord,ed7c6f61ed768f476930d07461bdacdfd1e3d7ea9b33879d187b85edc2d8200b,needs_review,263,263,71683,71783,100
ELECAM-2025-NO-MAYO-REY-TOUBORO-0038,38,NO,NORD,NO-MAYO-REY,MAYO-REY,NO-MAYO-REY-TOUBORO,TOUBORO,ESPL CHEF TOUBORO MBOUM / C,372,BIRIBA,elecam-bv-2025-nord,ed7c6f61ed768f476930d07461bdacdfd1e3d7ea9b33879d187b85edc2d8200b,needs_review,263,263,71683,71783,100
ELECAM-2025-NO-MAYO-REY-TOUBORO-0039,39,NO,NORD,NO-MAYO-REY,MAYO-REY,NO-MAYO-REY-TOUBORO,TOUBORO,ESPL CHEF TOUBORO MBOUM / D,157,BIRIBA,elecam-bv-2025-nord,ed7c6f61ed768f476930d07461bdacdfd1e3d7ea9b33879d187b85edc2d8200b,needs_review,263,263,71683,71783,100
ELECAM-2025-NO-MAYO-REY-TOUBORO-0040,40,NO,NORD,NO-MAYO-REY,MAYO-REY,NO-MAYO-REY-TOUBORO,TOUBORO,EP SOKORTA MANGA / A,159,BOFORO,elecam-bv-2025-nord,ed7c6f61ed768f476930d07461bdacdfd1e3d7ea9b33879d187b85edc2d8200b,needs_review,263,263,71683,71783,100
ELECAM-2025-NO-MAYO-REY-TOUBORO-0041,41,NO,NORD,NO-MAYO-REY,MAYO-REY,NO-MAYO-REY-TOUBORO,TOUBORO,EP BOGDIBO / A,299,BOGDIBO,elecam-bv-2025-nord,ed7c6f61ed768f476930d07461bdacdfd1e3d7ea9b33879d187b85edc2d8200b,needs_review,263,263,71683,71783,100
ELECAM-2025-NO-MAYO-REY-TOUBORO-0042,42,NO,NORD,NO-MAYO-REY,MAYO-REY,NO-MAYO-REY-TOUBORO,TOUBORO,EP BOGDIBO / B,273,BOGDIBO,elecam-bv-2025-nord,ed7c6f61ed768f476930d07461bdacdfd1e3d7ea9b33879d187b85edc2d8200b,needs_review,263,263,71683,71783,100
ELECAM-2025-NO-MAYO-REY-TOUBORO-0043,43,NO,NORD,NO-MAYO-REY,MAYO-REY,NO-MAYO-REY-TOUBORO,TOUBORO,EP BOGDIBO / C,290,BOGDIBO,elecam-bv-2025-nord,ed7c6f61ed768f476930d07461bdacdfd1e3d7ea9b33879d187b85edc2d8200b,needs_review,263,263,71683,71783,100
ELECAM-2025-NO-MAYO-REY-TOUBORO-0044,44,NO,NORD,NO-MAYO-REY,MAYO-REY,NO-MAYO-REY-TOUBORO,TOUBORO,EP BOGDORO / A,351,BOGDORO,elecam-bv-2025-nord,ed7c6f61ed768f476930d07461bdacdfd1e3d7ea9b33879d187b85edc2d8200b,needs_review,263,263,71683,71783,100
ELECAM-2025-NO-MAYO-REY-TOUBORO-0045,45,NO,NORD,NO-MAYO-REY,MAYO-REY,NO-MAYO-REY-TOUBORO,TOUBORO,EP BOKO / A,282,BOKO DOMPTA,elecam-bv-2025-nord,ed7c6f61ed768f476930d07461bdacdfd1e3d7ea9b33879d187b85edc2d8200b,needs_review,263,263,71683,71783,100
ELECAM-2025-NO-MAYO-REY-TOUBORO-0046,46,NO,NORD,NO-MAYO-REY,MAYO-REY,NO-MAYO-REY-TOUBORO,TOUBORO,EP BOKO / B,218,BOKO DOMPTA,elecam-bv-2025-nord,ed7c6f61ed768f476930d07461bdacdfd1e3d7ea9b33879d187b85edc2d8200b,needs_review,263,263,71683,71783,100
ELECAM-2025-NO-MAYO-REY-TOUBORO-0047,47,NO,NORD,NO-MAYO-REY,MAYO-REY,NO-MAYO-REY-TOUBORO,TOUBORO,EP WANTOUNOU / A,109,BOKOBO,elecam-bv-2025-nord,ed7c6f61ed768f476930d07461bdacdfd1e3d7ea9b33879d187b85edc2d8200b,needs_review,263,263,71683,71783,100
ELECAM-2025-NO-MAYO-REY-TOUBORO-0048,48,NO,NORD,NO-MAYO-REY,MAYO-REY,NO-MAYO-REY-TOUBORO,TOUBORO,EP BOUGOUE / A,329,BOUGOUE,elecam-bv-2025-nord,ed7c6f61ed768f476930d07461bdacdfd1e3d7ea9b33879d187b85edc2d8200b,needs_review,263,263,71683,71783,100
ELECAM-2025-NO-MAYO-REY-TOUBORO-0049,49,NO,NORD,NO-MAYO-REY,MAYO-REY,NO-MAYO-REY-TOUBORO,TOUBORO,EP BOUGOUE / B,82,BOUGOUE,elecam-bv-2025-nord,ed7c6f61ed768f476930d07461bdacdfd1e3d7ea9b33879d187b85edc2d8200b,needs_review,263,263,71683,71783,100
ELECAM-2025-NO-MAYO-REY-TOUBORO-0050,50,NO,NORD,NO-MAYO-REY,MAYO-REY,NO-MAYO-REY-TOUBORO,TOUBORO,EP MBONO / A,80,BOUKOUTOU,elecam-bv-2025-nord,ed7c6f61ed768f476930d07461bdacdfd1e3d7ea9b33879d187b85edc2d8200b,needs_review,263,263,71683,71783,100
ELECAM-2025-NO-MAYO-REY-TOUBORO-0051,51,NO,NORD,NO-MAYO-REY,MAYO-REY,NO-MAYO-REY-TOUBORO,TOUBORO,MAIRIE TOUBORO / A,200,CAMP BIR,elecam-bv-2025-nord,ed7c6f61ed768f476930d07461bdacdfd1e3d7ea9b33879d187b85edc2d8200b,needs_review,263,263,71683,71783,100
ELECAM-2025-NO-MAYO-REY-TOUBORO-0052,52,NO,NORD,NO-MAYO-REY,MAYO-REY,NO-MAYO-REY-TOUBORO,TOUBORO,EP ROL/DSCHANG / A,366,CONALEMOU,elecam-bv-2025-nord,ed7c6f61ed768f476930d07461bdacdfd1e3d7ea9b33879d187b85edc2d8200b,needs_review,263,263,71683,71783,100
ELECAM-2025-NO-MAYO-REY-TOUBORO-0053,53,NO,NORD,NO-MAYO-REY,MAYO-REY,NO-MAYO-REY-TOUBORO,TOUBORO,EP ROL/DSCHANG / B,136,CONALEMOU,elecam-bv-2025-nord,ed7c6f61ed768f476930d07461bdacdfd1e3d7ea9b33879d187b85edc2d8200b,needs_review,263,263,71683,71783,100
ELECAM-2025-NO-MAYO-REY-TOUBORO-0054,54,NO,NORD,NO-MAYO-REY,MAYO-REY,NO-MAYO-REY-TOUBORO,TOUBORO,EP DJOM / A,185,DEO LIBERE,elecam-bv-2025-nord,ed7c6f61ed768f476930d07461bdacdfd1e3d7ea9b33879d187b85edc2d8200b,needs_review,263,263,71683,71783,100
ELECAM-2025-NO-MAYO-REY-TOUBORO-0055,55,NO,NORD,NO-MAYO-REY,MAYO-REY,NO-MAYO-REY-TOUBORO,TOUBORO,ESPL CHEF NGUIWIRI / A,295,DEO SEING,elecam-bv-2025-nord,ed7c6f61ed768f476930d07461bdacdfd1e3d7ea9b33879d187b85edc2d8200b,needs_review,263,263,71683,71783,100
ELECAM-2025-NO-MAYO-REY-TOUBORO-0056,56,NO,NORD,NO-MAYO-REY,MAYO-REY,NO-MAYO-REY-TOUBORO,TOUBORO,EP DJACKONE / A,318,DJACKONE,elecam-bv-2025-nord,ed7c6f61ed768f476930d07461bdacdfd1e3d7ea9b33879d187b85edc2d8200b,needs_review,263,263,71683,71783,100
ELECAM-2025-NO-MAYO-REY-TOUBORO-0057,57,NO,NORD,NO-MAYO-REY,MAYO-REY,NO-MAYO-REY-TOUBORO,TOUBORO,EP DJACKONE / B,119,DJACKONE,elecam-bv-2025-nord,ed7c6f61ed768f476930d07461bdacdfd1e3d7ea9b33879d187b85edc2d8200b,needs_review,263,263,71683,71783,100
ELECAM-2025-NO-MAYO-REY-TOUBORO-0058,58,NO,NORD,NO-MAYO-REY,MAYO-REY,NO-MAYO-REY-TOUBORO,TOUBORO,EP LOUBOL / A,310,DJACPENDI,elecam-bv-2025-nord,ed7c6f61ed768f476930d07461bdacdfd1e3d7ea9b33879d187b85edc2d8200b,needs_review,263,263,71683,71783,100
ELECAM-2025-NO-MAYO-REY-TOUBORO-0059,59,NO,NORD,NO-MAYO-REY,MAYO-REY,NO-MAYO-REY-TOUBORO,TOUBORO,ESPL CHEF LAGGAYE / A,327,DJIPORDE,elecam-bv-2025-nord,ed7c6f61ed768f476930d07461bdacdfd1e3d7ea9b33879d187b85edc2d8200b,needs_review,263,263,71683,71783,100
ELECAM-2025-NO-MAYO-REY-TOUBORO-0060,60,NO,NORD,NO-MAYO-REY,MAYO-REY,NO-MAYO-REY-TOUBORO,TOUBORO,EP HANKAO / A,388,DJIWARI,elecam-bv-2025-nord,ed7c6f61ed768f476930d07461bdacdfd1e3d7ea9b33879d187b85edc2d8200b,needs_review,263,263,71683,71783,100
ELECAM-2025-NO-MAYO-REY-TOUBORO-0061,61,NO,NORD,NO-MAYO-REY,MAYO-REY,NO-MAYO-REY-TOUBORO,TOUBORO,EP HANKAO / B,92,DJIWARI,elecam-bv-2025-nord,ed7c6f61ed768f476930d07461bdacdfd1e3d7ea9b33879d187b85edc2d8200b,needs_review,263,263,71683,71783,100
ELECAM-2025-NO-MAYO-REY-TOUBORO-0062,62,NO,NORD,NO-MAYO-REY,MAYO-REY,NO-MAYO-REY-TOUBORO,TOUBORO,EP MBANG REY / A,305,BANDIP,elecam-bv-2025-nord,ed7c6f61ed768f476930d07461bdacdfd1e3d7ea9b33879d187b85edc2d8200b,needs_review,263,263,71683,71783,100
ELECAM-2025-NO-MAYO-REY-TOUBORO-0063,63,NO,NORD,NO-MAYO-REY,MAYO-REY,NO-MAYO-REY-TOUBORO,TOUBORO,EP MBANG REY / B,261,BANDIP,elecam-bv-2025-nord,ed7c6f61ed768f476930d07461bdacdfd1e3d7ea9b33879d187b85edc2d8200b,needs_review,263,263,71683,71783,100
ELECAM-2025-NO-MAYO-REY-TOUBORO-0064,64,NO,NORD,NO-MAYO-REY,MAYO-REY,NO-MAYO-REY-TOUBORO,TOUBORO,EP MBANG REY / C,99,BANDIP,elecam-bv-2025-nord,ed7c6f61ed768f476930d07461bdacdfd1e3d7ea9b33879d187b85edc2d8200b,needs_review,263,263,71683,71783,100
ELECAM-2025-NO-MAYO-REY-TOUBORO-0065,65,NO,NORD,NO-MAYO-REY,MAYO-REY,NO-MAYO-REY-TOUBORO,TOUBORO,ELEVAGE MBANG REY / A,253,DJOUCK WAKASSAO,elecam-bv-2025-nord,ed7c6f61ed768f476930d07461bdacdfd1e3d7ea9b33879d187b85edc2d8200b,needs_review,263,263,71683,71783,100
ELECAM-2025-NO-MAYO-REY-TOUBORO-0066,66,NO,NORD,NO-MAYO-REY,MAYO-REY,NO-MAYO-REY-TOUBORO,TOUBORO,CES VOGZOM TONOM / A,260,DOMAYO VOGZOM,elecam-bv-2025-nord,ed7c6f61ed768f476930d07461bdacdfd1e3d7ea9b33879d187b85edc2d8200b,needs_review,263,263,71683,71783,100
ELECAM-2025-NO-MAYO-REY-TOUBORO-0067,67,NO,NORD,NO-MAYO-REY,MAYO-REY,NO-MAYO-REY-TOUBORO,TOUBORO,CES VOGZOM TONOM / B,192,DOMAYO VOGZOM,elecam-bv-2025-nord,ed7c6f61ed768f476930d07461bdacdfd1e3d7ea9b33879d187b85edc2d8200b,needs_review,263,263,71683,71783,100
ELECAM-2025-NO-MAYO-REY-TOUBORO-0068,68,NO,NORD,NO-MAYO-REY,MAYO-REY,NO-MAYO-REY-TOUBORO,TOUBORO,CES VOGZOM TONOM / C,228,DOMAYO VOGZOM,elecam-bv-2025-nord,ed7c6f61ed768f476930d07461bdacdfd1e3d7ea9b33879d187b85edc2d8200b,needs_review,263,263,71683,71783,100
ELECAM-2025-NO-MAYO-REY-TOUBORO-0069,69,NO,NORD,NO-MAYO-REY,MAYO-REY,NO-MAYO-REY-TOUBORO,TOUBORO,CES VOGZOM TONOM / D,89,DOMAYO VOGZOM,elecam-bv-2025-nord,ed7c6f61ed768f476930d07461bdacdfd1e3d7ea9b33879d187b85edc2d8200b,needs_review,263,263,71683,71783,100
ELECAM-2025-NO-MAYO-REY-TOUBORO-0070,70,NO,NORD,NO-MAYO-REY,MAYO-REY,NO-MAYO-REY-TOUBORO,TOUBORO,EP DOMPTA / A,192,DOMPTA,elecam-bv-2025-nord,ed7c6f61ed768f476930d07461bdacdfd1e3d7ea9b33879d187b85edc2d8200b,needs_review,263,263,71683,71783,100
ELECAM-2025-NO-MAYO-REY-TOUBORO-0071,71,NO,NORD,NO-MAYO-REY,MAYO-REY,NO-MAYO-REY-TOUBORO,TOUBORO,EP ELEPHANT / A,409,ELEPHANT,elecam-bv-2025-nord,ed7c6f61ed768f476930d07461bdacdfd1e3d7ea9b33879d187b85edc2d8200b,needs_review,263,263,71683,71783,100
ELECAM-2025-NO-MAYO-REY-TOUBORO-0072,72,NO,NORD,NO-MAYO-REY,MAYO-REY,NO-MAYO-REY-TOUBORO,TOUBORO,EP ELEPHANT / B,54,ELEPHANT,elecam-bv-2025-nord,ed7c6f61ed768f476930d07461bdacdfd1e3d7ea9b33879d187b85edc2d8200b,needs_review,263,263,71683,71783,100
ELECAM-2025-NO-MAYO-REY-TOUBORO-0073,73,NO,NORD,NO-MAYO-REY,MAYO-REY,NO-MAYO-REY-TOUBORO,TOUBORO,ESPL CHEF MBAI MBOUM MARCHE / A,364,FADA MBAI MBOUM,elecam-bv-2025-nord,ed7c6f61ed768f476930d07461bdacdfd1e3d7ea9b33879d187b85edc2d8200b,needs_review,263,263,71683,71783,100
ELECAM-2025-NO-MAYO-REY-TOUBORO-0074,74,NO,NORD,NO-MAYO-REY,MAYO-REY,NO-MAYO-REY-TOUBORO,TOUBORO,ESPL CHEF MBAI MBOUM MARCHE / B,327,FADA MBAI MBOUM,elecam-bv-2025-nord,ed7c6f61ed768f476930d07461bdacdfd1e3d7ea9b33879d187b85edc2d8200b,needs_review,263,263,71683,71783,100
ELECAM-2025-NO-MAYO-REY-TOUBORO-0075,75,NO,NORD,NO-MAYO-REY,MAYO-REY,NO-MAYO-REY-TOUBORO,TOUBORO,ESPL CHEF MBAI MBOUM MARCHE / C,279,FADA MBAI MBOUM,elecam-bv-2025-nord,ed7c6f61ed768f476930d07461bdacdfd1e3d7ea9b33879d187b85edc2d8200b,needs_review,263,263,71683,71783,100
ELECAM-2025-NO-MAYO-REY-TOUBORO-0076,76,NO,NORD,NO-MAYO-REY,MAYO-REY,NO-MAYO-REY-TOUBORO,TOUBORO,ESPL CHEF MBAI MBOUM MARCHE / D,273,FADA MBAI MBOUM,elecam-bv-2025-nord,ed7c6f61ed768f476930d07461bdacdfd1e3d7ea9b33879d187b85edc2d8200b,needs_review,263,263,71683,71783,100
ELECAM-2025-NO-MAYO-REY-TOUBORO-0077,77,NO,NORD,NO-MAYO-REY,MAYO-REY,NO-MAYO-REY-TOUBORO,TOUBORO,ESPL CHEF MBAI MBOUM MARCHE / E,359,FADA MBAI MBOUM,elecam-bv-2025-nord,ed7c6f61ed768f476930d07461bdacdfd1e3d7ea9b33879d187b85edc2d8200b,needs_review,263,263,71683,71783,100
ELECAM-2025-NO-MAYO-REY-TOUBORO-0078,78,NO,NORD,NO-MAYO-REY,MAYO-REY,NO-MAYO-REY-TOUBORO,TOUBORO,EP TOUBORO GPE 1 / A,321,FADA TOUBORO,elecam-bv-2025-nord,ed7c6f61ed768f476930d07461bdacdfd1e3d7ea9b33879d187b85edc2d8200b,needs_review,263,263,71683,71783,100
ELECAM-2025-NO-MAYO-REY-TOUBORO-0079,79,NO,NORD,NO-MAYO-REY,MAYO-REY,NO-MAYO-REY-TOUBORO,TOUBORO,EP TOUBORO GPE 1 / B,340,FADA TOUBORO,elecam-bv-2025-nord,ed7c6f61ed768f476930d07461bdacdfd1e3d7ea9b33879d187b85edc2d8200b,needs_review,263,263,71683,71783,100
ELECAM-2025-NO-MAYO-REY-TOUBORO-0080,80,NO,NORD,NO-MAYO-REY,MAYO-REY,NO-MAYO-REY-TOUBORO,TOUBORO,EP TOUBORO GPE 1 / C,279,FADA TOUBORO,elecam-bv-2025-nord,ed7c6f61ed768f476930d07461bdacdfd1e3d7ea9b33879d187b85edc2d8200b,needs_review,263,263,71683,71783,100
ELECAM-2025-NO-MAYO-REY-TOUBORO-0081,81,NO,NORD,NO-MAYO-REY,MAYO-REY,NO-MAYO-REY-TOUBORO,TOUBORO,EP TOUBORO GPE 1 / D,316,FADA TOUBORO,elecam-bv-2025-nord,ed7c6f61ed768f476930d07461bdacdfd1e3d7ea9b33879d187b85edc2d8200b,needs_review,263,263,71683,71783,100
ELECAM-2025-NO-MAYO-REY-TOUBORO-0082,82,NO,NORD,NO-MAYO-REY,MAYO-REY,NO-MAYO-REY-TOUBORO,TOUBORO,EP TOUBORO GPE 1 / E,323,FADA TOUBORO,elecam-bv-2025-nord,ed7c6f61ed768f476930d07461bdacdfd1e3d7ea9b33879d187b85edc2d8200b,needs_review,263,263,71683,71783,100
ELECAM-2025-NO-MAYO-REY-TOUBORO-0083,83,NO,NORD,NO-MAYO-REY,MAYO-REY,NO-MAYO-REY-TOUBORO,TOUBORO,EP FLAYE / A,332,FLAYE,elecam-bv-2025-nord,ed7c6f61ed768f476930d07461bdacdfd1e3d7ea9b33879d187b85edc2d8200b,needs_review,263,263,71683,71783,100
ELECAM-2025-NO-MAYO-REY-TOUBORO-0084,84,NO,NORD,NO-MAYO-REY,MAYO-REY,NO-MAYO-REY-TOUBORO,TOUBORO,EP FLAYE / B,133,FLAYE,elecam-bv-2025-nord,ed7c6f61ed768f476930d07461bdacdfd1e3d7ea9b33879d187b85edc2d8200b,needs_review,263,263,71683,71783,100
ELECAM-2025-NO-MAYO-REY-TOUBORO-0085,85,NO,NORD,NO-MAYO-REY,MAYO-REY,NO-MAYO-REY-TOUBORO,TOUBORO,SOUS PREFECTURE TOUBORO / A,353,FONCTIONNAIRES,elecam-bv-2025-nord,ed7c6f61ed768f476930d07461bdacdfd1e3d7ea9b33879d187b85edc2d8200b,needs_review,263,263,71683,71783,100
ELECAM-2025-NO-MAYO-REY-TOUBORO-0086,86,NO,NORD,NO-MAYO-REY,MAYO-REY,NO-MAYO-REY-TOUBORO,TOUBORO,EP MBAKA / A,408,FOUBELA,elecam-bv-2025-nord,ed7c6f61ed768f476930d07461bdacdfd1e3d7ea9b33879d187b85edc2d8200b,needs_review,263,263,71683,71783,100
ELECAM-2025-NO-MAYO-REY-TOUBORO-0087,87,NO,NORD,NO-MAYO-REY,MAYO-REY,NO-MAYO-REY-TOUBORO,TOUBORO,EP MBAKA / B,301,FOUBELA,elecam-bv-2025-nord,ed7c6f61ed768f476930d07461bdacdfd1e3d7ea9b33879d187b85edc2d8200b,needs_review,263,263,71683,71783,100
ELECAM-2025-NO-MAYO-REY-TOUBORO-0088,88,NO,NORD,NO-MAYO-REY,MAYO-REY,NO-MAYO-REY-TOUBORO,TOUBORO,EP MBAKA / C,232,FOUBELA,elecam-bv-2025-nord,ed7c6f61ed768f476930d07461bdacdfd1e3d7ea9b33879d187b85edc2d8200b,needs_review,263,263,71683,71783,100
ELECAM-2025-NO-MAYO-REY-TOUBORO-0089,89,NO,NORD,NO-MAYO-REY,MAYO-REY,NO-MAYO-REY-TOUBORO,TOUBORO,EP MBAKA / D,298,FOUBELA,elecam-bv-2025-nord,ed7c6f61ed768f476930d07461bdacdfd1e3d7ea9b33879d187b85edc2d8200b,needs_review,263,263,71683,71783,100
ELECAM-2025-NO-MAYO-REY-TOUBORO-0090,90,NO,NORD,NO-MAYO-REY,MAYO-REY,NO-MAYO-REY-TOUBORO,TOUBORO,EP FOULBI / A,205,FOULBI,elecam-bv-2025-nord,ed7c6f61ed768f476930d07461bdacdfd1e3d7ea9b33879d187b85edc2d8200b,needs_review,263,263,71683,71783,100
ELECAM-2025-NO-MAYO-REY-TOUBORO-0091,91,NO,NORD,NO-MAYO-REY,MAYO-REY,NO-MAYO-REY-TOUBORO,TOUBORO,EP FOUMBANG / A,384,FOUMBANG,elecam-bv-2025-nord,ed7c6f61ed768f476930d07461bdacdfd1e3d7ea9b33879d187b85edc2d8200b,needs_review,263,263,71683,71783,100
ELECAM-2025-NO-MAYO-REY-TOUBORO-0092,92,NO,NORD,NO-MAYO-REY,MAYO-REY,NO-MAYO-REY-TOUBORO,TOUBORO,EP FRAGON / A,241,FRAGON,elecam-bv-2025-nord,ed7c6f61ed768f476930d07461bdacdfd1e3d7ea9b33879d187b85edc2d8200b,needs_review,263,263,71683,71783,100
ELECAM-2025-NO-MAYO-REY-TOUBORO-0093,93,NO,NORD,NO-MAYO-REY,MAYO-REY,NO-MAYO-REY-TOUBORO,TOUBORO,EP GAI TOUKOULOU / A,346,GAI-TOUKOULOU,elecam-bv-2025-nord,ed7c6f61ed768f476930d07461bdacdfd1e3d7ea9b33879d187b85edc2d8200b,needs_review,263,263,71683,71783,100
ELECAM-2025-NO-MAYO-REY-TOUBORO-0094,94,NO,NORD,NO-MAYO-REY,MAYO-REY,NO-MAYO-REY-TOUBORO,TOUBORO,EP SELAL MBOUSSIRI / A,272,DJOM KALAKI,elecam-bv-2025-nord,ed7c6f61ed768f476930d07461bdacdfd1e3d7ea9b33879d187b85edc2d8200b,needs_review,263,263,71683,71783,100
ELECAM-2025-NO-MAYO-REY-TOUBORO-0095,95,NO,NORD,NO-MAYO-REY,MAYO-REY,NO-MAYO-REY-TOUBORO,TOUBORO,ESPLANADE CHEFFERI GOLOMBALI / A,316,GOLOMBALI,elecam-bv-2025-nord,ed7c6f61ed768f476930d07461bdacdfd1e3d7ea9b33879d187b85edc2d8200b,needs_review,263,263,71683,71783,100
ELECAM-2025-NO-MAYO-REY-TOUBORO-0096,96,NO,NORD,NO-MAYO-REY,MAYO-REY,NO-MAYO-REY-TOUBORO,TOUBORO,ESPLANADE CHEFFERI GOLOMBALI / B,154,GOLOMBALI,elecam-bv-2025-nord,ed7c6f61ed768f476930d07461bdacdfd1e3d7ea9b33879d187b85edc2d8200b,needs_review,263,263,71683,71783,100
ELECAM-2025-NO-MAYO-REY-TOUBORO-0097,97,NO,NORD,NO-MAYO-REY,MAYO-REY,NO-MAYO-REY-TOUBORO,TOUBORO,EP HABAGA / A,347,HABAGA,elecam-bv-2025-nord,ed7c6f61ed768f476930d07461bdacdfd1e3d7ea9b33879d187b85edc2d8200b,needs_review,263,263,71683,71783,100
ELECAM-2025-NO-MAYO-REY-TOUBORO-0098,98,NO,NORD,NO-MAYO-REY,MAYO-REY,NO-MAYO-REY-TOUBORO,TOUBORO,EP HABAGA / B,76,HABAGA,elecam-bv-2025-nord,ed7c6f61ed768f476930d07461bdacdfd1e3d7ea9b33879d187b85edc2d8200b,needs_review,263,263,71683,71783,100
ELECAM-2025-NO-MAYO-REY-TOUBORO-0099,99,NO,NORD,NO-MAYO-REY,MAYO-REY,NO-MAYO-REY-TOUBORO,TOUBORO,EP HAIDJAM / A,316,HAIDJAM,elecam-bv-2025-nord,ed7c6f61ed768f476930d07461bdacdfd1e3d7ea9b33879d187b85edc2d8200b,needs_review,263,263,71683,71783,100
ELECAM-2025-NO-MAYO-REY-TOUBORO-0100,100,NO,NORD,NO-MAYO-REY,MAYO-REY,NO-MAYO-REY-TOUBORO,TOUBORO,EP HAIDJAM / B,188,HAIDJAM,elecam-bv-2025-nord,ed7c6f61ed768f476930d07461bdacdfd1e3d7ea9b33879d187b85edc2d8200b,needs_review,263,263,71683,71783,100
ELECAM-2025-NO-MAYO-REY-TOUBORO-0101,101,NO,NORD,NO-MAYO-REY,MAYO-REY,NO-MAYO-REY-TOUBORO,TOUBORO,EP HOME / A,431,HOME,elecam-bv-2025-nord,ed7c6f61ed768f476930d07461bdacdfd1e3d7ea9b33879d187b85edc2d8200b,needs_review,263,263,71683,71783,100
ELECAM-2025-NO-MAYO-REY-TOUBORO-0102,102,NO,NORD,NO-MAYO-REY,MAYO-REY,NO-MAYO-REY-TOUBORO,TOUBORO,EP HOME / B,328,HOME,elecam-bv-2025-nord,ed7c6f61ed768f476930d07461bdacdfd1e3d7ea9b33879d187b85edc2d8200b,needs_review,263,263,71683,71783,100
ELECAM-2025-NO-MAYO-REY-TOUBORO-0103,103,NO,NORD,NO-MAYO-REY,MAYO-REY,NO-MAYO-REY-TOUBORO,TOUBORO,EP HOME / C,86,HOME,elecam-bv-2025-nord,ed7c6f61ed768f476930d07461bdacdfd1e3d7ea9b33879d187b85edc2d8200b,needs_review,263,263,71683,71783,100
ELECAM-2025-NO-MAYO-REY-TOUBORO-0104,104,NO,NORD,NO-MAYO-REY,MAYO-REY,NO-MAYO-REY-TOUBORO,TOUBORO,ESPL CHEF CARREFOU MAROUARE / A,452,KABA,elecam-bv-2025-nord,ed7c6f61ed768f476930d07461bdacdfd1e3d7ea9b33879d187b85edc2d8200b,needs_review,263,263,71683,71783,100
ELECAM-2025-NO-MAYO-REY-TOUBORO-0105,105,NO,NORD,NO-MAYO-REY,MAYO-REY,NO-MAYO-REY-TOUBORO,TOUBORO,ESPL CHEF CARREFOU MAROUARE / B,344,KABA,elecam-bv-2025-nord,ed7c6f61ed768f476930d07461bdacdfd1e3d7ea9b33879d187b85edc2d8200b,needs_review,263,263,71683,71783,100
ELECAM-2025-NO-MAYO-REY-TOUBORO-0106,106,NO,NORD,NO-MAYO-REY,MAYO-REY,NO-MAYO-REY-TOUBORO,TOUBORO,ESPL CHEF CARREFOU MAROUARE / C,345,KABA,elecam-bv-2025-nord,ed7c6f61ed768f476930d07461bdacdfd1e3d7ea9b33879d187b85edc2d8200b,needs_review,263,263,71683,71783,100
ELECAM-2025-NO-MAYO-REY-TOUBORO-0107,107,NO,NORD,NO-MAYO-REY,MAYO-REY,NO-MAYO-REY-TOUBORO,TOUBORO,ESPL CHEF CARREFOU MAROUARE / D,340,KABA,elecam-bv-2025-nord,ed7c6f61ed768f476930d07461bdacdfd1e3d7ea9b33879d187b85edc2d8200b,needs_review,263,263,71683,71783,100
ELECAM-2025-NO-MAYO-REY-TOUBORO-0108,108,NO,NORD,NO-MAYO-REY,MAYO-REY,NO-MAYO-REY-TOUBORO,TOUBORO,ESPL CHEF CARREFOU MAROUARE / E,337,KABA,elecam-bv-2025-nord,ed7c6f61ed768f476930d07461bdacdfd1e3d7ea9b33879d187b85edc2d8200b,needs_review,263,263,71683,71783,100
ELECAM-2025-NO-MAYO-REY-TOUBORO-0109,109,NO,NORD,NO-MAYO-REY,MAYO-REY,NO-MAYO-REY-TOUBORO,TOUBORO,EP KADES / A,388,KADES,elecam-bv-2025-nord,ed7c6f61ed768f476930d07461bdacdfd1e3d7ea9b33879d187b85edc2d8200b,needs_review,263,263,71683,71783,100
ELECAM-2025-NO-MAYO-REY-TOUBORO-0110,110,NO,NORD,NO-MAYO-REY,MAYO-REY,NO-MAYO-REY-TOUBORO,TOUBORO,EP KANANA / A,342,KANANA,elecam-bv-2025-nord,ed7c6f61ed768f476930d07461bdacdfd1e3d7ea9b33879d187b85edc2d8200b,needs_review,263,263,71683,71783,100
ELECAM-2025-NO-MAYO-REY-TOUBORO-0111,111,NO,NORD,NO-MAYO-REY,MAYO-REY,NO-MAYO-REY-TOUBORO,TOUBORO,EP KANANA / B,123,KANANA,elecam-bv-2025-nord,ed7c6f61ed768f476930d07461bdacdfd1e3d7ea9b33879d187b85edc2d8200b,needs_review,263,263,71683,71783,100
ELECAM-2025-NO-MAYO-REY-TOUBORO-0112,112,NO,NORD,NO-MAYO-REY,MAYO-REY,NO-MAYO-REY-TOUBORO,TOUBORO,EP KARANG PANDJAMA / A,357,KARANG PANDJAMA,elecam-bv-2025-nord,ed7c6f61ed768f476930d07461bdacdfd1e3d7ea9b33879d187b85edc2d8200b,needs_review,263,263,71683,71783,100
ELECAM-2025-NO-MAYO-REY-TOUBORO-0113,113,NO,NORD,NO-MAYO-REY,MAYO-REY,NO-MAYO-REY-TOUBORO,TOUBORO,ESPL CHEF KERBAI / A,208,KERBAI,elecam-bv-2025-nord,ed7c6f61ed768f476930d07461bdacdfd1e3d7ea9b33879d187b85edc2d8200b,needs_review,263,263,71683,71783,100
ELECAM-2025-NO-MAYO-REY-TOUBORO-0114,114,NO,NORD,NO-MAYO-REY,MAYO-REY,NO-MAYO-REY-TOUBORO,TOUBORO,EP KOMBO GOUDRON / A,439,KOMBO GOUDRON,elecam-bv-2025-nord,ed7c6f61ed768f476930d07461bdacdfd1e3d7ea9b33879d187b85edc2d8200b,needs_review,263,263,71683,71783,100
ELECAM-2025-NO-MAYO-REY-TOUBORO-0115,115,NO,NORD,NO-MAYO-REY,MAYO-REY,NO-MAYO-REY-TOUBORO,TOUBORO,EP KOMBO GOUDRON / B,393,KOMBO GOUDRON,elecam-bv-2025-nord,ed7c6f61ed768f476930d07461bdacdfd1e3d7ea9b33879d187b85edc2d8200b,needs_review,263,263,71683,71783,100
ELECAM-2025-NO-MAYO-REY-TOUBORO-0116,116,NO,NORD,NO-MAYO-REY,MAYO-REY,NO-MAYO-REY-TOUBORO,TOUBORO,ESPL CHEF KOMBO VILLAGE / A,345,KOMBO GOUDRON,elecam-bv-2025-nord,ed7c6f61ed768f476930d07461bdacdfd1e3d7ea9b33879d187b85edc2d8200b,needs_review,263,263,71683,71783,100
ELECAM-2025-NO-MAYO-REY-TOUBORO-0117,117,NO,NORD,NO-MAYO-REY,MAYO-REY,NO-MAYO-REY-TOUBORO,TOUBORO,ESPL CHEF KOMBO VILLAGE / B,170,KOMBO GOUDRON,elecam-bv-2025-nord,ed7c6f61ed768f476930d07461bdacdfd1e3d7ea9b33879d187b85edc2d8200b,needs_review,263,263,71683,71783,100
ELECAM-2025-NO-MAYO-REY-TOUBORO-0118,118,NO,NORD,NO-MAYO-REY,MAYO-REY,NO-MAYO-REY-TOUBORO,TOUBORO,EP KOUMANE BAYA / A,78,BOUKOUTOU,elecam-bv-2025-nord,ed7c6f61ed768f476930d07461bdacdfd1e3d7ea9b33879d187b85edc2d8200b,needs_review,263,263,71683,71783,100
ELECAM-2025-NO-MAYO-REY-TOUBORO-0119,119,NO,NORD,NO-MAYO-REY,MAYO-REY,NO-MAYO-REY-TOUBORO,TOUBORO,EP KOUMANE MBOUM / A,349,KOUMANE MBOUM,elecam-bv-2025-nord,ed7c6f61ed768f476930d07461bdacdfd1e3d7ea9b33879d187b85edc2d8200b,needs_review,263,263,71683,71783,100
ELECAM-2025-NO-MAYO-REY-TOUBORO-0120,120,NO,NORD,NO-MAYO-REY,MAYO-REY,NO-MAYO-REY-TOUBORO,TOUBORO,EP KOUMANE MBOUM / B,74,KOUMANE MBOUM,elecam-bv-2025-nord,ed7c6f61ed768f476930d07461bdacdfd1e3d7ea9b33879d187b85edc2d8200b,needs_review,263,263,71683,71783,100
ELECAM-2025-NO-MAYO-REY-TOUBORO-0121,121,NO,NORD,NO-MAYO-REY,MAYO-REY,NO-MAYO-REY-TOUBORO,TOUBORO,EP LAOUDJONGUE / A,416,LAOUDJONGUE,elecam-bv-2025-nord,ed7c6f61ed768f476930d07461bdacdfd1e3d7ea9b33879d187b85edc2d8200b,needs_review,263,263,71683,71783,100
ELECAM-2025-NO-MAYO-REY-TOUBORO-0122,122,NO,NORD,NO-MAYO-REY,MAYO-REY,NO-MAYO-REY-TOUBORO,TOUBORO,EP LAOUDJONGUE / B,74,LAOUDJONGUE,elecam-bv-2025-nord,ed7c6f61ed768f476930d07461bdacdfd1e3d7ea9b33879d187b85edc2d8200b,needs_review,263,263,71683,71783,100
ELECAM-2025-NO-MAYO-REY-TOUBORO-0123,123,NO,NORD,NO-MAYO-REY,MAYO-REY,NO-MAYO-REY-TOUBORO,TOUBORO,EP MBAIMBOUM SOGBE / A,414,LAOUKARI,elecam-bv-2025-nord,ed7c6f61ed768f476930d07461bdacdfd1e3d7ea9b33879d187b85edc2d8200b,needs_review,263,263,71683,71783,100
ELECAM-2025-NO-MAYO-REY-TOUBORO-0124,124,NO,NORD,NO-MAYO-REY,MAYO-REY,NO-MAYO-REY-TOUBORO,TOUBORO,EP MBAIMBOUM SOGBE / B,335,LAOUKARI,elecam-bv-2025-nord,ed7c6f61ed768f476930d07461bdacdfd1e3d7ea9b33879d187b85edc2d8200b,needs_review,263,263,71683,71783,100
ELECAM-2025-NO-MAYO-REY-TOUBORO-0125,125,NO,NORD,NO-MAYO-REY,MAYO-REY,NO-MAYO-REY-TOUBORO,TOUBORO,EP MBAIMBOUM SOGBE / C,293,LAOUKARI,elecam-bv-2025-nord,ed7c6f61ed768f476930d07461bdacdfd1e3d7ea9b33879d187b85edc2d8200b,needs_review,263,263,71683,71783,100
ELECAM-2025-NO-MAYO-REY-TOUBORO-0126,126,NO,NORD,NO-MAYO-REY,MAYO-REY,NO-MAYO-REY-TOUBORO,TOUBORO,EP MBAIMBOUM SOGBE / D,246,LAOUKARI,elecam-bv-2025-nord,ed7c6f61ed768f476930d07461bdacdfd1e3d7ea9b33879d187b85edc2d8200b,needs_review,263,263,71683,71783,100
ELECAM-2025-NO-MAYO-REY-TOUBORO-0127,127,NO,NORD,NO-MAYO-REY,MAYO-REY,NO-MAYO-REY-TOUBORO,TOUBORO,ESPL CHEF LAOUNINGA / A,373,LAOUNINGA,elecam-bv-2025-nord,ed7c6f61ed768f476930d07461bdacdfd1e3d7ea9b33879d187b85edc2d8200b,needs_review,263,263,71683,71783,100
ELECAM-2025-NO-MAYO-REY-TOUBORO-0128,128,NO,NORD,NO-MAYO-REY,MAYO-REY,NO-MAYO-REY-TOUBORO,TOUBORO,GIC SODECOTON LARAH NDAH / A,261,LARA-NDAH,elecam-bv-2025-nord,ed7c6f61ed768f476930d07461bdacdfd1e3d7ea9b33879d187b85edc2d8200b,needs_review,263,263,71683,71783,100
ELECAM-2025-NO-MAYO-REY-TOUBORO-0129,129,NO,NORD,NO-MAYO-REY,MAYO-REY,NO-MAYO-REY-TOUBORO,TOUBORO,EP MAFARE / A,283,MAFARE,elecam-bv-2025-nord,ed7c6f61ed768f476930d07461bdacdfd1e3d7ea9b33879d187b85edc2d8200b,needs_review,263,263,71683,71783,100
ELECAM-2025-NO-MAYO-REY-TOUBORO-0130,130,NO,NORD,NO-MAYO-REY,MAYO-REY,NO-MAYO-REY-TOUBORO,TOUBORO,EP MAFARE / B,120,MAFARE,elecam-bv-2025-nord,ed7c6f61ed768f476930d07461bdacdfd1e3d7ea9b33879d187b85edc2d8200b,needs_review,263,263,71683,71783,100
ELECAM-2025-NO-MAYO-REY-TOUBORO-0131,131,NO,NORD,NO-MAYO-REY,MAYO-REY,NO-MAYO-REY-TOUBORO,TOUBORO,EP MALAOUMBALI / A,225,KERBAI,elecam-bv-2025-nord,ed7c6f61ed768f476930d07461bdacdfd1e3d7ea9b33879d187b85edc2d8200b,needs_review,263,263,71683,71783,100
ELECAM-2025-NO-MAYO-REY-TOUBORO-0132,132,NO,NORD,NO-MAYO-REY,MAYO-REY,NO-MAYO-REY-TOUBORO,TOUBORO,EP MANE GARMANE / A,229,MANE,elecam-bv-2025-nord,ed7c6f61ed768f476930d07461bdacdfd1e3d7ea9b33879d187b85edc2d8200b,needs_review,263,263,71683,71783,100
ELECAM-2025-NO-MAYO-REY-TOUBORO-0133,133,NO,NORD,NO-MAYO-REY,MAYO-REY,NO-MAYO-REY-TOUBORO,TOUBORO,EP MAROUM / A,241,MAROUM,elecam-bv-2025-nord,ed7c6f61ed768f476930d07461bdacdfd1e3d7ea9b33879d187b85edc2d8200b,needs_review,263,263,71683,71783,100
ELECAM-2025-NO-MAYO-REY-TOUBORO-0134,134,NO,NORD,NO-MAYO-REY,MAYO-REY,NO-MAYO-REY-TOUBORO,TOUBORO,EP MATA MADA / A,251,MATA MADA,elecam-bv-2025-nord,ed7c6f61ed768f476930d07461bdacdfd1e3d7ea9b33879d187b85edc2d8200b,needs_review,263,263,71683,71783,100
ELECAM-2025-NO-MAYO-REY-TOUBORO-0135,135,NO,NORD,NO-MAYO-REY,MAYO-REY,NO-MAYO-REY-TOUBORO,TOUBORO,EP MATA MADA / B,178,MATA MADA,elecam-bv-2025-nord,ed7c6f61ed768f476930d07461bdacdfd1e3d7ea9b33879d187b85edc2d8200b,needs_review,263,263,71683,71783,100
ELECAM-2025-NO-MAYO-REY-TOUBORO-0136,136,NO,NORD,NO-MAYO-REY,MAYO-REY,NO-MAYO-REY-TOUBORO,TOUBORO,EP VONG NAH / A,405,MAYO BINI,elecam-bv-2025-nord,ed7c6f61ed768f476930d07461bdacdfd1e3d7ea9b33879d187b85edc2d8200b,needs_review,263,263,71683,71783,100
ELECAM-2025-NO-MAYO-REY-TOUBORO-0137,137,NO,NORD,NO-MAYO-REY,MAYO-REY,NO-MAYO-REY-TOUBORO,TOUBORO,EP VONG NAH / B,199,MAYO BINI,elecam-bv-2025-nord,ed7c6f61ed768f476930d07461bdacdfd1e3d7ea9b33879d187b85edc2d8200b,needs_review,263,263,71683,71783,100
ELECAM-2025-NO-MAYO-REY-TOUBORO-0138,138,NO,NORD,NO-MAYO-REY,MAYO-REY,NO-MAYO-REY-TOUBORO,TOUBORO,EP VONG NAH / C,242,MAYO BINI,elecam-bv-2025-nord,ed7c6f61ed768f476930d07461bdacdfd1e3d7ea9b33879d187b85edc2d8200b,needs_review,263,263,71683,71783,100
ELECAM-2025-NO-MAYO-REY-TOUBORO-0139,139,NO,NORD,NO-MAYO-REY,MAYO-REY,NO-MAYO-REY-TOUBORO,TOUBORO,EP VONG NAH / D,147,MAYO BINI,elecam-bv-2025-nord,ed7c6f61ed768f476930d07461bdacdfd1e3d7ea9b33879d187b85edc2d8200b,needs_review,263,263,71683,71783,100
ELECAM-2025-NO-MAYO-REY-TOUBORO-0140,140,NO,NORD,NO-MAYO-REY,MAYO-REY,NO-MAYO-REY-TOUBORO,TOUBORO,EP MAYO KOLOM / A,201,MAYO KOLOM,elecam-bv-2025-nord,ed7c6f61ed768f476930d07461bdacdfd1e3d7ea9b33879d187b85edc2d8200b,needs_review,263,263,71683,71783,100
ELECAM-2025-NO-MAYO-REY-TOUBORO-0141,141,NO,NORD,NO-MAYO-REY,MAYO-REY,NO-MAYO-REY-TOUBORO,TOUBORO,EP MOYO LADDE / A,414,KAOUN,elecam-bv-2025-nord,ed7c6f61ed768f476930d07461bdacdfd1e3d7ea9b33879d187b85edc2d8200b,needs_review,263,263,71683,71783,100
ELECAM-2025-NO-MAYO-REY-TOUBORO-0142,142,NO,NORD,NO-MAYO-REY,MAYO-REY,NO-MAYO-REY-TOUBORO,TOUBORO,EP MOYO LADDE / B,274,KAOUN,elecam-bv-2025-nord,ed7c6f61ed768f476930d07461bdacdfd1e3d7ea9b33879d187b85edc2d8200b,needs_review,263,263,71683,71783,100
ELECAM-2025-NO-MAYO-REY-TOUBORO-0143,143,NO,NORD,NO-MAYO-REY,MAYO-REY,NO-MAYO-REY-TOUBORO,TOUBORO,EP SORAMBOUM / A,389,MAYO MBARKA VILLAGE,elecam-bv-2025-nord,ed7c6f61ed768f476930d07461bdacdfd1e3d7ea9b33879d187b85edc2d8200b,needs_review,263,263,71683,71783,100
ELECAM-2025-NO-MAYO-REY-TOUBORO-0144,144,NO,NORD,NO-MAYO-REY,MAYO-REY,NO-MAYO-REY-TOUBORO,TOUBORO,EP MAYO MBI / A,286,MAYO MBI,elecam-bv-2025-nord,ed7c6f61ed768f476930d07461bdacdfd1e3d7ea9b33879d187b85edc2d8200b,needs_review,263,263,71683,71783,100
ELECAM-2025-NO-MAYO-REY-TOUBORO-0145,145,NO,NORD,NO-MAYO-REY,MAYO-REY,NO-MAYO-REY-TOUBORO,TOUBORO,EP MAYO MBI / B,314,MAYO MBI,elecam-bv-2025-nord,ed7c6f61ed768f476930d07461bdacdfd1e3d7ea9b33879d187b85edc2d8200b,needs_review,263,263,71683,71783,100
ELECAM-2025-NO-MAYO-REY-TOUBORO-0146,146,NO,NORD,NO-MAYO-REY,MAYO-REY,NO-MAYO-REY-TOUBORO,TOUBORO,EP MAYO NDAH / A,327,MAYO BINI,elecam-bv-2025-nord,ed7c6f61ed768f476930d07461bdacdfd1e3d7ea9b33879d187b85edc2d8200b,needs_review,263,263,71683,71783,100
ELECAM-2025-NO-MAYO-REY-TOUBORO-0147,147,NO,NORD,NO-MAYO-REY,MAYO-REY,NO-MAYO-REY-TOUBORO,TOUBORO,EP MAYO NDAH / B,325,MAYO BINI,elecam-bv-2025-nord,ed7c6f61ed768f476930d07461bdacdfd1e3d7ea9b33879d187b85edc2d8200b,needs_review,263,263,71683,71783,100
ELECAM-2025-NO-MAYO-REY-TOUBORO-0148,148,NO,NORD,NO-MAYO-REY,MAYO-REY,NO-MAYO-REY-TOUBORO,TOUBORO,EP MAYO ZAKI / A,424,MAYO ZAKI,elecam-bv-2025-nord,ed7c6f61ed768f476930d07461bdacdfd1e3d7ea9b33879d187b85edc2d8200b,needs_review,263,263,71683,71783,100
ELECAM-2025-NO-MAYO-REY-TOUBORO-0149,149,NO,NORD,NO-MAYO-REY,MAYO-REY,NO-MAYO-REY-TOUBORO,TOUBORO,EP MAYO ZAKI / B,257,MAYO ZAKI,elecam-bv-2025-nord,ed7c6f61ed768f476930d07461bdacdfd1e3d7ea9b33879d187b85edc2d8200b,needs_review,263,263,71683,71783,100
ELECAM-2025-NO-MAYO-REY-TOUBORO-0150,150,NO,NORD,NO-MAYO-REY,MAYO-REY,NO-MAYO-REY-TOUBORO,TOUBORO,ESPL CHEF MAYO ZARIA / A,179,MAYO ZARIA,elecam-bv-2025-nord,ed7c6f61ed768f476930d07461bdacdfd1e3d7ea9b33879d187b85edc2d8200b,needs_review,263,263,71683,71783,100
ELECAM-2025-NO-MAYO-REY-TOUBORO-0151,151,NO,NORD,NO-MAYO-REY,MAYO-REY,NO-MAYO-REY-TOUBORO,TOUBORO,ESPL CHEF MAYO GUEMZECK / A,280,MAYO-GUEMZEK,elecam-bv-2025-nord,ed7c6f61ed768f476930d07461bdacdfd1e3d7ea9b33879d187b85edc2d8200b,needs_review,263,263,71683,71783,100
ELECAM-2025-NO-MAYO-REY-TOUBORO-0152,152,NO,NORD,NO-MAYO-REY,MAYO-REY,NO-MAYO-REY-TOUBORO,TOUBORO,ESPL CHEF MAYO GUEMZECK / B,243,MAYO-GUEMZEK,elecam-bv-2025-nord,ed7c6f61ed768f476930d07461bdacdfd1e3d7ea9b33879d187b85edc2d8200b,needs_review,263,263,71683,71783,100
ELECAM-2025-NO-MAYO-REY-TOUBORO-0153,153,NO,NORD,NO-MAYO-REY,MAYO-REY,NO-MAYO-REY-TOUBORO,TOUBORO,EP MBAILARA / A,378,MBAILARA,elecam-bv-2025-nord,ed7c6f61ed768f476930d07461bdacdfd1e3d7ea9b33879d187b85edc2d8200b,needs_review,263,263,71683,71783,100
ELECAM-2025-NO-MAYO-REY-TOUBORO-0154,154,NO,NORD,NO-MAYO-REY,MAYO-REY,NO-MAYO-REY-TOUBORO,TOUBORO,EP MBAILARA / B,284,MBAILARA,elecam-bv-2025-nord,ed7c6f61ed768f476930d07461bdacdfd1e3d7ea9b33879d187b85edc2d8200b,needs_review,263,263,71683,71783,100
ELECAM-2025-NO-MAYO-REY-TOUBORO-0155,155,NO,NORD,NO-MAYO-REY,MAYO-REY,NO-MAYO-REY-TOUBORO,TOUBORO,EP MBAIMBEO / A,402,MBAIMBEO,elecam-bv-2025-nord,ed7c6f61ed768f476930d07461bdacdfd1e3d7ea9b33879d187b85edc2d8200b,needs_review,263,263,71683,71783,100
ELECAM-2025-NO-MAYO-REY-TOUBORO-0156,156,NO,NORD,NO-MAYO-REY,MAYO-REY,NO-MAYO-REY-TOUBORO,TOUBORO,EP MBAIMBEO / B,33,MBAIMBEO,elecam-bv-2025-nord,ed7c6f61ed768f476930d07461bdacdfd1e3d7ea9b33879d187b85edc2d8200b,needs_review,263,263,71683,71783,100
ELECAM-2025-NO-MAYO-REY-TOUBORO-0157,157,NO,NORD,NO-MAYO-REY,MAYO-REY,NO-MAYO-REY-TOUBORO,TOUBORO,EP MBAKANA / A,415,BARBARA,elecam-bv-2025-nord,ed7c6f61ed768f476930d07461bdacdfd1e3d7ea9b33879d187b85edc2d8200b,needs_review,263,263,71683,71783,100
ELECAM-2025-NO-MAYO-REY-TOUBORO-0158,158,NO,NORD,NO-MAYO-REY,MAYO-REY,NO-MAYO-REY-TOUBORO,TOUBORO,EP MBEING / A,421,MBEING,elecam-bv-2025-nord,ed7c6f61ed768f476930d07461bdacdfd1e3d7ea9b33879d187b85edc2d8200b,needs_review,263,263,71683,71783,100
ELECAM-2025-NO-MAYO-REY-TOUBORO-0159,159,NO,NORD,NO-MAYO-REY,MAYO-REY,NO-MAYO-REY-TOUBORO,TOUBORO,ESPL CHEF MBEING / A,257,MBEING,elecam-bv-2025-nord,ed7c6f61ed768f476930d07461bdacdfd1e3d7ea9b33879d187b85edc2d8200b,needs_review,263,263,71683,71783,100
ELECAM-2025-NO-MAYO-REY-TOUBORO-0160,160,NO,NORD,NO-MAYO-REY,MAYO-REY,NO-MAYO-REY-TOUBORO,TOUBORO,EP MBEM / A,392,MBEM,elecam-bv-2025-nord,ed7c6f61ed768f476930d07461bdacdfd1e3d7ea9b33879d187b85edc2d8200b,needs_review,263,263,71683,71783,100
ELECAM-2025-NO-MAYO-REY-TOUBORO-0161,161,NO,NORD,NO-MAYO-REY,MAYO-REY,NO-MAYO-REY-TOUBORO,TOUBORO,EP MBEM / B,59,MBEM,elecam-bv-2025-nord,ed7c6f61ed768f476930d07461bdacdfd1e3d7ea9b33879d187b85edc2d8200b,needs_review,263,263,71683,71783,100
ELECAM-2025-NO-MAYO-REY-TOUBORO-0162,162,NO,NORD,NO-MAYO-REY,MAYO-REY,NO-MAYO-REY-TOUBORO,TOUBORO,ESPL CHEF NGUEOUTAOU / A,367,MBIDAM,elecam-bv-2025-nord,ed7c6f61ed768f476930d07461bdacdfd1e3d7ea9b33879d187b85edc2d8200b,needs_review,263,263,71683,71783,100
ELECAM-2025-NO-MAYO-REY-TOUBORO-0163,163,NO,NORD,NO-MAYO-REY,MAYO-REY,NO-MAYO-REY-TOUBORO,TOUBORO,ESPLANADE EGLISE ELC TOUBORO BAYA / A,405,MBIKOUNI BAYA,elecam-bv-2025-nord,ed7c6f61ed768f476930d07461bdacdfd1e3d7ea9b33879d187b85edc2d8200b,needs_review,263,263,71683,71783,100
ELECAM-2025-NO-MAYO-REY-TOUBORO-0164,164,NO,NORD,NO-MAYO-REY,MAYO-REY,NO-MAYO-REY-TOUBORO,TOUBORO,ESPLANADE EGLISE ELC TOUBORO BAYA / B,387,MBIKOUNI BAYA,elecam-bv-2025-nord,ed7c6f61ed768f476930d07461bdacdfd1e3d7ea9b33879d187b85edc2d8200b,needs_review,263,263,71683,71783,100
ELECAM-2025-NO-MAYO-REY-TOUBORO-0165,165,NO,NORD,NO-MAYO-REY,MAYO-REY,NO-MAYO-REY-TOUBORO,TOUBORO,ESPLANADE EGLISE ELC TOUBORO BAYA / C,165,MBIKOUNI BAYA,elecam-bv-2025-nord,ed7c6f61ed768f476930d07461bdacdfd1e3d7ea9b33879d187b85edc2d8200b,needs_review,263,263,71683,71783,100
ELECAM-2025-NO-MAYO-REY-TOUBORO-0166,166,NO,NORD,NO-MAYO-REY,MAYO-REY,NO-MAYO-REY-TOUBORO,TOUBORO,ESPL CHEF MBIKOUNI FOULBE / A,445,MBIKOUNI FOULBE,elecam-bv-2025-nord,ed7c6f61ed768f476930d07461bdacdfd1e3d7ea9b33879d187b85edc2d8200b,needs_review,263,263,71683,71783,100
ELECAM-2025-NO-MAYO-REY-TOUBORO-0167,167,NO,NORD,NO-MAYO-REY,MAYO-REY,NO-MAYO-REY-TOUBORO,TOUBORO,ESPL CHEF MBIKOUNI FOULBE / B,379,MBIKOUNI FOULBE,elecam-bv-2025-nord,ed7c6f61ed768f476930d07461bdacdfd1e3d7ea9b33879d187b85edc2d8200b,needs_review,263,263,71683,71783,100
ELECAM-2025-NO-MAYO-REY-TOUBORO-0168,168,NO,NORD,NO-MAYO-REY,MAYO-REY,NO-MAYO-REY-TOUBORO,TOUBORO,ESPL CHEF MBIKOUNI FOULBE / C,187,MBIKOUNI FOULBE,elecam-bv-2025-nord,ed7c6f61ed768f476930d07461bdacdfd1e3d7ea9b33879d187b85edc2d8200b,needs_review,263,263,71683,71783,100
ELECAM-2025-NO-MAYO-REY-TOUBORO-0169,169,NO,NORD,NO-MAYO-REY,MAYO-REY,NO-MAYO-REY-TOUBORO,TOUBORO,ESPL CHEF MBIKOUNI FOULBE / D,355,MBIKOUNI FOULBE,elecam-bv-2025-nord,ed7c6f61ed768f476930d07461bdacdfd1e3d7ea9b33879d187b85edc2d8200b,needs_review,263,263,71683,71783,100
ELECAM-2025-NO-MAYO-REY-TOUBORO-0170,170,NO,NORD,NO-MAYO-REY,MAYO-REY,NO-MAYO-REY-TOUBORO,TOUBORO,ESPL CHEF MBITOM / A,226,MBITOM I,elecam-bv-2025-nord,ed7c6f61ed768f476930d07461bdacdfd1e3d7ea9b33879d187b85edc2d8200b,needs_review,263,263,71683,71783,100
ELECAM-2025-NO-MAYO-REY-TOUBORO-0171,171,NO,NORD,NO-MAYO-REY,MAYO-REY,NO-MAYO-REY-TOUBORO,TOUBORO,GIC SODECOTON MBITOM / A,318,MBITOM I,elecam-bv-2025-nord,ed7c6f61ed768f476930d07461bdacdfd1e3d7ea9b33879d187b85edc2d8200b,needs_review,263,263,71683,71783,100
ELECAM-2025-NO-MAYO-REY-TOUBORO-0172,172,NO,NORD,NO-MAYO-REY,MAYO-REY,NO-MAYO-REY-TOUBORO,TOUBORO,EP MBITOYE VILLAGE / A,204,MBITOYE VILLAGE,elecam-bv-2025-nord,ed7c6f61ed768f476930d07461bdacdfd1e3d7ea9b33879d187b85edc2d8200b,needs_review,263,263,71683,71783,100
ELECAM-2025-NO-MAYO-REY-TOUBORO-0173,173,NO,NORD,NO-MAYO-REY,MAYO-REY,NO-MAYO-REY-TOUBORO,TOUBORO,EP MBODO / A,262,MBODO,elecam-bv-2025-nord,ed7c6f61ed768f476930d07461bdacdfd1e3d7ea9b33879d187b85edc2d8200b,needs_review,263,263,71683,71783,100
ELECAM-2025-NO-MAYO-REY-TOUBORO-0174,174,NO,NORD,NO-MAYO-REY,MAYO-REY,NO-MAYO-REY-TOUBORO,TOUBORO,ESPL CHEF NDJORO / A,339,NDJORO,elecam-bv-2025-nord,ed7c6f61ed768f476930d07461bdacdfd1e3d7ea9b33879d187b85edc2d8200b,needs_review,263,263,71683,71783,100
ELECAM-2025-NO-MAYO-REY-TOUBORO-0175,175,NO,NORD,NO-MAYO-REY,MAYO-REY,NO-MAYO-REY-TOUBORO,TOUBORO,EP NDOCK / A,301,KAOUN,elecam-bv-2025-nord,ed7c6f61ed768f476930d07461bdacdfd1e3d7ea9b33879d187b85edc2d8200b,needs_review,263,263,71683,71783,100
ELECAM-2025-NO-MAYO-REY-TOUBORO-0176,176,NO,NORD,NO-MAYO-REY,MAYO-REY,NO-MAYO-REY-TOUBORO,TOUBORO,EP NDOCK / B,247,KAOUN,elecam-bv-2025-nord,ed7c6f61ed768f476930d07461bdacdfd1e3d7ea9b33879d187b85edc2d8200b,needs_review,263,263,71683,71783,100
ELECAM-2025-NO-MAYO-REY-TOUBORO-0177,177,NO,NORD,NO-MAYO-REY,MAYO-REY,NO-MAYO-REY-TOUBORO,TOUBORO,CENTRE DE SANTE MBANG REY / A,108,NDOCK GAOU,elecam-bv-2025-nord,ed7c6f61ed768f476930d07461bdacdfd1e3d7ea9b33879d187b85edc2d8200b,needs_review,263,263,71683,71783,100
ELECAM-2025-NO-MAYO-REY-TOUBORO-0178,178,NO,NORD,NO-MAYO-REY,MAYO-REY,NO-MAYO-REY-TOUBORO,TOUBORO,ESPL CHEF MBANG REY NDOCK TIBA / A,91,NDOCK TIBA,elecam-bv-2025-nord,ed7c6f61ed768f476930d07461bdacdfd1e3d7ea9b33879d187b85edc2d8200b,needs_review,263,263,71683,71783,100
ELECAM-2025-NO-MAYO-REY-TOUBORO-0179,179,NO,NORD,NO-MAYO-REY,MAYO-REY,NO-MAYO-REY-TOUBORO,TOUBORO,EP NGAY LARA / A,259,NGAI LARA,elecam-bv-2025-nord,ed7c6f61ed768f476930d07461bdacdfd1e3d7ea9b33879d187b85edc2d8200b,needs_review,263,263,71683,71783,100
ELECAM-2025-NO-MAYO-REY-TOUBORO-0180,180,NO,NORD,NO-MAYO-REY,MAYO-REY,NO-MAYO-REY-TOUBORO,TOUBORO,ESPL CHEF NGAI NDICKI / A,252,NGAI NDICKI,elecam-bv-2025-nord,ed7c6f61ed768f476930d07461bdacdfd1e3d7ea9b33879d187b85edc2d8200b,needs_review,263,263,71683,71783,100
ELECAM-2025-NO-MAYO-REY-TOUBORO-0181,181,NO,NORD,NO-MAYO-REY,MAYO-REY,NO-MAYO-REY-TOUBORO,TOUBORO,EP NGAIN / A,277,NANA,elecam-bv-2025-nord,ed7c6f61ed768f476930d07461bdacdfd1e3d7ea9b33879d187b85edc2d8200b,needs_review,263,263,71683,71783,100
ELECAM-2025-NO-MAYO-REY-TOUBORO-0182,182,NO,NORD,NO-MAYO-REY,MAYO-REY,NO-MAYO-REY-TOUBORO,TOUBORO,EP NGAIN / B,182,NANA,elecam-bv-2025-nord,ed7c6f61ed768f476930d07461bdacdfd1e3d7ea9b33879d187b85edc2d8200b,needs_review,263,263,71683,71783,100
ELECAM-2025-NO-MAYO-REY-TOUBORO-0183,183,NO,NORD,NO-MAYO-REY,MAYO-REY,NO-MAYO-REY-TOUBORO,TOUBORO,ESPL CHEF NGARA NGOH / A,135,NGARA NGOH,elecam-bv-2025-nord,ed7c6f61ed768f476930d07461bdacdfd1e3d7ea9b33879d187b85edc2d8200b,needs_review,263,263,71683,71783,100
ELECAM-2025-NO-MAYO-REY-TOUBORO-0184,184,NO,NORD,NO-MAYO-REY,MAYO-REY,NO-MAYO-REY-TOUBORO,TOUBORO,EP NGAY RAH / A,210,NGAY RAH,elecam-bv-2025-nord,ed7c6f61ed768f476930d07461bdacdfd1e3d7ea9b33879d187b85edc2d8200b,needs_review,263,263,71683,71783,100
ELECAM-2025-NO-MAYO-REY-TOUBORO-0185,185,NO,NORD,NO-MAYO-REY,MAYO-REY,NO-MAYO-REY-TOUBORO,TOUBORO,EP NGOUMI / A,417,NGOUMI BOGLARA,elecam-bv-2025-nord,ed7c6f61ed768f476930d07461bdacdfd1e3d7ea9b33879d187b85edc2d8200b,needs_review,263,263,71683,71783,100
ELECAM-2025-NO-MAYO-REY-TOUBORO-0186,186,NO,NORD,NO-MAYO-REY,MAYO-REY,NO-MAYO-REY-TOUBORO,TOUBORO,EP NGOUMI / B,374,NGOUMI BOGLARA,elecam-bv-2025-nord,ed7c6f61ed768f476930d07461bdacdfd1e3d7ea9b33879d187b85edc2d8200b,needs_review,263,263,71683,71783,100
ELECAM-2025-NO-MAYO-REY-TOUBORO-0187,187,NO,NORD,NO-MAYO-REY,MAYO-REY,NO-MAYO-REY-TOUBORO,TOUBORO,EP NGOUMI / C,369,NGOUMI BOGLARA,elecam-bv-2025-nord,ed7c6f61ed768f476930d07461bdacdfd1e3d7ea9b33879d187b85edc2d8200b,needs_review,263,263,71683,71783,100
ELECAM-2025-NO-MAYO-REY-TOUBORO-0188,188,NO,NORD,NO-MAYO-REY,MAYO-REY,NO-MAYO-REY-TOUBORO,TOUBORO,ESPL CHEF OURO DALA / A,177,OURO DALA,elecam-bv-2025-nord,ed7c6f61ed768f476930d07461bdacdfd1e3d7ea9b33879d187b85edc2d8200b,needs_review,263,263,71683,71783,100
ELECAM-2025-NO-MAYO-REY-TOUBORO-0189,189,NO,NORD,NO-MAYO-REY,MAYO-REY,NO-MAYO-REY-TOUBORO,TOUBORO,EP OURO DJODI / A,290,OURO DJODI,elecam-bv-2025-nord,ed7c6f61ed768f476930d07461bdacdfd1e3d7ea9b33879d187b85edc2d8200b,needs_review,263,263,71683,71783,100
ELECAM-2025-NO-MAYO-REY-TOUBORO-0190,190,NO,NORD,NO-MAYO-REY,MAYO-REY,NO-MAYO-REY-TOUBORO,TOUBORO,EP OURO HAIROU / A,183,OURO HAIROU,elecam-bv-2025-nord,ed7c6f61ed768f476930d07461bdacdfd1e3d7ea9b33879d187b85edc2d8200b,needs_review,263,263,71683,71783,100
ELECAM-2025-NO-MAYO-REY-TOUBORO-0191,191,NO,NORD,NO-MAYO-REY,MAYO-REY,NO-MAYO-REY-TOUBORO,TOUBORO,EP OURO KESSOUM / A,357,OURO KESSOUM,elecam-bv-2025-nord,ed7c6f61ed768f476930d07461bdacdfd1e3d7ea9b33879d187b85edc2d8200b,needs_review,263,263,71683,71783,100
ELECAM-2025-NO-MAYO-REY-TOUBORO-0192,192,NO,NORD,NO-MAYO-REY,MAYO-REY,NO-MAYO-REY-TOUBORO,TOUBORO,EP OURO KESSOUM / B,271,OURO KESSOUM,elecam-bv-2025-nord,ed7c6f61ed768f476930d07461bdacdfd1e3d7ea9b33879d187b85edc2d8200b,needs_review,263,263,71683,71783,100
ELECAM-2025-NO-MAYO-REY-TOUBORO-0193,193,NO,NORD,NO-MAYO-REY,MAYO-REY,NO-MAYO-REY-TOUBORO,TOUBORO,EP OURO LAKWE / A,327,OURO LAKWE,elecam-bv-2025-nord,ed7c6f61ed768f476930d07461bdacdfd1e3d7ea9b33879d187b85edc2d8200b,needs_review,263,263,71683,71783,100
ELECAM-2025-NO-MAYO-REY-TOUBORO-0194,194,NO,NORD,NO-MAYO-REY,MAYO-REY,NO-MAYO-REY-TOUBORO,TOUBORO,EP OURO LAKWE / B,121,OURO LAKWE,elecam-bv-2025-nord,ed7c6f61ed768f476930d07461bdacdfd1e3d7ea9b33879d187b85edc2d8200b,needs_review,263,263,71683,71783,100
ELECAM-2025-NO-MAYO-REY-TOUBORO-0195,195,NO,NORD,NO-MAYO-REY,MAYO-REY,NO-MAYO-REY-TOUBORO,TOUBORO,EP OURO MASSARA / A,387,OURO MASSARA,elecam-bv-2025-nord,ed7c6f61ed768f476930d07461bdacdfd1e3d7ea9b33879d187b85edc2d8200b,needs_review,263,263,71683,71783,100
ELECAM-2025-NO-MAYO-REY-TOUBORO-0196,196,NO,NORD,NO-MAYO-REY,MAYO-REY,NO-MAYO-REY-TOUBORO,TOUBORO,EP OURO MASSARA / B,276,OURO MASSARA,elecam-bv-2025-nord,ed7c6f61ed768f476930d07461bdacdfd1e3d7ea9b33879d187b85edc2d8200b,needs_review,263,263,71683,71783,100
ELECAM-2025-NO-MAYO-REY-TOUBORO-0197,197,NO,NORD,NO-MAYO-REY,MAYO-REY,NO-MAYO-REY-TOUBORO,TOUBORO,EP PANDJAMA / A,346,PANDJAMA,elecam-bv-2025-nord,ed7c6f61ed768f476930d07461bdacdfd1e3d7ea9b33879d187b85edc2d8200b,needs_review,263,263,71683,71783,100
ELECAM-2025-NO-MAYO-REY-TOUBORO-0198,198,NO,NORD,NO-MAYO-REY,MAYO-REY,NO-MAYO-REY-TOUBORO,TOUBORO,EP PANDJAMA / B,335,PANDJAMA,elecam-bv-2025-nord,ed7c6f61ed768f476930d07461bdacdfd1e3d7ea9b33879d187b85edc2d8200b,needs_review,263,263,71683,71783,100
ELECAM-2025-NO-MAYO-REY-TOUBORO-0199,199,NO,NORD,NO-MAYO-REY,MAYO-REY,NO-MAYO-REY-TOUBORO,TOUBORO,EP PANDJAMA / C,301,PANDJAMA,elecam-bv-2025-nord,ed7c6f61ed768f476930d07461bdacdfd1e3d7ea9b33879d187b85edc2d8200b,needs_review,263,263,71683,71783,100
ELECAM-2025-NO-MAYO-REY-TOUBORO-0200,200,NO,NORD,NO-MAYO-REY,MAYO-REY,NO-MAYO-REY-TOUBORO,TOUBORO,EP PANDJAMA / D,202,PANDJAMA,elecam-bv-2025-nord,ed7c6f61ed768f476930d07461bdacdfd1e3d7ea9b33879d187b85edc2d8200b,needs_review,263,263,71683,71783,100
ELECAM-2025-NO-MAYO-REY-TOUBORO-0201,201,NO,NORD,NO-MAYO-REY,MAYO-REY,NO-MAYO-REY-TOUBORO,TOUBORO,EP PHACOCHERE / A,441,PHACOCHERE,elecam-bv-2025-nord,ed7c6f61ed768f476930d07461bdacdfd1e3d7ea9b33879d187b85edc2d8200b,needs_review,263,263,71683,71783,100
ELECAM-2025-NO-MAYO-REY-TOUBORO-0202,202,NO,NORD,NO-MAYO-REY,MAYO-REY,NO-MAYO-REY-TOUBORO,TOUBORO,EP PHACOCHERE / B,391,PHACOCHERE,elecam-bv-2025-nord,ed7c6f61ed768f476930d07461bdacdfd1e3d7ea9b33879d187b85edc2d8200b,needs_review,263,263,71683,71783,100
ELECAM-2025-NO-MAYO-REY-TOUBORO-0203,203,NO,NORD,NO-MAYO-REY,MAYO-REY,NO-MAYO-REY-TOUBORO,TOUBORO,EP PHACOCHERE / C,327,PHACOCHERE,elecam-bv-2025-nord,ed7c6f61ed768f476930d07461bdacdfd1e3d7ea9b33879d187b85edc2d8200b,needs_review,263,263,71683,71783,100
ELECAM-2025-NO-MAYO-REY-TOUBORO-0204,204,NO,NORD,NO-MAYO-REY,MAYO-REY,NO-MAYO-REY-TOUBORO,TOUBORO,EP PHACOCHERE / D,71,PHACOCHERE,elecam-bv-2025-nord,ed7c6f61ed768f476930d07461bdacdfd1e3d7ea9b33879d187b85edc2d8200b,needs_review,263,263,71683,71783,100
ELECAM-2025-NO-MAYO-REY-TOUBORO-0205,205,NO,NORD,NO-MAYO-REY,MAYO-REY,NO-MAYO-REY-TOUBORO,TOUBORO,EP TOUBORO GPE 2 / A,356,QUARTIER BOKONDAYA,elecam-bv-2025-nord,ed7c6f61ed768f476930d07461bdacdfd1e3d7ea9b33879d187b85edc2d8200b,needs_review,263,263,71683,71783,100
ELECAM-2025-NO-MAYO-REY-TOUBORO-0206,206,NO,NORD,NO-MAYO-REY,MAYO-REY,NO-MAYO-REY-TOUBORO,TOUBORO,EP TOUBORO GPE 2 / B,106,QUARTIER BOKONDAYA,elecam-bv-2025-nord,ed7c6f61ed768f476930d07461bdacdfd1e3d7ea9b33879d187b85edc2d8200b,needs_review,263,263,71683,71783,100
ELECAM-2025-NO-MAYO-REY-TOUBORO-0207,207,NO,NORD,NO-MAYO-REY,MAYO-REY,NO-MAYO-REY-TOUBORO,TOUBORO,ESPL CHEF CARREFOUR NGOUMI / A,450,NGOUMI I,elecam-bv-2025-nord,ed7c6f61ed768f476930d07461bdacdfd1e3d7ea9b33879d187b85edc2d8200b,needs_review,263,263,71683,71783,100
ELECAM-2025-NO-MAYO-REY-TOUBORO-0208,208,NO,NORD,NO-MAYO-REY,MAYO-REY,NO-MAYO-REY-TOUBORO,TOUBORO,ESPL CHEF CARREFOUR NGOUMI / B,362,NGOUMI I,elecam-bv-2025-nord,ed7c6f61ed768f476930d07461bdacdfd1e3d7ea9b33879d187b85edc2d8200b,needs_review,263,263,71683,71783,100
ELECAM-2025-NO-MAYO-REY-TOUBORO-0209,209,NO,NORD,NO-MAYO-REY,MAYO-REY,NO-MAYO-REY-TOUBORO,TOUBORO,ESPL CHEF CARREFOUR NGOUMI / C,352,NGOUMI I,elecam-bv-2025-nord,ed7c6f61ed768f476930d07461bdacdfd1e3d7ea9b33879d187b85edc2d8200b,needs_review,263,263,71683,71783,100
ELECAM-2025-NO-MAYO-REY-TOUBORO-0210,210,NO,NORD,NO-MAYO-REY,MAYO-REY,NO-MAYO-REY-TOUBORO,TOUBORO,ESPL CHEF CARREFOUR NGOUMI / D,364,NGOUMI I,elecam-bv-2025-nord,ed7c6f61ed768f476930d07461bdacdfd1e3d7ea9b33879d187b85edc2d8200b,needs_review,263,263,71683,71783,100
ELECAM-2025-NO-MAYO-REY-TOUBORO-0211,211,NO,NORD,NO-MAYO-REY,MAYO-REY,NO-MAYO-REY-TOUBORO,TOUBORO,ESPL CHEF CARREFOUR NGOUMI / E,287,NGOUMI I,elecam-bv-2025-nord,ed7c6f61ed768f476930d07461bdacdfd1e3d7ea9b33879d187b85edc2d8200b,needs_review,263,263,71683,71783,100
ELECAM-2025-NO-MAYO-REY-TOUBORO-0212,212,NO,NORD,NO-MAYO-REY,MAYO-REY,NO-MAYO-REY-TOUBORO,TOUBORO,ESPL CHEF DJAMBOUTOU / A,388,QUARTIER DJAMBOUTOU TOUBORO,elecam-bv-2025-nord,ed7c6f61ed768f476930d07461bdacdfd1e3d7ea9b33879d187b85edc2d8200b,needs_review,263,263,71683,71783,100
ELECAM-2025-NO-MAYO-REY-TOUBORO-0213,213,NO,NORD,NO-MAYO-REY,MAYO-REY,NO-MAYO-REY-TOUBORO,TOUBORO,ESPL CHEF DJAMBOUTOU / B,158,QUARTIER DJAMBOUTOU TOUBORO,elecam-bv-2025-nord,ed7c6f61ed768f476930d07461bdacdfd1e3d7ea9b33879d187b85edc2d8200b,needs_review,263,263,71683,71783,100
ELECAM-2025-NO-MAYO-REY-TOUBORO-0214,214,NO,NORD,NO-MAYO-REY,MAYO-REY,NO-MAYO-REY-TOUBORO,TOUBORO,ESPL CHEF MBAI MBOUM LAKHORO / A,328,QUARTIER DJAOURO LAKHORO,elecam-bv-2025-nord,ed7c6f61ed768f476930d07461bdacdfd1e3d7ea9b33879d187b85edc2d8200b,needs_review,263,263,71683,71783,100
ELECAM-2025-NO-MAYO-REY-TOUBORO-0215,215,NO,NORD,NO-MAYO-REY,MAYO-REY,NO-MAYO-REY-TOUBORO,TOUBORO,ESPL CHEF MBAI MBOUM LAKHORO / B,310,QUARTIER DJAOURO LAKHORO,elecam-bv-2025-nord,ed7c6f61ed768f476930d07461bdacdfd1e3d7ea9b33879d187b85edc2d8200b,needs_review,263,263,71683,71783,100
ELECAM-2025-NO-MAYO-REY-TOUBORO-0216,216,NO,NORD,NO-MAYO-REY,MAYO-REY,NO-MAYO-REY-TOUBORO,TOUBORO,ESPL CHEF MBAI MBOUM LAKHORO / C,277,QUARTIER DJAOURO LAKHORO,elecam-bv-2025-nord,ed7c6f61ed768f476930d07461bdacdfd1e3d7ea9b33879d187b85edc2d8200b,needs_review,263,263,71683,71783,100
ELECAM-2025-NO-MAYO-REY-TOUBORO-0217,217,NO,NORD,NO-MAYO-REY,MAYO-REY,NO-MAYO-REY-TOUBORO,TOUBORO,ESPL CHEF MBAI MBOUM LAKHORO / D,344,QUARTIER DJAOURO LAKHORO,elecam-bv-2025-nord,ed7c6f61ed768f476930d07461bdacdfd1e3d7ea9b33879d187b85edc2d8200b,needs_review,263,263,71683,71783,100
ELECAM-2025-NO-MAYO-REY-TOUBORO-0218,218,NO,NORD,NO-MAYO-REY,MAYO-REY,NO-MAYO-REY-TOUBORO,TOUBORO,ESPL CHEF MBAI MBOUM LAKHORO / E,346,QUARTIER DJAOURO LAKHORO,elecam-bv-2025-nord,ed7c6f61ed768f476930d07461bdacdfd1e3d7ea9b33879d187b85edc2d8200b,needs_review,263,263,71683,71783,100
ELECAM-2025-NO-MAYO-REY-TOUBORO-0219,219,NO,NORD,NO-MAYO-REY,MAYO-REY,NO-MAYO-REY-TOUBORO,TOUBORO,ESPL CHEF MBAI MBOUM LAKHORO / F,200,QUARTIER DJAOURO LAKHORO,elecam-bv-2025-nord,ed7c6f61ed768f476930d07461bdacdfd1e3d7ea9b33879d187b85edc2d8200b,needs_review,263,263,71683,71783,100
ELECAM-2025-NO-MAYO-REY-TOUBORO-0220,220,NO,NORD,NO-MAYO-REY,MAYO-REY,NO-MAYO-REY-TOUBORO,TOUBORO,ESPL CHEF CARREFOUR MAYO LAWA / A,374,QUARTIER MAYO LAWA,elecam-bv-2025-nord,ed7c6f61ed768f476930d07461bdacdfd1e3d7ea9b33879d187b85edc2d8200b,needs_review,263,263,71683,71783,100
ELECAM-2025-NO-MAYO-REY-TOUBORO-0221,221,NO,NORD,NO-MAYO-REY,MAYO-REY,NO-MAYO-REY-TOUBORO,TOUBORO,ESPL CHEF CARREFOUR MAYO LAWA / B,265,QUARTIER MAYO LAWA,elecam-bv-2025-nord,ed7c6f61ed768f476930d07461bdacdfd1e3d7ea9b33879d187b85edc2d8200b,needs_review,263,263,71683,71783,100
ELECAM-2025-NO-MAYO-REY-TOUBORO-0222,222,NO,NORD,NO-MAYO-REY,MAYO-REY,NO-MAYO-REY-TOUBORO,TOUBORO,EP WALDE / A,385,QUARTIER WALDE,elecam-bv-2025-nord,ed7c6f61ed768f476930d07461bdacdfd1e3d7ea9b33879d187b85edc2d8200b,needs_review,263,263,71683,71783,100
ELECAM-2025-NO-MAYO-REY-TOUBORO-0223,223,NO,NORD,NO-MAYO-REY,MAYO-REY,NO-MAYO-REY-TOUBORO,TOUBORO,EP WALDE / B,372,QUARTIER WALDE,elecam-bv-2025-nord,ed7c6f61ed768f476930d07461bdacdfd1e3d7ea9b33879d187b85edc2d8200b,needs_review,263,263,71683,71783,100
ELECAM-2025-NO-MAYO-REY-TOUBORO-0224,224,NO,NORD,NO-MAYO-REY,MAYO-REY,NO-MAYO-REY-TOUBORO,TOUBORO,EP WALDE / C,362,QUARTIER WALDE,elecam-bv-2025-nord,ed7c6f61ed768f476930d07461bdacdfd1e3d7ea9b33879d187b85edc2d8200b,needs_review,263,263,71683,71783,100
ELECAM-2025-NO-MAYO-REY-TOUBORO-0225,225,NO,NORD,NO-MAYO-REY,MAYO-REY,NO-MAYO-REY-TOUBORO,TOUBORO,EP WALDE / D,249,QUARTIER WALDE,elecam-bv-2025-nord,ed7c6f61ed768f476930d07461bdacdfd1e3d7ea9b33879d187b85edc2d8200b,needs_review,263,263,71683,71783,100
ELECAM-2025-NO-MAYO-REY-TOUBORO-0226,226,NO,NORD,NO-MAYO-REY,MAYO-REY,NO-MAYO-REY-TOUBORO,TOUBORO,EP RIBAO / A,428,RIBAO,elecam-bv-2025-nord,ed7c6f61ed768f476930d07461bdacdfd1e3d7ea9b33879d187b85edc2d8200b,needs_review,263,263,71683,71783,100
ELECAM-2025-NO-MAYO-REY-TOUBORO-0227,227,NO,NORD,NO-MAYO-REY,MAYO-REY,NO-MAYO-REY-TOUBORO,TOUBORO,EP SIRBIA / A,344,SIRBIA,elecam-bv-2025-nord,ed7c6f61ed768f476930d07461bdacdfd1e3d7ea9b33879d187b85edc2d8200b,needs_review,263,263,71683,71783,100
ELECAM-2025-NO-MAYO-REY-TOUBORO-0228,228,NO,NORD,NO-MAYO-REY,MAYO-REY,NO-MAYO-REY-TOUBORO,TOUBORO,EP SIRI / A,378,MAYO ZARIA,elecam-bv-2025-nord,ed7c6f61ed768f476930d07461bdacdfd1e3d7ea9b33879d187b85edc2d8200b,needs_review,263,263,71683,71783,100
ELECAM-2025-NO-MAYO-REY-TOUBORO-0229,229,NO,NORD,NO-MAYO-REY,MAYO-REY,NO-MAYO-REY-TOUBORO,TOUBORO,EP SIRI / B,182,MAYO ZARIA,elecam-bv-2025-nord,ed7c6f61ed768f476930d07461bdacdfd1e3d7ea9b33879d187b85edc2d8200b,needs_review,263,263,71683,71783,100
ELECAM-2025-NO-MAYO-REY-TOUBORO-0230,230,NO,NORD,NO-MAYO-REY,MAYO-REY,NO-MAYO-REY-TOUBORO,TOUBORO,EP YANDEA / A,167,MBONG,elecam-bv-2025-nord,ed7c6f61ed768f476930d07461bdacdfd1e3d7ea9b33879d187b85edc2d8200b,needs_review,263,263,71683,71783,100
ELECAM-2025-NO-MAYO-REY-TOUBORO-0231,231,NO,NORD,NO-MAYO-REY,MAYO-REY,NO-MAYO-REY-TOUBORO,TOUBORO,ESPL CHEF DJAOURO DABE / A,392,SODECOTON I,elecam-bv-2025-nord,ed7c6f61ed768f476930d07461bdacdfd1e3d7ea9b33879d187b85edc2d8200b,needs_review,263,263,71683,71783,100
ELECAM-2025-NO-MAYO-REY-TOUBORO-0232,232,NO,NORD,NO-MAYO-REY,MAYO-REY,NO-MAYO-REY-TOUBORO,TOUBORO,ESPL CHEF DJAOURO DABE / B,239,SODECOTON I,elecam-bv-2025-nord,ed7c6f61ed768f476930d07461bdacdfd1e3d7ea9b33879d187b85edc2d8200b,needs_review,263,263,71683,71783,100
ELECAM-2025-NO-MAYO-REY-TOUBORO-0233,233,NO,NORD,NO-MAYO-REY,MAYO-REY,NO-MAYO-REY-TOUBORO,TOUBORO,EP TAPI / A,305,TAPI,elecam-bv-2025-nord,ed7c6f61ed768f476930d07461bdacdfd1e3d7ea9b33879d187b85edc2d8200b,needs_review,263,263,71683,71783,100
ELECAM-2025-NO-MAYO-REY-TOUBORO-0234,234,NO,NORD,NO-MAYO-REY,MAYO-REY,NO-MAYO-REY-TOUBORO,TOUBORO,EP TAPI / B,285,TAPI,elecam-bv-2025-nord,ed7c6f61ed768f476930d07461bdacdfd1e3d7ea9b33879d187b85edc2d8200b,needs_review,263,263,71683,71783,100
ELECAM-2025-NO-MAYO-REY-TOUBORO-0235,235,NO,NORD,NO-MAYO-REY,MAYO-REY,NO-MAYO-REY-TOUBORO,TOUBORO,ESPL CHEF TCHABAL SILE DJAORO BOUBA /,154,TCHABAL SILE DJAORO BOUBA,elecam-bv-2025-nord,ed7c6f61ed768f476930d07461bdacdfd1e3d7ea9b33879d187b85edc2d8200b,needs_review,263,263,71683,71783,100
ELECAM-2025-NO-MAYO-REY-TOUBORO-0236,236,NO,NORD,NO-MAYO-REY,MAYO-REY,NO-MAYO-REY-TOUBORO,TOUBORO,ESPL CHEF TCHABAL SILE YAYA / A,177,MAKOUNI,elecam-bv-2025-nord,ed7c6f61ed768f476930d07461bdacdfd1e3d7ea9b33879d187b85edc2d8200b,needs_review,263,263,71683,71783,100
ELECAM-2025-NO-MAYO-REY-TOUBORO-0237,237,NO,NORD,NO-MAYO-REY,MAYO-REY,NO-MAYO-REY-TOUBORO,TOUBORO,MAGAZIN SODECOTON VOGZOM / A,361,SABONGARI VOGZOM,elecam-bv-2025-nord,ed7c6f61ed768f476930d07461bdacdfd1e3d7ea9b33879d187b85edc2d8200b,needs_review,263,263,71683,71783,100
ELECAM-2025-NO-MAYO-REY-TOUBORO-0238,238,NO,NORD,NO-MAYO-REY,MAYO-REY,NO-MAYO-REY-TOUBORO,TOUBORO,MAGAZIN SODECOTON VOGZOM / B,302,SABONGARI VOGZOM,elecam-bv-2025-nord,ed7c6f61ed768f476930d07461bdacdfd1e3d7ea9b33879d187b85edc2d8200b,needs_review,263,263,71683,71783,100
ELECAM-2025-NO-MAYO-REY-TOUBORO-0239,239,NO,NORD,NO-MAYO-REY,MAYO-REY,NO-MAYO-REY-TOUBORO,TOUBORO,EP VOGZOM NAKE / A,368,VOGZOM,elecam-bv-2025-nord,ed7c6f61ed768f476930d07461bdacdfd1e3d7ea9b33879d187b85edc2d8200b,needs_review,263,263,71683,71783,100
ELECAM-2025-NO-MAYO-REY-TOUBORO-0240,240,NO,NORD,NO-MAYO-REY,MAYO-REY,NO-MAYO-REY-TOUBORO,TOUBORO,EP VOGZOM NAKE / B,66,VOGZOM,elecam-bv-2025-nord,ed7c6f61ed768f476930d07461bdacdfd1e3d7ea9b33879d187b85edc2d8200b,needs_review,263,263,71683,71783,100
ELECAM-2025-NO-MAYO-REY-TOUBORO-0241,241,NO,NORD,NO-MAYO-REY,MAYO-REY,NO-MAYO-REY-TOUBORO,TOUBORO,EP YANLI GUIZIGA / A,232,YANLI GUIZIGA,elecam-bv-2025-nord,ed7c6f61ed768f476930d07461bdacdfd1e3d7ea9b33879d187b85edc2d8200b,needs_review,263,263,71683,71783,100
ELECAM-2025-NO-MAYO-REY-TOUBORO-0242,242,NO,NORD,NO-MAYO-REY,MAYO-REY,NO-MAYO-REY-TOUBORO,TOUBORO,LYCEE YANLI MOUNDANG / A,364,YANLI MOUNDANG,elecam-bv-2025-nord,ed7c6f61ed768f476930d07461bdacdfd1e3d7ea9b33879d187b85edc2d8200b,needs_review,263,263,71683,71783,100
ELECAM-2025-NO-MAYO-REY-TOUBORO-0243,243,NO,NORD,NO-MAYO-REY,MAYO-REY,NO-MAYO-REY-TOUBORO,TOUBORO,E.P. DE MIGALAK-NDJILOUGOU / A,124,DEO DJOUCK,elecam-bv-2025-nord,ed7c6f61ed768f476930d07461bdacdfd1e3d7ea9b33879d187b85edc2d8200b,needs_review,263,263,71683,71783,100
ELECAM-2025-NO-MAYO-REY-TOUBORO-0244,244,NO,NORD,NO-MAYO-REY,MAYO-REY,NO-MAYO-REY-TOUBORO,TOUBORO,E.P. DE MIGALAK-NDJILOUGOU / B,109,DEO DJOUCK,elecam-bv-2025-nord,ed7c6f61ed768f476930d07461bdacdfd1e3d7ea9b33879d187b85edc2d8200b,needs_review,263,263,71683,71783,100
ELECAM-2025-NO-MAYO-REY-TOUBORO-0245,245,NO,NORD,NO-MAYO-REY,MAYO-REY,NO-MAYO-REY-TOUBORO,TOUBORO,E.P. DE DOUROUBERG / A,196,DOUROU BERG,elecam-bv-2025-nord,ed7c6f61ed768f476930d07461bdacdfd1e3d7ea9b33879d187b85edc2d8200b,needs_review,263,263,71683,71783,100
ELECAM-2025-NO-MAYO-REY-TOUBORO-0246,246,NO,NORD,NO-MAYO-REY,MAYO-REY,NO-MAYO-REY-TOUBORO,TOUBORO,E.P HAKAO / A,144,BENANA,elecam-bv-2025-nord,ed7c6f61ed768f476930d07461bdacdfd1e3d7ea9b33879d187b85edc2d8200b,needs_review,263,263,71683,71783,100
ELECAM-2025-NO-MAYO-REY-TOUBORO-0247,247,NO,NORD,NO-MAYO-REY,MAYO-REY,NO-MAYO-REY-TOUBORO,TOUBORO,E.P DEO SEING / A,194,DEO SEING,elecam-bv-2025-nord,ed7c6f61ed768f476930d07461bdacdfd1e3d7ea9b33879d187b85edc2d8200b,needs_review,263,263,71683,71783,100
ELECAM-2025-NO-MAYO-REY-TOUBORO-0248,248,NO,NORD,NO-MAYO-REY,MAYO-REY,NO-MAYO-REY-TOUBORO,TOUBORO,E.P BONG RAI / A,395,BONG REY,elecam-bv-2025-nord,ed7c6f61ed768f476930d07461bdacdfd1e3d7ea9b33879d187b85edc2d8200b,needs_review,263,263,71683,71783,100
ELECAM-2025-NO-MAYO-REY-TOUBORO-0249,249,NO,NORD,NO-MAYO-REY,MAYO-REY,NO-MAYO-REY-TOUBORO,TOUBORO,E.P BONG RAI / B,233,BONG REY,elecam-bv-2025-nord,ed7c6f61ed768f476930d07461bdacdfd1e3d7ea9b33879d187b85edc2d8200b,needs_review,263,263,71683,71783,100
ELECAM-2025-NO-MAYO-REY-TOUBORO-0250,250,NO,NORD,NO-MAYO-REY,MAYO-REY,NO-MAYO-REY-TOUBORO,TOUBORO,E.P NGARANG / A,382,MAN,elecam-bv-2025-nord,ed7c6f61ed768f476930d07461bdacdfd1e3d7ea9b33879d187b85edc2d8200b,needs_review,263,263,71683,71783,100
ELECAM-2025-NO-MAYO-REY-TOUBORO-0251,251,NO,NORD,NO-MAYO-REY,MAYO-REY,NO-MAYO-REY-TOUBORO,TOUBORO,E.P OURO DARA / A,343,NAGGA,elecam-bv-2025-nord,ed7c6f61ed768f476930d07461bdacdfd1e3d7ea9b33879d187b85edc2d8200b,needs_review,263,263,71683,71783,100
ELECAM-2025-NO-MAYO-REY-TOUBORO-0252,252,NO,NORD,NO-MAYO-REY,MAYO-REY,NO-MAYO-REY-TOUBORO,TOUBORO,E.P OURO DARA / B,295,NAGGA,elecam-bv-2025-nord,ed7c6f61ed768f476930d07461bdacdfd1e3d7ea9b33879d187b85edc2d8200b,needs_review,263,263,71683,71783,100
ELECAM-2025-NO-MAYO-REY-TOUBORO-0253,253,NO,NORD,NO-MAYO-REY,MAYO-REY,NO-MAYO-REY-TOUBORO,TOUBORO,E.P OURO DARA / C,235,NAGGA,elecam-bv-2025-nord,ed7c6f61ed768f476930d07461bdacdfd1e3d7ea9b33879d187b85edc2d8200b,needs_review,263,263,71683,71783,100
ELECAM-2025-NO-MAYO-REY-TOUBORO-0254,254,NO,NORD,NO-MAYO-REY,MAYO-REY,NO-MAYO-REY-TOUBORO,TOUBORO,E.PP BARBARA / A,278,BARBARA,elecam-bv-2025-nord,ed7c6f61ed768f476930d07461bdacdfd1e3d7ea9b33879d187b85edc2d8200b,needs_review,263,263,71683,71783,100
ELECAM-2025-NO-MAYO-REY-TOUBORO-0255,255,NO,NORD,NO-MAYO-REY,MAYO-REY,NO-MAYO-REY-TOUBORO,TOUBORO,E.P OURO SALI / A,294,NARRAL,elecam-bv-2025-nord,ed7c6f61ed768f476930d07461bdacdfd1e3d7ea9b33879d187b85edc2d8200b,needs_review,263,263,71683,71783,100
ELECAM-2025-NO-MAYO-REY-TOUBORO-0256,256,NO,NORD,NO-MAYO-REY,MAYO-REY,NO-MAYO-REY-TOUBORO,TOUBORO,E.P LOUGGERE / A,247,LOUGGUERE,elecam-bv-2025-nord,ed7c6f61ed768f476930d07461bdacdfd1e3d7ea9b33879d187b85edc2d8200b,needs_review,263,263,71683,71783,100
ELECAM-2025-NO-MAYO-REY-TOUBORO-0257,257,NO,NORD,NO-MAYO-REY,MAYO-REY,NO-MAYO-REY-TOUBORO,TOUBORO,EP KAOUN / A,142,KAOUN,elecam-bv-2025-nord,ed7c6f61ed768f476930d07461bdacdfd1e3d7ea9b33879d187b85edc2d8200b,needs_review,263,263,71683,71783,100
ELECAM-2025-NO-MAYO-REY-TOUBORO-0258,258,NO,NORD,NO-MAYO-REY,MAYO-REY,NO-MAYO-REY-TOUBORO,TOUBORO,EP NANE / A,380,AVIATION,elecam-bv-2025-nord,ed7c6f61ed768f476930d07461bdacdfd1e3d7ea9b33879d187b85edc2d8200b,needs_review,263,263,71683,71783,100
ELECAM-2025-NO-MAYO-REY-TOUBORO-0259,259,NO,NORD,NO-MAYO-REY,MAYO-REY,NO-MAYO-REY-TOUBORO,TOUBORO,EP OURO BOUTALI / A,69,OURO BOUTALI,elecam-bv-2025-nord,ed7c6f61ed768f476930d07461bdacdfd1e3d7ea9b33879d187b85edc2d8200b,needs_review,263,263,71683,71783,100
ELECAM-2025-NO-MAYO-REY-TOUBORO-0260,260,NO,NORD,NO-MAYO-REY,MAYO-REY,NO-MAYO-REY-TOUBORO,TOUBORO,EP MBILAOU / A,220,LAGGOYE,elecam-bv-2025-nord,ed7c6f61ed768f476930d07461bdacdfd1e3d7ea9b33879d187b85edc2d8200b,needs_review,263,263,71683,71783,100
ELECAM-2025-NO-MAYO-REY-TOUBORO-0261,261,NO,NORD,NO-MAYO-REY,MAYO-REY,NO-MAYO-REY-TOUBORO,TOUBORO,EP MOUAROUM / A,442,KERBAI VOGZOM,elecam-bv-2025-nord,ed7c6f61ed768f476930d07461bdacdfd1e3d7ea9b33879d187b85edc2d8200b,needs_review,263,263,71683,71783,100
ELECAM-2025-NO-MAYO-REY-TOUBORO-0262,262,NO,NORD,NO-MAYO-REY,MAYO-REY,NO-MAYO-REY-TOUBORO,TOUBORO,EP MOUAROUM / B,129,KERBAI VOGZOM,elecam-bv-2025-nord,ed7c6f61ed768f476930d07461bdacdfd1e3d7ea9b33879d187b85edc2d8200b,needs_review,263,263,71683,71783,100
ELECAM-2025-NO-MAYO-REY-TOUBORO-0263,263,NO,NORD,NO-MAYO-REY,MAYO-REY,NO-MAYO-REY-TOUBORO,TOUBORO,EP KIM / A,151,DEOLE,elecam-bv-2025-nord,ed7c6f61ed768f476930d07461bdacdfd1e3d7ea9b33879d187b85edc2d8200b,needs_review,263,263,71683,71783,100
ELECAM-2025-SW-FAKO-LIMBE-I-0001,1,SW,SUD-OUEST,SW-FAKO,FAKO,SW-FAKO-LIMBE-I,LIMBE I,"COMMUNITY HALL, BONADIKOMBO / A",344,BONADIKOMBO,elecam-bv-2025-south-west,9298c4547f5e10cdd50a10ca354504fd87fedef4a07abbfe8e5f1fbe8c2d4d44,needs_review,109,60,33650,18749,-14901
ELECAM-2025-SW-FAKO-LIMBE-I-0002,2,SW,SUD-OUEST,SW-FAKO,FAKO,SW-FAKO-LIMBE-I,LIMBE I,"COMMUNITY HALL, BONADIKOMBO / B",325,BONADIKOMBO,elecam-bv-2025-south-west,9298c4547f5e10cdd50a10ca354504fd87fedef4a07abbfe8e5f1fbe8c2d4d44,needs_review,109,60,33650,18749,-14901
ELECAM-2025-SW-FAKO-LIMBE-I-0003,3,SW,SUD-OUEST,SW-FAKO,FAKO,SW-FAKO-LIMBE-I,LIMBE I,"COMMUNITY HALL, BONADIKOMBO / C",326,BONADIKOMBO,elecam-bv-2025-south-west,9298c4547f5e10cdd50a10ca354504fd87fedef4a07abbfe8e5f1fbe8c2d4d44,needs_review,109,60,33650,18749,-14901
ELECAM-2025-SW-FAKO-LIMBE-I-0004,4,SW,SUD-OUEST,SW-FAKO,FAKO,SW-FAKO-LIMBE-I,LIMBE I,"COMMUNITY HALL, BONADIKOMBO / D",432,BONADIKOMBO,elecam-bv-2025-south-west,9298c4547f5e10cdd50a10ca354504fd87fedef4a07abbfe8e5f1fbe8c2d4d44,needs_review,109,60,33650,18749,-14901
ELECAM-2025-SW-FAKO-LIMBE-I-0005,5,SW,SUD-OUEST,SW-FAKO,FAKO,SW-FAKO-LIMBE-I,LIMBE I,"COMMUNITY HALL, BONADIKOMBO / E",278,BONADIKOMBO,elecam-bv-2025-south-west,9298c4547f5e10cdd50a10ca354504fd87fedef4a07abbfe8e5f1fbe8c2d4d44,needs_review,109,60,33650,18749,-14901
ELECAM-2025-SW-FAKO-LIMBE-I-0006,6,SW,SUD-OUEST,SW-FAKO,FAKO,SW-FAKO-LIMBE-I,LIMBE I,CBC PRIM. SCHOOL BONADIKOMBO / A,315,BONADIKOMBO,elecam-bv-2025-south-west,9298c4547f5e10cdd50a10ca354504fd87fedef4a07abbfe8e5f1fbe8c2d4d44,needs_review,109,60,33650,18749,-14901
ELECAM-2025-SW-FAKO-LIMBE-I-0007,7,SW,SUD-OUEST,SW-FAKO,FAKO,SW-FAKO-LIMBE-I,LIMBE I,CBC PRIM. SCHOOL BONADIKOMBO / B,299,BONADIKOMBO,elecam-bv-2025-south-west,9298c4547f5e10cdd50a10ca354504fd87fedef4a07abbfe8e5f1fbe8c2d4d44,needs_review,109,60,33650,18749,-14901
ELECAM-2025-SW-FAKO-LIMBE-I-0008,8,SW,SUD-OUEST,SW-FAKO,FAKO,SW-FAKO-LIMBE-I,LIMBE I,CBC PRIM. SCHOOL BONADIKOMBO / C,284,BONADIKOMBO,elecam-bv-2025-south-west,9298c4547f5e10cdd50a10ca354504fd87fedef4a07abbfe8e5f1fbe8c2d4d44,needs_review,109,60,33650,18749,-14901
ELECAM-2025-SW-FAKO-LIMBE-I-0009,9,SW,SUD-OUEST,SW-FAKO,FAKO,SW-FAKO-LIMBE-I,LIMBE I,CBC PRIM. SCHOOL BONADIKOMBO / D,291,BONADIKOMBO,elecam-bv-2025-south-west,9298c4547f5e10cdd50a10ca354504fd87fedef4a07abbfe8e5f1fbe8c2d4d44,needs_review,109,60,33650,18749,-14901
ELECAM-2025-SW-FAKO-LIMBE-I-0010,10,SW,SUD-OUEST,SW-FAKO,FAKO,SW-FAKO-LIMBE-I,LIMBE I,CBC PRIM. SCHOOL BONADIKOMBO / E,480,BONADIKOMBO,elecam-bv-2025-south-west,9298c4547f5e10cdd50a10ca354504fd87fedef4a07abbfe8e5f1fbe8c2d4d44,needs_review,109,60,33650,18749,-14901
ELECAM-2025-SW-FAKO-LIMBE-I-0011,11,SW,SUD-OUEST,SW-FAKO,FAKO,SW-FAKO-LIMBE-I,LIMBE I,CBC PRIM. SCHOOL BONADIKOMBO / F,343,BONADIKOMBO,elecam-bv-2025-south-west,9298c4547f5e10cdd50a10ca354504fd87fedef4a07abbfe8e5f1fbe8c2d4d44,needs_review,109,60,33650,18749,-14901
ELECAM-2025-SW-FAKO-LIMBE-I-0012,12,SW,SUD-OUEST,SW-FAKO,FAKO,SW-FAKO-LIMBE-I,LIMBE I,G.P.N.S. BONADIKOMBO / A,289,BONADIKOMBO,elecam-bv-2025-south-west,9298c4547f5e10cdd50a10ca354504fd87fedef4a07abbfe8e5f1fbe8c2d4d44,needs_review,109,60,33650,18749,-14901
ELECAM-2025-SW-FAKO-LIMBE-I-0013,13,SW,SUD-OUEST,SW-FAKO,FAKO,SW-FAKO-LIMBE-I,LIMBE I,G.P.N.S. BONADIKOMBO / B,283,BONADIKOMBO,elecam-bv-2025-south-west,9298c4547f5e10cdd50a10ca354504fd87fedef4a07abbfe8e5f1fbe8c2d4d44,needs_review,109,60,33650,18749,-14901
ELECAM-2025-SW-FAKO-LIMBE-I-0014,14,SW,SUD-OUEST,SW-FAKO,FAKO,SW-FAKO-LIMBE-I,LIMBE I,G.P.N.S. BONADIKOMBO / C,333,BONADIKOMBO,elecam-bv-2025-south-west,9298c4547f5e10cdd50a10ca354504fd87fedef4a07abbfe8e5f1fbe8c2d4d44,needs_review,109,60,33650,18749,-14901
ELECAM-2025-SW-FAKO-LIMBE-I-0015,15,SW,SUD-OUEST,SW-FAKO,FAKO,SW-FAKO-LIMBE-I,LIMBE I,G.T.T.C. BONADIKOMBO / A,397,BONADIKOMBO,elecam-bv-2025-south-west,9298c4547f5e10cdd50a10ca354504fd87fedef4a07abbfe8e5f1fbe8c2d4d44,needs_review,109,60,33650,18749,-14901
ELECAM-2025-SW-FAKO-LIMBE-I-0016,16,SW,SUD-OUEST,SW-FAKO,FAKO,SW-FAKO-LIMBE-I,LIMBE I,G.T.T.C. BONADIKOMBO / B,358,BONADIKOMBO,elecam-bv-2025-south-west,9298c4547f5e10cdd50a10ca354504fd87fedef4a07abbfe8e5f1fbe8c2d4d44,needs_review,109,60,33650,18749,-14901
ELECAM-2025-SW-FAKO-LIMBE-I-0017,17,SW,SUD-OUEST,SW-FAKO,FAKO,SW-FAKO-LIMBE-I,LIMBE I,G.T.T.C. BONADIKOMBO / C,369,BONADIKOMBO,elecam-bv-2025-south-west,9298c4547f5e10cdd50a10ca354504fd87fedef4a07abbfe8e5f1fbe8c2d4d44,needs_review,109,60,33650,18749,-14901
ELECAM-2025-SW-FAKO-LIMBE-I-0018,18,SW,SUD-OUEST,SW-FAKO,FAKO,SW-FAKO-LIMBE-I,LIMBE I,G.T.T.C. BONADIKOMBO / D,376,BONADIKOMBO,elecam-bv-2025-south-west,9298c4547f5e10cdd50a10ca354504fd87fedef4a07abbfe8e5f1fbe8c2d4d44,needs_review,109,60,33650,18749,-14901
ELECAM-2025-SW-FAKO-LIMBE-I-0019,19,SW,SUD-OUEST,SW-FAKO,FAKO,SW-FAKO-LIMBE-I,LIMBE I,G.T.T.C. BONADIKOMBO / E,405,BONADIKOMBO,elecam-bv-2025-south-west,9298c4547f5e10cdd50a10ca354504fd87fedef4a07abbfe8e5f1fbe8c2d4d44,needs_review,109,60,33650,18749,-14901
ELECAM-2025-SW-FAKO-LIMBE-I-0020,20,SW,SUD-OUEST,SW-FAKO,FAKO,SW-FAKO-LIMBE-I,LIMBE I,"SENIOR OVERSEERS OFFICE, MOLIWE / A",96,CAMP 7 C.D.C.,elecam-bv-2025-south-west,9298c4547f5e10cdd50a10ca354504fd87fedef4a07abbfe8e5f1fbe8c2d4d44,needs_review,109,60,33650,18749,-14901
ELECAM-2025-SW-FAKO-LIMBE-I-0021,21,SW,SUD-OUEST,SW-FAKO,FAKO,SW-FAKO-LIMBE-I,LIMBE I,PHYTOSANITARY BASE / A,350,CASSAVA FARMS,elecam-bv-2025-south-west,9298c4547f5e10cdd50a10ca354504fd87fedef4a07abbfe8e5f1fbe8c2d4d44,needs_review,109,60,33650,18749,-14901
ELECAM-2025-SW-FAKO-LIMBE-I-0022,22,SW,SUD-OUEST,SW-FAKO,FAKO,SW-FAKO-LIMBE-I,LIMBE I,PHYTOSANITARY BASE / B,358,CASSAVA FARMS,elecam-bv-2025-south-west,9298c4547f5e10cdd50a10ca354504fd87fedef4a07abbfe8e5f1fbe8c2d4d44,needs_review,109,60,33650,18749,-14901
ELECAM-2025-SW-FAKO-LIMBE-I-0023,23,SW,SUD-OUEST,SW-FAKO,FAKO,SW-FAKO-LIMBE-I,LIMBE I,PHYTOSANITARY BASE / C,228,CASSAVA FARMS,elecam-bv-2025-south-west,9298c4547f5e10cdd50a10ca354504fd87fedef4a07abbfe8e5f1fbe8c2d4d44,needs_review,109,60,33650,18749,-14901
ELECAM-2025-SW-FAKO-LIMBE-I-0024,24,SW,SUD-OUEST,SW-FAKO,FAKO,SW-FAKO-LIMBE-I,LIMBE I,P.Y.C. LIMBE / A,392,CASSAVA FARMS,elecam-bv-2025-south-west,9298c4547f5e10cdd50a10ca354504fd87fedef4a07abbfe8e5f1fbe8c2d4d44,needs_review,109,60,33650,18749,-14901
ELECAM-2025-SW-FAKO-LIMBE-I-0025,25,SW,SUD-OUEST,SW-FAKO,FAKO,SW-FAKO-LIMBE-I,LIMBE I,P.Y.C. LIMBE / B,355,CASSAVA FARMS,elecam-bv-2025-south-west,9298c4547f5e10cdd50a10ca354504fd87fedef4a07abbfe8e5f1fbe8c2d4d44,needs_review,109,60,33650,18749,-14901
ELECAM-2025-SW-FAKO-LIMBE-I-0075,75,SW,SUD-OUEST,SW-FAKO,FAKO,SW-FAKO-LIMBE-I,LIMBE I,DELEGATION OF AGRIC / C,423,MILE ONE,elecam-bv-2025-south-west,9298c4547f5e10cdd50a10ca354504fd87fedef4a07abbfe8e5f1fbe8c2d4d44,needs_review,109,60,33650,18749,-14901
ELECAM-2025-SW-FAKO-LIMBE-I-0076,76,SW,SUD-OUEST,SW-FAKO,FAKO,SW-FAKO-LIMBE-I,LIMBE I,CATHOLIC SCHOOL GARDENS / A,327,MOKEBA FARMS,elecam-bv-2025-south-west,9298c4547f5e10cdd50a10ca354504fd87fedef4a07abbfe8e5f1fbe8c2d4d44,needs_review,109,60,33650,18749,-14901
ELECAM-2025-SW-FAKO-LIMBE-I-0077,77,SW,SUD-OUEST,SW-FAKO,FAKO,SW-FAKO-LIMBE-I,LIMBE I,CATHOLIC SCHOOL GARDENS / B,341,MOKEBA FARMS,elecam-bv-2025-south-west,9298c4547f5e10cdd50a10ca354504fd87fedef4a07abbfe8e5f1fbe8c2d4d44,needs_review,109,60,33650,18749,-14901
ELECAM-2025-SW-FAKO-LIMBE-I-0078,78,SW,SUD-OUEST,SW-FAKO,FAKO,SW-FAKO-LIMBE-I,LIMBE I,CATHOLIC SCHOOL GARDENS / C,176,MOKEBA FARMS,elecam-bv-2025-south-west,9298c4547f5e10cdd50a10ca354504fd87fedef4a07abbfe8e5f1fbe8c2d4d44,needs_review,109,60,33650,18749,-14901
ELECAM-2025-SW-FAKO-LIMBE-I-0079,79,SW,SUD-OUEST,SW-FAKO,FAKO,SW-FAKO-LIMBE-I,LIMBE I,LIMBE CITY COUNCIL HALL / A,168,MOKEBA FARMS,elecam-bv-2025-south-west,9298c4547f5e10cdd50a10ca354504fd87fedef4a07abbfe8e5f1fbe8c2d4d44,needs_review,109,60,33650,18749,-14901
ELECAM-2025-SW-FAKO-LIMBE-I-0080,80,SW,SUD-OUEST,SW-FAKO,FAKO,SW-FAKO-LIMBE-I,LIMBE I,AUSTEN CLUB / A,225,MOLIWE,elecam-bv-2025-south-west,9298c4547f5e10cdd50a10ca354504fd87fedef4a07abbfe8e5f1fbe8c2d4d44,needs_review,109,60,33650,18749,-14901
ELECAM-2025-SW-FAKO-LIMBE-I-0081,81,SW,SUD-OUEST,SW-FAKO,FAKO,SW-FAKO-LIMBE-I,LIMBE I,G.S. MOTOWOH / A,345,MOTOWOH,elecam-bv-2025-south-west,9298c4547f5e10cdd50a10ca354504fd87fedef4a07abbfe8e5f1fbe8c2d4d44,needs_review,109,60,33650,18749,-14901
ELECAM-2025-SW-FAKO-LIMBE-I-0082,82,SW,SUD-OUEST,SW-FAKO,FAKO,SW-FAKO-LIMBE-I,LIMBE I,G.S. MOTOWOH / B,346,MOTOWOH,elecam-bv-2025-south-west,9298c4547f5e10cdd50a10ca354504fd87fedef4a07abbfe8e5f1fbe8c2d4d44,needs_review,109,60,33650,18749,-14901
ELECAM-2025-SW-FAKO-LIMBE-I-0083,83,SW,SUD-OUEST,SW-FAKO,FAKO,SW-FAKO-LIMBE-I,LIMBE I,G.S. MOTOWOH / C,374,MOTOWOH,elecam-bv-2025-south-west,9298c4547f5e10cdd50a10ca354504fd87fedef4a07abbfe8e5f1fbe8c2d4d44,needs_review,109,60,33650,18749,-14901
ELECAM-2025-SW-FAKO-LIMBE-I-0084,84,SW,SUD-OUEST,SW-FAKO,FAKO,SW-FAKO-LIMBE-I,LIMBE I,G.S. MOTOWOH / D,142,MOTOWOH,elecam-bv-2025-south-west,9298c4547f5e10cdd50a10ca354504fd87fedef4a07abbfe8e5f1fbe8c2d4d44,needs_review,109,60,33650,18749,-14901
ELECAM-2025-SW-FAKO-LIMBE-I-0085,85,SW,SUD-OUEST,SW-FAKO,FAKO,SW-FAKO-LIMBE-I,LIMBE I,FEICOM / A,360,NAMBEKE QUARTER,elecam-bv-2025-south-west,9298c4547f5e10cdd50a10ca354504fd87fedef4a07abbfe8e5f1fbe8c2d4d44,needs_review,109,60,33650,18749,-14901
ELECAM-2025-SW-FAKO-LIMBE-I-0086,86,SW,SUD-OUEST,SW-FAKO,FAKO,SW-FAKO-LIMBE-I,LIMBE I,FEICOM / B,60,NAMBEKE QUARTER,elecam-bv-2025-south-west,9298c4547f5e10cdd50a10ca354504fd87fedef4a07abbfe8e5f1fbe8c2d4d44,needs_review,109,60,33650,18749,-14901
ELECAM-2025-SW-FAKO-LIMBE-I-0087,87,SW,SUD-OUEST,SW-FAKO,FAKO,SW-FAKO-LIMBE-I,LIMBE I,C.B.C. NURSERY SCHOOL / A,287,NEWTOWN,elecam-bv-2025-south-west,9298c4547f5e10cdd50a10ca354504fd87fedef4a07abbfe8e5f1fbe8c2d4d44,needs_review,109,60,33650,18749,-14901
ELECAM-2025-SW-FAKO-LIMBE-I-0088,88,SW,SUD-OUEST,SW-FAKO,FAKO,SW-FAKO-LIMBE-I,LIMBE I,C.B.C. NURSERY SCHOOL / B,295,NEWTOWN,elecam-bv-2025-south-west,9298c4547f5e10cdd50a10ca354504fd87fedef4a07abbfe8e5f1fbe8c2d4d44,needs_review,109,60,33650,18749,-14901
ELECAM-2025-SW-FAKO-LIMBE-I-0089,89,SW,SUD-OUEST,SW-FAKO,FAKO,SW-FAKO-LIMBE-I,LIMBE I,C.B.C. NURSERY SCHOOL / C,316,NEWTOWN,elecam-bv-2025-south-west,9298c4547f5e10cdd50a10ca354504fd87fedef4a07abbfe8e5f1fbe8c2d4d44,needs_review,109,60,33650,18749,-14901
ELECAM-2025-SW-FAKO-LIMBE-I-0090,90,SW,SUD-OUEST,SW-FAKO,FAKO,SW-FAKO-LIMBE-I,LIMBE I,C.B.C. NURSERY SCHOOL / D,306,NEWTOWN,elecam-bv-2025-south-west,9298c4547f5e10cdd50a10ca354504fd87fedef4a07abbfe8e5f1fbe8c2d4d44,needs_review,109,60,33650,18749,-14901
ELECAM-2025-SW-FAKO-LIMBE-I-0091,91,SW,SUD-OUEST,SW-FAKO,FAKO,SW-FAKO-LIMBE-I,LIMBE I,G.S. NEWTOWN / A,396,SOUTH EAST COMMUNITY,elecam-bv-2025-south-west,9298c4547f5e10cdd50a10ca354504fd87fedef4a07abbfe8e5f1fbe8c2d4d44,needs_review,109,60,33650,18749,-14901
ELECAM-2025-SW-FAKO-LIMBE-I-0092,92,SW,SUD-OUEST,SW-FAKO,FAKO,SW-FAKO-LIMBE-I,LIMBE I,G.S. NEWTOWN / B,201,SOUTH EAST COMMUNITY,elecam-bv-2025-south-west,9298c4547f5e10cdd50a10ca354504fd87fedef4a07abbfe8e5f1fbe8c2d4d44,needs_review,109,60,33650,18749,-14901
ELECAM-2025-SW-FAKO-LIMBE-I-0093,93,SW,SUD-OUEST,SW-FAKO,FAKO,SW-FAKO-LIMBE-I,LIMBE I,G.S. TOWE / A,317,TOWE,elecam-bv-2025-south-west,9298c4547f5e10cdd50a10ca354504fd87fedef4a07abbfe8e5f1fbe8c2d4d44,needs_review,109,60,33650,18749,-14901
ELECAM-2025-SW-FAKO-LIMBE-I-0094,94,SW,SUD-OUEST,SW-FAKO,FAKO,SW-FAKO-LIMBE-I,LIMBE I,G.S. TOWE / B,265,TOWE,elecam-bv-2025-south-west,9298c4547f5e10cdd50a10ca354504fd87fedef4a07abbfe8e5f1fbe8c2d4d44,needs_review,109,60,33650,18749,-14901
ELECAM-2025-SW-FAKO-LIMBE-I-0095,95,SW,SUD-OUEST,SW-FAKO,FAKO,SW-FAKO-LIMBE-I,LIMBE I,G.S. TOWE / C,230,TOWE,elecam-bv-2025-south-west,9298c4547f5e10cdd50a10ca354504fd87fedef4a07abbfe8e5f1fbe8c2d4d44,needs_review,109,60,33650,18749,-14901
ELECAM-2025-SW-FAKO-LIMBE-I-0096,96,SW,SUD-OUEST,SW-FAKO,FAKO,SW-FAKO-LIMBE-I,LIMBE I,G.S. TOWE / D,215,TOWE,elecam-bv-2025-south-west,9298c4547f5e10cdd50a10ca354504fd87fedef4a07abbfe8e5f1fbe8c2d4d44,needs_review,109,60,33650,18749,-14901
ELECAM-2025-SW-FAKO-LIMBE-I-0097,97,SW,SUD-OUEST,SW-FAKO,FAKO,SW-FAKO-LIMBE-I,LIMBE I,SNEC DELEGATION / A,376,TOWE,elecam-bv-2025-south-west,9298c4547f5e10cdd50a10ca354504fd87fedef4a07abbfe8e5f1fbe8c2d4d44,needs_review,109,60,33650,18749,-14901
ELECAM-2025-SW-FAKO-LIMBE-I-0098,98,SW,SUD-OUEST,SW-FAKO,FAKO,SW-FAKO-LIMBE-I,LIMBE I,SNEC DELEGATION / B,375,TOWE,elecam-bv-2025-south-west,9298c4547f5e10cdd50a10ca354504fd87fedef4a07abbfe8e5f1fbe8c2d4d44,needs_review,109,60,33650,18749,-14901
ELECAM-2025-SW-FAKO-LIMBE-I-0099,99,SW,SUD-OUEST,SW-FAKO,FAKO,SW-FAKO-LIMBE-I,LIMBE I,SNEC DELEGATION / C,392,TOWE,elecam-bv-2025-south-west,9298c4547f5e10cdd50a10ca354504fd87fedef4a07abbfe8e5f1fbe8c2d4d44,needs_review,109,60,33650,18749,-14901
ELECAM-2025-SW-FAKO-LIMBE-I-0100,100,SW,SUD-OUEST,SW-FAKO,FAKO,SW-FAKO-LIMBE-I,LIMBE I,SNEC DELEGATION / D,432,TOWE,elecam-bv-2025-south-west,9298c4547f5e10cdd50a10ca354504fd87fedef4a07abbfe8e5f1fbe8c2d4d44,needs_review,109,60,33650,18749,-14901
ELECAM-2025-SW-FAKO-LIMBE-I-0101,101,SW,SUD-OUEST,SW-FAKO,FAKO,SW-FAKO-LIMBE-I,LIMBE I,NURSING AID SCHOOL / A,319,UNITY QUARTER,elecam-bv-2025-south-west,9298c4547f5e10cdd50a10ca354504fd87fedef4a07abbfe8e5f1fbe8c2d4d44,needs_review,109,60,33650,18749,-14901
ELECAM-2025-SW-FAKO-LIMBE-I-0102,102,SW,SUD-OUEST,SW-FAKO,FAKO,SW-FAKO-LIMBE-I,LIMBE I,NURSING AID SCHOOL / B,328,UNITY QUARTER,elecam-bv-2025-south-west,9298c4547f5e10cdd50a10ca354504fd87fedef4a07abbfe8e5f1fbe8c2d4d44,needs_review,109,60,33650,18749,-14901
ELECAM-2025-SW-FAKO-LIMBE-I-0103,103,SW,SUD-OUEST,SW-FAKO,FAKO,SW-FAKO-LIMBE-I,LIMBE I,NURSING AID SCHOOL / C,339,UNITY QUARTER,elecam-bv-2025-south-west,9298c4547f5e10cdd50a10ca354504fd87fedef4a07abbfe8e5f1fbe8c2d4d44,needs_review,109,60,33650,18749,-14901
ELECAM-2025-SW-FAKO-LIMBE-I-0104,104,SW,SUD-OUEST,SW-FAKO,FAKO,SW-FAKO-LIMBE-I,LIMBE I,E.M.F. MILE ONE / A,312,LIVANDA CONGO/NURSES QUARTER,elecam-bv-2025-south-west,9298c4547f5e10cdd50a10ca354504fd87fedef4a07abbfe8e5f1fbe8c2d4d44,needs_review,109,60,33650,18749,-14901
ELECAM-2025-SW-FAKO-LIMBE-I-0105,105,SW,SUD-OUEST,SW-FAKO,FAKO,SW-FAKO-LIMBE-I,LIMBE I,E.M.F. MILE ONE / B,262,LIVANDA CONGO/NURSES QUARTER,elecam-bv-2025-south-west,9298c4547f5e10cdd50a10ca354504fd87fedef4a07abbfe8e5f1fbe8c2d4d44,needs_review,109,60,33650,18749,-14901
ELECAM-2025-SW-FAKO-LIMBE-I-0106,106,SW,SUD-OUEST,SW-FAKO,FAKO,SW-FAKO-LIMBE-I,LIMBE I,E.M.F. MILE ONE / C,267,LIVANDA CONGO/NURSES QUARTER,elecam-bv-2025-south-west,9298c4547f5e10cdd50a10ca354504fd87fedef4a07abbfe8e5f1fbe8c2d4d44,needs_review,109,60,33650,18749,-14901
ELECAM-2025-SW-FAKO-LIMBE-I-0107,107,SW,SUD-OUEST,SW-FAKO,FAKO,SW-FAKO-LIMBE-I,LIMBE I,E.M.F. MILE ONE / D,233,LIVANDA CONGO/NURSES QUARTER,elecam-bv-2025-south-west,9298c4547f5e10cdd50a10ca354504fd87fedef4a07abbfe8e5f1fbe8c2d4d44,needs_review,109,60,33650,18749,-14901
ELECAM-2025-SW-FAKO-LIMBE-I-0108,108,SW,SUD-OUEST,SW-FAKO,FAKO,SW-FAKO-LIMBE-I,LIMBE I,CBC PRIMARY SCHOOL NEWTOWN / A,350,NEWTOWN,elecam-bv-2025-south-west,9298c4547f5e10cdd50a10ca354504fd87fedef4a07abbfe8e5f1fbe8c2d4d44,needs_review,109,60,33650,18749,-14901
ELECAM-2025-SW-FAKO-LIMBE-I-0109,109,SW,SUD-OUEST,SW-FAKO,FAKO,SW-FAKO-LIMBE-I,LIMBE I,CBC PRIMARY SCHOOL NEWTOWN / B,343,NEWTOWN,elecam-bv-2025-south-west,9298c4547f5e10cdd50a10ca354504fd87fedef4a07abbfe8e5f1fbe8c2d4d44,needs_review,109,60,33650,18749,-14901
ELECAM-2025-SW-FAKO-MUYUKA-0001,1,SW,SUD-OUEST,SW-FAKO,FAKO,SW-FAKO-MUYUKA,MUYUKA,AGRIC POST BAFIA / A,320,BAFIA,elecam-bv-2025-south-west,9298c4547f5e10cdd50a10ca354504fd87fedef4a07abbfe8e5f1fbe8c2d4d44,needs_review,81,37,19844,8169,-11675
ELECAM-2025-SW-FAKO-MUYUKA-0002,2,SW,SUD-OUEST,SW-FAKO,FAKO,SW-FAKO-MUYUKA,MUYUKA,BAFIA COOPERATIVE HALL / A,310,BAFIA,elecam-bv-2025-south-west,9298c4547f5e10cdd50a10ca354504fd87fedef4a07abbfe8e5f1fbe8c2d4d44,needs_review,81,37,19844,8169,-11675
ELECAM-2025-SW-FAKO-MUYUKA-0003,3,SW,SUD-OUEST,SW-FAKO,FAKO,SW-FAKO-MUYUKA,MUYUKA,BAFIA COOPERATIVE HALL / B,248,BAFIA,elecam-bv-2025-south-west,9298c4547f5e10cdd50a10ca354504fd87fedef4a07abbfe8e5f1fbe8c2d4d44,needs_review,81,37,19844,8169,-11675
ELECAM-2025-SW-FAKO-MUYUKA-0004,4,SW,SUD-OUEST,SW-FAKO,FAKO,SW-FAKO-MUYUKA,MUYUKA,GS BAFIA / A,211,BAFIA,elecam-bv-2025-south-west,9298c4547f5e10cdd50a10ca354504fd87fedef4a07abbfe8e5f1fbe8c2d4d44,needs_review,81,37,19844,8169,-11675
ELECAM-2025-SW-FAKO-MUYUKA-0005,5,SW,SUD-OUEST,SW-FAKO,FAKO,SW-FAKO-MUYUKA,MUYUKA,BAVENGA COMMUNITY HALL / A,19,BAVENGA,elecam-bv-2025-south-west,9298c4547f5e10cdd50a10ca354504fd87fedef4a07abbfe8e5f1fbe8c2d4d44,needs_review,81,37,19844,8169,-11675
ELECAM-2025-SW-FAKO-MUYUKA-0006,6,SW,SUD-OUEST,SW-FAKO,FAKO,SW-FAKO-MUYUKA,MUYUKA,CDC CAMDEV I OFFICE / A,40,CDC CAMDEV,elecam-bv-2025-south-west,9298c4547f5e10cdd50a10ca354504fd87fedef4a07abbfe8e5f1fbe8c2d4d44,needs_review,81,37,19844,8169,-11675
ELECAM-2025-SW-FAKO-MUYUKA-0007,7,SW,SUD-OUEST,SW-FAKO,FAKO,SW-FAKO-MUYUKA,MUYUKA,CDC CAMDEV II OFFICE / A,286,CDC CAMDEV,elecam-bv-2025-south-west,9298c4547f5e10cdd50a10ca354504fd87fedef4a07abbfe8e5f1fbe8c2d4d44,needs_review,81,37,19844,8169,-11675
ELECAM-2025-SW-FAKO-MUYUKA-0008,8,SW,SUD-OUEST,SW-FAKO,FAKO,SW-FAKO-MUYUKA,MUYUKA,CDC CAMDEV II OFFICE / B,295,CDC CAMDEV,elecam-bv-2025-south-west,9298c4547f5e10cdd50a10ca354504fd87fedef4a07abbfe8e5f1fbe8c2d4d44,needs_review,81,37,19844,8169,-11675
ELECAM-2025-SW-FAKO-MUYUKA-0009,9,SW,SUD-OUEST,SW-FAKO,FAKO,SW-FAKO-MUYUKA,MUYUKA,EKONA LELU COMMUNITY HALL / A,36,EKONA LELU,elecam-bv-2025-south-west,9298c4547f5e10cdd50a10ca354504fd87fedef4a07abbfe8e5f1fbe8c2d4d44,needs_review,81,37,19844,8169,-11675
ELECAM-2025-SW-FAKO-MUYUKA-0010,10,SW,SUD-OUEST,SW-FAKO,FAKO,SW-FAKO-MUYUKA,MUYUKA,CATHOLIC SCHOOL EKONA MBENGE / A,270,EKONA MBENGE,elecam-bv-2025-south-west,9298c4547f5e10cdd50a10ca354504fd87fedef4a07abbfe8e5f1fbe8c2d4d44,needs_review,81,37,19844,8169,-11675
ELECAM-2025-SW-FAKO-MUYUKA-0011,11,SW,SUD-OUEST,SW-FAKO,FAKO,SW-FAKO-MUYUKA,MUYUKA,CEAC OFFICE EKONA MBENGE / A,304,EKONA MBENGE,elecam-bv-2025-south-west,9298c4547f5e10cdd50a10ca354504fd87fedef4a07abbfe8e5f1fbe8c2d4d44,needs_review,81,37,19844,8169,-11675
ELECAM-2025-SW-FAKO-MUYUKA-0012,12,SW,SUD-OUEST,SW-FAKO,FAKO,SW-FAKO-MUYUKA,MUYUKA,CEAC OFFICE EKONA MBENGE / B,230,EKONA MBENGE,elecam-bv-2025-south-west,9298c4547f5e10cdd50a10ca354504fd87fedef4a07abbfe8e5f1fbe8c2d4d44,needs_review,81,37,19844,8169,-11675
ELECAM-2025-SW-FAKO-MUYUKA-0013,13,SW,SUD-OUEST,SW-FAKO,FAKO,SW-FAKO-MUYUKA,MUYUKA,EKONA MBENGE COOPERATIVE HALL / A,234,EKONA MBENGE,elecam-bv-2025-south-west,9298c4547f5e10cdd50a10ca354504fd87fedef4a07abbfe8e5f1fbe8c2d4d44,needs_review,81,37,19844,8169,-11675
ELECAM-2025-SW-FAKO-MUYUKA-0014,14,SW,SUD-OUEST,SW-FAKO,FAKO,SW-FAKO-MUYUKA,MUYUKA,EKONA MBENGE COOPERATIVE HALL / B,214,EKONA MBENGE,elecam-bv-2025-south-west,9298c4547f5e10cdd50a10ca354504fd87fedef4a07abbfe8e5f1fbe8c2d4d44,needs_review,81,37,19844,8169,-11675
ELECAM-2025-SW-FAKO-MUYUKA-0015,15,SW,SUD-OUEST,SW-FAKO,FAKO,SW-FAKO-MUYUKA,MUYUKA,EKONA MBENGE MARKET / A,244,EKONA MBENGE,elecam-bv-2025-south-west,9298c4547f5e10cdd50a10ca354504fd87fedef4a07abbfe8e5f1fbe8c2d4d44,needs_review,81,37,19844,8169,-11675
ELECAM-2025-SW-FAKO-MUYUKA-0016,16,SW,SUD-OUEST,SW-FAKO,FAKO,SW-FAKO-MUYUKA,MUYUKA,GS EKONA MBENGE / A,406,EKONA MBENGE,elecam-bv-2025-south-west,9298c4547f5e10cdd50a10ca354504fd87fedef4a07abbfe8e5f1fbe8c2d4d44,needs_review,81,37,19844,8169,-11675
ELECAM-2025-SW-FAKO-MUYUKA-0017,17,SW,SUD-OUEST,SW-FAKO,FAKO,SW-FAKO-MUYUKA,MUYUKA,PRES. SCHOOL EKONA MBENGE / A,331,EKONA MBENGE,elecam-bv-2025-south-west,9298c4547f5e10cdd50a10ca354504fd87fedef4a07abbfe8e5f1fbe8c2d4d44,needs_review,81,37,19844,8169,-11675
ELECAM-2025-SW-FAKO-MUYUKA-0018,18,SW,SUD-OUEST,SW-FAKO,FAKO,SW-FAKO-MUYUKA,MUYUKA,PRES. SCHOOL EKONA MBENGE / B,286,EKONA MBENGE,elecam-bv-2025-south-west,9298c4547f5e10cdd50a10ca354504fd87fedef4a07abbfe8e5f1fbe8c2d4d44,needs_review,81,37,19844,8169,-11675
ELECAM-2025-SW-FAKO-MUYUKA-0019,19,SW,SUD-OUEST,SW-FAKO,FAKO,SW-FAKO-MUYUKA,MUYUKA,GNS EKONA MBENGE / A,125,EKONA MBENGE,elecam-bv-2025-south-west,9298c4547f5e10cdd50a10ca354504fd87fedef4a07abbfe8e5f1fbe8c2d4d44,needs_review,81,37,19844,8169,-11675
ELECAM-2025-SW-FAKO-MUYUKA-0020,20,SW,SUD-OUEST,SW-FAKO,FAKO,SW-FAKO-MUYUKA,MUYUKA,VOLCANIC CLUB EKONA YARD / A,248,EKONA YARD CDC,elecam-bv-2025-south-west,9298c4547f5e10cdd50a10ca354504fd87fedef4a07abbfe8e5f1fbe8c2d4d44,needs_review,81,37,19844,8169,-11675
ELECAM-2025-SW-FAKO-MUYUKA-0021,21,SW,SUD-OUEST,SW-FAKO,FAKO,SW-FAKO-MUYUKA,MUYUKA,ELDERS AND FIFFS / A,31,ELDERS AND FIFFS VILLAGE,elecam-bv-2025-south-west,9298c4547f5e10cdd50a10ca354504fd87fedef4a07abbfe8e5f1fbe8c2d4d44,needs_review,81,37,19844,8169,-11675
ELECAM-2025-SW-FAKO-MUYUKA-0022,22,SW,SUD-OUEST,SW-FAKO,FAKO,SW-FAKO-MUYUKA,MUYUKA,IKATA COOP HALL / A,294,IKATA VILLAGE,elecam-bv-2025-south-west,9298c4547f5e10cdd50a10ca354504fd87fedef4a07abbfe8e5f1fbe8c2d4d44,needs_review,81,37,19844,8169,-11675
ELECAM-2025-SW-FAKO-MUYUKA-0023,23,SW,SUD-OUEST,SW-FAKO,FAKO,SW-FAKO-MUYUKA,MUYUKA,IKATA COOP HALL / B,273,IKATA VILLAGE,elecam-bv-2025-south-west,9298c4547f5e10cdd50a10ca354504fd87fedef4a07abbfe8e5f1fbe8c2d4d44,needs_review,81,37,19844,8169,-11675
ELECAM-2025-SW-FAKO-MUYUKA-0024,24,SW,SUD-OUEST,SW-FAKO,FAKO,SW-FAKO-MUYUKA,MUYUKA,IKATA GPS / A,162,IKATA VILLAGE,elecam-bv-2025-south-west,9298c4547f5e10cdd50a10ca354504fd87fedef4a07abbfe8e5f1fbe8c2d4d44,needs_review,81,37,19844,8169,-11675
ELECAM-2025-SW-FAKO-MUYUKA-0025,25,SW,SUD-OUEST,SW-FAKO,FAKO,SW-FAKO-MUYUKA,MUYUKA,LEOLA BUEA COMMUNITY / A,13,LEOLA BUEA,elecam-bv-2025-south-west,9298c4547f5e10cdd50a10ca354504fd87fedef4a07abbfe8e5f1fbe8c2d4d44,needs_review,81,37,19844,8169,-11675
ELECAM-2025-SW-FAKO-MUYUKA-0026,26,SW,SUD-OUEST,SW-FAKO,FAKO,SW-FAKO-MUYUKA,MUYUKA,LILALE COOP HALL / A,194,LILALE VILLAGE,elecam-bv-2025-south-west,9298c4547f5e10cdd50a10ca354504fd87fedef4a07abbfe8e5f1fbe8c2d4d44,needs_review,81,37,19844,8169,-11675
ELECAM-2025-SW-FAKO-MUYUKA-0027,27,SW,SUD-OUEST,SW-FAKO,FAKO,SW-FAKO-MUYUKA,MUYUKA,GS LYKOKO / A,79,LYKOKO VILLAGE,elecam-bv-2025-south-west,9298c4547f5e10cdd50a10ca354504fd87fedef4a07abbfe8e5f1fbe8c2d4d44,needs_review,81,37,19844,8169,-11675
ELECAM-2025-SW-FAKO-MUYUKA-0028,28,SW,SUD-OUEST,SW-FAKO,FAKO,SW-FAKO-MUYUKA,MUYUKA,MILE 14 LYKOKO COOP HALL / A,374,LYKOKO VILLAGE,elecam-bv-2025-south-west,9298c4547f5e10cdd50a10ca354504fd87fedef4a07abbfe8e5f1fbe8c2d4d44,needs_review,81,37,19844,8169,-11675
ELECAM-2025-SW-FAKO-MUYUKA-0029,29,SW,SUD-OUEST,SW-FAKO,FAKO,SW-FAKO-MUYUKA,MUYUKA,MILE 14 LYKOKO COOP HALL / B,138,LYKOKO VILLAGE,elecam-bv-2025-south-west,9298c4547f5e10cdd50a10ca354504fd87fedef4a07abbfe8e5f1fbe8c2d4d44,needs_review,81,37,19844,8169,-11675
ELECAM-2025-SW-FAKO-MUYUKA-0030,30,SW,SUD-OUEST,SW-FAKO,FAKO,SW-FAKO-MUYUKA,MUYUKA,CATHOLIC SCHOOL MALENDE / A,300,MALENDE VILLAGE,elecam-bv-2025-south-west,9298c4547f5e10cdd50a10ca354504fd87fedef4a07abbfe8e5f1fbe8c2d4d44,needs_review,81,37,19844,8169,-11675
ELECAM-2025-SW-FAKO-MUYUKA-0031,31,SW,SUD-OUEST,SW-FAKO,FAKO,SW-FAKO-MUYUKA,MUYUKA,CATHOLIC SCHOOL MALENDE / B,292,MALENDE VILLAGE,elecam-bv-2025-south-west,9298c4547f5e10cdd50a10ca354504fd87fedef4a07abbfe8e5f1fbe8c2d4d44,needs_review,81,37,19844,8169,-11675
ELECAM-2025-SW-FAKO-MUYUKA-0032,32,SW,SUD-OUEST,SW-FAKO,FAKO,SW-FAKO-MUYUKA,MUYUKA,WOMEN'S HOUSE MALENDE / A,398,MALENDE VILLAGE,elecam-bv-2025-south-west,9298c4547f5e10cdd50a10ca354504fd87fedef4a07abbfe8e5f1fbe8c2d4d44,needs_review,81,37,19844,8169,-11675
ELECAM-2025-SW-FAKO-MUYUKA-0033,33,SW,SUD-OUEST,SW-FAKO,FAKO,SW-FAKO-MUYUKA,MUYUKA,MASUMA COMMUNITY HALL / A,16,MASUMA,elecam-bv-2025-south-west,9298c4547f5e10cdd50a10ca354504fd87fedef4a07abbfe8e5f1fbe8c2d4d44,needs_review,81,37,19844,8169,-11675
ELECAM-2025-SW-FAKO-MUYUKA-0034,34,SW,SUD-OUEST,SW-FAKO,FAKO,SW-FAKO-MUYUKA,MUYUKA,CATHOLIC SCHOOL MAUTU / A,295,MAUTU VILLAGE,elecam-bv-2025-south-west,9298c4547f5e10cdd50a10ca354504fd87fedef4a07abbfe8e5f1fbe8c2d4d44,needs_review,81,37,19844,8169,-11675
ELECAM-2025-SW-FAKO-MUYUKA-0035,35,SW,SUD-OUEST,SW-FAKO,FAKO,SW-FAKO-MUYUKA,MUYUKA,COOPERATIVE HALL MAUTU / A,271,MAUTU VILLAGE,elecam-bv-2025-south-west,9298c4547f5e10cdd50a10ca354504fd87fedef4a07abbfe8e5f1fbe8c2d4d44,needs_review,81,37,19844,8169,-11675
ELECAM-2025-SW-FAKO-MUYUKA-0036,36,SW,SUD-OUEST,SW-FAKO,FAKO,SW-FAKO-MUYUKA,MUYUKA,MEANJA CAMP HALL / A,241,MEANJA,elecam-bv-2025-south-west,9298c4547f5e10cdd50a10ca354504fd87fedef4a07abbfe8e5f1fbe8c2d4d44,needs_review,81,37,19844,8169,-11675
ELECAM-2025-SW-FAKO-MUYUKA-0037,37,SW,SUD-OUEST,SW-FAKO,FAKO,SW-FAKO-MUYUKA,MUYUKA,MEANJA CDC ESTATE OFFICE / A,141,MEANJA,elecam-bv-2025-south-west,9298c4547f5e10cdd50a10ca354504fd87fedef4a07abbfe8e5f1fbe8c2d4d44,needs_review,81,37,19844,8169,-11675
ELECAM-2025-SW-KOUPE-MANENGOUBA-BANGEM-0001,1,SW,SUD-OUEST,SW-KOUPE-MANENGOUBA,KOUPE-MANENGOUBA,SW-KOUPE-MANENGOUBA-BANGEM,BANGEM,COM. HALL AKID / A,35,AKID,elecam-bv-2025-south-west,9298c4547f5e10cdd50a10ca354504fd87fedef4a07abbfe8e5f1fbe8c2d4d44,needs_review,62,62,7839,7939,100
ELECAM-2025-SW-KOUPE-MANENGOUBA-BANGEM-0002,2,SW,SUD-OUEST,SW-KOUPE-MANENGOUBA,KOUPE-MANENGOUBA,SW-KOUPE-MANENGOUBA-BANGEM,BANGEM,PRES.CHURCH BALLOCK / A,63,BALLOCK,elecam-bv-2025-south-west,9298c4547f5e10cdd50a10ca354504fd87fedef4a07abbfe8e5f1fbe8c2d4d44,needs_review,62,62,7839,7939,100
ELECAM-2025-SW-KOUPE-MANENGOUBA-BANGEM-0003,3,SW,SUD-OUEST,SW-KOUPE-MANENGOUBA,KOUPE-MANENGOUBA,SW-KOUPE-MANENGOUBA-BANGEM,BANGEM,PRES.CHURCH BANBENGUNG / A,119,BANBENGUNG,elecam-bv-2025-south-west,9298c4547f5e10cdd50a10ca354504fd87fedef4a07abbfe8e5f1fbe8c2d4d44,needs_review,62,62,7839,7939,100
ELECAM-2025-SW-KOUPE-MANENGOUBA-BANGEM-0004,4,SW,SUD-OUEST,SW-KOUPE-MANENGOUBA,KOUPE-MANENGOUBA,SW-KOUPE-MANENGOUBA-BANGEM,BANGEM,G.S.BOKA / A,78,BOKA,elecam-bv-2025-south-west,9298c4547f5e10cdd50a10ca354504fd87fedef4a07abbfe8e5f1fbe8c2d4d44,needs_review,62,62,7839,7939,100
ELECAM-2025-SW-KOUPE-MANENGOUBA-BANGEM-0005,5,SW,SUD-OUEST,SW-KOUPE-MANENGOUBA,KOUPE-MANENGOUBA,SW-KOUPE-MANENGOUBA-BANGEM,BANGEM,HEALTH CENTRE EBAMUT / A,84,EBAMUT,elecam-bv-2025-south-west,9298c4547f5e10cdd50a10ca354504fd87fedef4a07abbfe8e5f1fbe8c2d4d44,needs_review,62,62,7839,7939,100
ELECAM-2025-SW-KOUPE-MANENGOUBA-BANGEM-0006,6,SW,SUD-OUEST,SW-KOUPE-MANENGOUBA,KOUPE-MANENGOUBA,SW-KOUPE-MANENGOUBA-BANGEM,BANGEM,CATH.CHURCH EBONEMIN / A,123,EBONEMIN,elecam-bv-2025-south-west,9298c4547f5e10cdd50a10ca354504fd87fedef4a07abbfe8e5f1fbe8c2d4d44,needs_review,62,62,7839,7939,100
ELECAM-2025-SW-KOUPE-MANENGOUBA-BANGEM-0007,7,SW,SUD-OUEST,SW-KOUPE-MANENGOUBA,KOUPE-MANENGOUBA,SW-KOUPE-MANENGOUBA-BANGEM,BANGEM,DELEGATION YOUTH AFFAIRS A / A,315,EKAKU,elecam-bv-2025-south-west,9298c4547f5e10cdd50a10ca354504fd87fedef4a07abbfe8e5f1fbe8c2d4d44,needs_review,62,62,7839,7939,100
ELECAM-2025-SW-KOUPE-MANENGOUBA-BANGEM-0008,8,SW,SUD-OUEST,SW-KOUPE-MANENGOUBA,KOUPE-MANENGOUBA,SW-KOUPE-MANENGOUBA-BANGEM,BANGEM,DELEGATION YOUTH AFFAIRS A / B,229,EKAKU,elecam-bv-2025-south-west,9298c4547f5e10cdd50a10ca354504fd87fedef4a07abbfe8e5f1fbe8c2d4d44,needs_review,62,62,7839,7939,100
ELECAM-2025-SW-KOUPE-MANENGOUBA-BANGEM-0009,9,SW,SUD-OUEST,SW-KOUPE-MANENGOUBA,KOUPE-MANENGOUBA,SW-KOUPE-MANENGOUBA-BANGEM,BANGEM,G P S BANGEM TOWN / A,221,EKAKU,elecam-bv-2025-south-west,9298c4547f5e10cdd50a10ca354504fd87fedef4a07abbfe8e5f1fbe8c2d4d44,needs_review,62,62,7839,7939,100
ELECAM-2025-SW-KOUPE-MANENGOUBA-BANGEM-0010,10,SW,SUD-OUEST,SW-KOUPE-MANENGOUBA,KOUPE-MANENGOUBA,SW-KOUPE-MANENGOUBA-BANGEM,BANGEM,G P S BANGEM TOWN / B,173,EKAKU,elecam-bv-2025-south-west,9298c4547f5e10cdd50a10ca354504fd87fedef4a07abbfe8e5f1fbe8c2d4d44,needs_review,62,62,7839,7939,100
ELECAM-2025-SW-KOUPE-MANENGOUBA-BANGEM-0011,11,SW,SUD-OUEST,SW-KOUPE-MANENGOUBA,KOUPE-MANENGOUBA,SW-KOUPE-MANENGOUBA-BANGEM,BANGEM,G.P.S EKAMBENG / A,254,EKAMBENG,elecam-bv-2025-south-west,9298c4547f5e10cdd50a10ca354504fd87fedef4a07abbfe8e5f1fbe8c2d4d44,needs_review,62,62,7839,7939,100
ELECAM-2025-SW-KOUPE-MANENGOUBA-BANGEM-0012,12,SW,SUD-OUEST,SW-KOUPE-MANENGOUBA,KOUPE-MANENGOUBA,SW-KOUPE-MANENGOUBA-BANGEM,BANGEM,PRES.CHURCH EKANGTE-ELUNG / A,85,EKANGTE-ELUNG,elecam-bv-2025-south-west,9298c4547f5e10cdd50a10ca354504fd87fedef4a07abbfe8e5f1fbe8c2d4d44,needs_review,62,62,7839,7939,100
ELECAM-2025-SW-KOUPE-MANENGOUBA-BANGEM-0013,13,SW,SUD-OUEST,SW-KOUPE-MANENGOUBA,KOUPE-MANENGOUBA,SW-KOUPE-MANENGOUBA-BANGEM,BANGEM,G.S.EKANJOH-BAJOH / A,259,EKANJOH-BAJOH,elecam-bv-2025-south-west,9298c4547f5e10cdd50a10ca354504fd87fedef4a07abbfe8e5f1fbe8c2d4d44,needs_review,62,62,7839,7939,100
ELECAM-2025-SW-KOUPE-MANENGOUBA-BANGEM-0014,14,SW,SUD-OUEST,SW-KOUPE-MANENGOUBA,KOUPE-MANENGOUBA,SW-KOUPE-MANENGOUBA-BANGEM,BANGEM,CATH.CHURCH EKANJOH-ELUNG / A,78,EKANJOH-ELUNG,elecam-bv-2025-south-west,9298c4547f5e10cdd50a10ca354504fd87fedef4a07abbfe8e5f1fbe8c2d4d44,needs_review,62,62,7839,7939,100
ELECAM-2025-SW-KOUPE-MANENGOUBA-BANGEM-0015,15,SW,SUD-OUEST,SW-KOUPE-MANENGOUBA,KOUPE-MANENGOUBA,SW-KOUPE-MANENGOUBA-BANGEM,BANGEM,G.S.EKONA-BAJOH / A,177,EKONA-BAJOH,elecam-bv-2025-south-west,9298c4547f5e10cdd50a10ca354504fd87fedef4a07abbfe8e5f1fbe8c2d4d44,needs_review,62,62,7839,7939,100
ELECAM-2025-SW-KOUPE-MANENGOUBA-BANGEM-0016,16,SW,SUD-OUEST,SW-KOUPE-MANENGOUBA,KOUPE-MANENGOUBA,SW-KOUPE-MANENGOUBA-BANGEM,BANGEM,COM.HALL ELLAH-EPENEBEL / A,63,ELLAH-EPENEBEL,elecam-bv-2025-south-west,9298c4547f5e10cdd50a10ca354504fd87fedef4a07abbfe8e5f1fbe8c2d4d44,needs_review,62,62,7839,7939,100
ELECAM-2025-SW-KOUPE-MANENGOUBA-BANGEM-0017,17,SW,SUD-OUEST,SW-KOUPE-MANENGOUBA,KOUPE-MANENGOUBA,SW-KOUPE-MANENGOUBA-BANGEM,BANGEM,PRES.CHURCH ELUM 1 / A,173,ELUM,elecam-bv-2025-south-west,9298c4547f5e10cdd50a10ca354504fd87fedef4a07abbfe8e5f1fbe8c2d4d44,needs_review,62,62,7839,7939,100
ELECAM-2025-SW-KOUPE-MANENGOUBA-BANGEM-0018,18,SW,SUD-OUEST,SW-KOUPE-MANENGOUBA,KOUPE-MANENGOUBA,SW-KOUPE-MANENGOUBA-BANGEM,BANGEM,G.S.ELUM 11 / A,95,ELUM,elecam-bv-2025-south-west,9298c4547f5e10cdd50a10ca354504fd87fedef4a07abbfe8e5f1fbe8c2d4d44,needs_review,62,62,7839,7939,100
ELECAM-2025-SW-KOUPE-MANENGOUBA-BANGEM-0019,19,SW,SUD-OUEST,SW-KOUPE-MANENGOUBA,KOUPE-MANENGOUBA,SW-KOUPE-MANENGOUBA-BANGEM,BANGEM,G.S. ENYANDONG / A,116,ENYANDONG,elecam-bv-2025-south-west,9298c4547f5e10cdd50a10ca354504fd87fedef4a07abbfe8e5f1fbe8c2d4d44,needs_review,62,62,7839,7939,100
ELECAM-2025-SW-KOUPE-MANENGOUBA-BANGEM-0020,20,SW,SUD-OUEST,SW-KOUPE-MANENGOUBA,KOUPE-MANENGOUBA,SW-KOUPE-MANENGOUBA-BANGEM,BANGEM,G.S.EPEN / A,263,EPEN,elecam-bv-2025-south-west,9298c4547f5e10cdd50a10ca354504fd87fedef4a07abbfe8e5f1fbe8c2d4d44,needs_review,62,62,7839,7939,100
ELECAM-2025-SW-KOUPE-MANENGOUBA-BANGEM-0021,21,SW,SUD-OUEST,SW-KOUPE-MANENGOUBA,KOUPE-MANENGOUBA,SW-KOUPE-MANENGOUBA-BANGEM,BANGEM,G.S.EPENEBEL / A,65,EPENEBEL,elecam-bv-2025-south-west,9298c4547f5e10cdd50a10ca354504fd87fedef4a07abbfe8e5f1fbe8c2d4d44,needs_review,62,62,7839,7939,100
ELECAM-2025-SW-KOUPE-MANENGOUBA-BANGEM-0022,22,SW,SUD-OUEST,SW-KOUPE-MANENGOUBA,KOUPE-MANENGOUBA,SW-KOUPE-MANENGOUBA-BANGEM,BANGEM,G.S.JANDU / A,53,JANDU,elecam-bv-2025-south-west,9298c4547f5e10cdd50a10ca354504fd87fedef4a07abbfe8e5f1fbe8c2d4d44,needs_review,62,62,7839,7939,100
ELECAM-2025-SW-KOUPE-MANENGOUBA-BANGEM-0023,23,SW,SUD-OUEST,SW-KOUPE-MANENGOUBA,KOUPE-MANENGOUBA,SW-KOUPE-MANENGOUBA-BANGEM,BANGEM,G.S.MBANG / A,63,MBANG,elecam-bv-2025-south-west,9298c4547f5e10cdd50a10ca354504fd87fedef4a07abbfe8e5f1fbe8c2d4d44,needs_review,62,62,7839,7939,100
ELECAM-2025-SW-KOUPE-MANENGOUBA-BANGEM-0024,24,SW,SUD-OUEST,SW-KOUPE-MANENGOUBA,KOUPE-MANENGOUBA,SW-KOUPE-MANENGOUBA-BANGEM,BANGEM,HEALTH CENTRE MBAT / A,91,MBAT,elecam-bv-2025-south-west,9298c4547f5e10cdd50a10ca354504fd87fedef4a07abbfe8e5f1fbe8c2d4d44,needs_review,62,62,7839,7939,100
ELECAM-2025-SW-KOUPE-MANENGOUBA-BANGEM-0025,25,SW,SUD-OUEST,SW-KOUPE-MANENGOUBA,KOUPE-MANENGOUBA,SW-KOUPE-MANENGOUBA-BANGEM,BANGEM,GOV'T NURSERY SCHOOL MBOKU / A,108,MBOKU,elecam-bv-2025-south-west,9298c4547f5e10cdd50a10ca354504fd87fedef4a07abbfe8e5f1fbe8c2d4d44,needs_review,62,62,7839,7939,100
ELECAM-2025-SW-KOUPE-MANENGOUBA-BANGEM-0026,26,SW,SUD-OUEST,SW-KOUPE-MANENGOUBA,KOUPE-MANENGOUBA,SW-KOUPE-MANENGOUBA-BANGEM,BANGEM,DIV. DEL.SEC.EDU / A,310,MBUH,elecam-bv-2025-south-west,9298c4547f5e10cdd50a10ca354504fd87fedef4a07abbfe8e5f1fbe8c2d4d44,needs_review,62,62,7839,7939,100
ELECAM-2025-SW-KOUPE-MANENGOUBA-BANGEM-0027,27,SW,SUD-OUEST,SW-KOUPE-MANENGOUBA,KOUPE-MANENGOUBA,SW-KOUPE-MANENGOUBA-BANGEM,BANGEM,DIV. DEL.SEC.EDU / B,226,MBUH,elecam-bv-2025-south-west,9298c4547f5e10cdd50a10ca354504fd87fedef4a07abbfe8e5f1fbe8c2d4d44,needs_review,62,62,7839,7939,100
ELECAM-2025-SW-KOUPE-MANENGOUBA-BANGEM-0028,28,SW,SUD-OUEST,SW-KOUPE-MANENGOUBA,KOUPE-MANENGOUBA,SW-KOUPE-MANENGOUBA-BANGEM,BANGEM,G.S.MOMBO / A,186,MOMBO,elecam-bv-2025-south-west,9298c4547f5e10cdd50a10ca354504fd87fedef4a07abbfe8e5f1fbe8c2d4d44,needs_review,62,62,7839,7939,100
ELECAM-2025-SW-KOUPE-MANENGOUBA-BANGEM-0029,29,SW,SUD-OUEST,SW-KOUPE-MANENGOUBA,KOUPE-MANENGOUBA,SW-KOUPE-MANENGOUBA-BANGEM,BANGEM,G.S.MUABI / A,99,MUABI,elecam-bv-2025-south-west,9298c4547f5e10cdd50a10ca354504fd87fedef4a07abbfe8e5f1fbe8c2d4d44,needs_review,62,62,7839,7939,100
ELECAM-2025-SW-KOUPE-MANENGOUBA-BANGEM-0030,30,SW,SUD-OUEST,SW-KOUPE-MANENGOUBA,KOUPE-MANENGOUBA,SW-KOUPE-MANENGOUBA-BANGEM,BANGEM,G.P.S.MUAKU / A,189,MUAKU,elecam-bv-2025-south-west,9298c4547f5e10cdd50a10ca354504fd87fedef4a07abbfe8e5f1fbe8c2d4d44,needs_review,62,62,7839,7939,100
ELECAM-2025-SW-KOUPE-MANENGOUBA-BANGEM-0031,31,SW,SUD-OUEST,SW-KOUPE-MANENGOUBA,KOUPE-MANENGOUBA,SW-KOUPE-MANENGOUBA-BANGEM,BANGEM,G.P.S.MUAKWE / A,115,MUAKWE,elecam-bv-2025-south-west,9298c4547f5e10cdd50a10ca354504fd87fedef4a07abbfe8e5f1fbe8c2d4d44,needs_review,62,62,7839,7939,100
ELECAM-2025-SW-KOUPE-MANENGOUBA-BANGEM-0032,32,SW,SUD-OUEST,SW-KOUPE-MANENGOUBA,KOUPE-MANENGOUBA,SW-KOUPE-MANENGOUBA-BANGEM,BANGEM,COM. HALL MUALONG / A,51,MUALONG,elecam-bv-2025-south-west,9298c4547f5e10cdd50a10ca354504fd87fedef4a07abbfe8e5f1fbe8c2d4d44,needs_review,62,62,7839,7939,100
ELECAM-2025-SW-KOUPE-MANENGOUBA-BANGEM-0033,33,SW,SUD-OUEST,SW-KOUPE-MANENGOUBA,KOUPE-MANENGOUBA,SW-KOUPE-MANENGOUBA-BANGEM,BANGEM,HEALTH CENTER MUAMBONG / A,172,MUAMBONG,elecam-bv-2025-south-west,9298c4547f5e10cdd50a10ca354504fd87fedef4a07abbfe8e5f1fbe8c2d4d44,needs_review,62,62,7839,7939,100
ELECAM-2025-SW-KOUPE-MANENGOUBA-BANGEM-0034,34,SW,SUD-OUEST,SW-KOUPE-MANENGOUBA,KOUPE-MANENGOUBA,SW-KOUPE-MANENGOUBA-BANGEM,BANGEM,G.S.MUANENGUBA / A,83,MUANENGUBA,elecam-bv-2025-south-west,9298c4547f5e10cdd50a10ca354504fd87fedef4a07abbfe8e5f1fbe8c2d4d44,needs_review,62,62,7839,7939,100
ELECAM-2025-SW-KOUPE-MANENGOUBA-BANGEM-0035,35,SW,SUD-OUEST,SW-KOUPE-MANENGOUBA,KOUPE-MANENGOUBA,SW-KOUPE-MANENGOUBA-BANGEM,BANGEM,G.B.P.S.MUANGWEKAN / A,162,MUANGWEKAN,elecam-bv-2025-south-west,9298c4547f5e10cdd50a10ca354504fd87fedef4a07abbfe8e5f1fbe8c2d4d44,needs_review,62,62,7839,7939,100
ELECAM-2025-SW-KOUPE-MANENGOUBA-BANGEM-0036,36,SW,SUD-OUEST,SW-KOUPE-MANENGOUBA,KOUPE-MANENGOUBA,SW-KOUPE-MANENGOUBA-BANGEM,BANGEM,COUNCIL CHAMBERS / A,331,MUANGWELONG,elecam-bv-2025-south-west,9298c4547f5e10cdd50a10ca354504fd87fedef4a07abbfe8e5f1fbe8c2d4d44,needs_review,62,62,7839,7939,100
ELECAM-2025-SW-KOUPE-MANENGOUBA-BANGEM-0037,37,SW,SUD-OUEST,SW-KOUPE-MANENGOUBA,KOUPE-MANENGOUBA,SW-KOUPE-MANENGOUBA-BANGEM,BANGEM,COUNCIL CHAMBERS / B,192,MUANGWELONG,elecam-bv-2025-south-west,9298c4547f5e10cdd50a10ca354504fd87fedef4a07abbfe8e5f1fbe8c2d4d44,needs_review,62,62,7839,7939,100
ELECAM-2025-SW-KOUPE-MANENGOUBA-BANGEM-0038,38,SW,SUD-OUEST,SW-KOUPE-MANENGOUBA,KOUPE-MANENGOUBA,SW-KOUPE-MANENGOUBA-BANGEM,BANGEM,CREDIT UNION HALL BANGEM / A,260,MUANGWELONG,elecam-bv-2025-south-west,9298c4547f5e10cdd50a10ca354504fd87fedef4a07abbfe8e5f1fbe8c2d4d44,needs_review,62,62,7839,7939,100
ELECAM-2025-SW-KOUPE-MANENGOUBA-BANGEM-0039,39,SW,SUD-OUEST,SW-KOUPE-MANENGOUBA,KOUPE-MANENGOUBA,SW-KOUPE-MANENGOUBA-BANGEM,BANGEM,CREDIT UNION HALL BANGEM / B,57,MUANGWELONG,elecam-bv-2025-south-west,9298c4547f5e10cdd50a10ca354504fd87fedef4a07abbfe8e5f1fbe8c2d4d44,needs_review,62,62,7839,7939,100
ELECAM-2025-SW-KOUPE-MANENGOUBA-BANGEM-0040,40,SW,SUD-OUEST,SW-KOUPE-MANENGOUBA,KOUPE-MANENGOUBA,SW-KOUPE-MANENGOUBA-BANGEM,BANGEM,CATH.CHURCH MUANJIKON / A,75,MUANJIKON,elecam-bv-2025-south-west,9298c4547f5e10cdd50a10ca354504fd87fedef4a07abbfe8e5f1fbe8c2d4d44,needs_review,62,62,7839,7939,100
ELECAM-2025-SW-KOUPE-MANENGOUBA-BANGEM-0041,41,SW,SUD-OUEST,SW-KOUPE-MANENGOUBA,KOUPE-MANENGOUBA,SW-KOUPE-MANENGOUBA-BANGEM,BANGEM,G.S.MUANYET / A,62,MUANYET,elecam-bv-2025-south-west,9298c4547f5e10cdd50a10ca354504fd87fedef4a07abbfe8e5f1fbe8c2d4d44,needs_review,62,62,7839,7939,100
ELECAM-2025-SW-KOUPE-MANENGOUBA-BANGEM-0042,42,SW,SUD-OUEST,SW-KOUPE-MANENGOUBA,KOUPE-MANENGOUBA,SW-KOUPE-MANENGOUBA-BANGEM,BANGEM,COM.HALL MUASUM / A,67,MUASUM,elecam-bv-2025-south-west,9298c4547f5e10cdd50a10ca354504fd87fedef4a07abbfe8e5f1fbe8c2d4d44,needs_review,62,62,7839,7939,100
ELECAM-2025-SW-KOUPE-MANENGOUBA-BANGEM-0043,43,SW,SUD-OUEST,SW-KOUPE-MANENGOUBA,KOUPE-MANENGOUBA,SW-KOUPE-MANENGOUBA-BANGEM,BANGEM,G.S.MUEBAH / A,114,MUEBAH,elecam-bv-2025-south-west,9298c4547f5e10cdd50a10ca354504fd87fedef4a07abbfe8e5f1fbe8c2d4d44,needs_review,62,62,7839,7939,100
ELECAM-2025-SW-KOUPE-MANENGOUBA-BANGEM-0044,44,SW,SUD-OUEST,SW-KOUPE-MANENGOUBA,KOUPE-MANENGOUBA,SW-KOUPE-MANENGOUBA-BANGEM,BANGEM,COM. HALL MUEDIB / A,111,MUEDIB,elecam-bv-2025-south-west,9298c4547f5e10cdd50a10ca354504fd87fedef4a07abbfe8e5f1fbe8c2d4d44,needs_review,62,62,7839,7939,100
ELECAM-2025-SW-KOUPE-MANENGOUBA-BANGEM-0045,45,SW,SUD-OUEST,SW-KOUPE-MANENGOUBA,KOUPE-MANENGOUBA,SW-KOUPE-MANENGOUBA-BANGEM,BANGEM,G.S.MUEDIBMEL / A,97,MUEDIBMEL,elecam-bv-2025-south-west,9298c4547f5e10cdd50a10ca354504fd87fedef4a07abbfe8e5f1fbe8c2d4d44,needs_review,62,62,7839,7939,100
ELECAM-2025-SW-KOUPE-MANENGOUBA-BANGEM-0046,46,SW,SUD-OUEST,SW-KOUPE-MANENGOUBA,KOUPE-MANENGOUBA,SW-KOUPE-MANENGOUBA-BANGEM,BANGEM,COM.HALL MUEKAN / A,29,MUEKAN,elecam-bv-2025-south-west,9298c4547f5e10cdd50a10ca354504fd87fedef4a07abbfe8e5f1fbe8c2d4d44,needs_review,62,62,7839,7939,100
ELECAM-2025-SW-KOUPE-MANENGOUBA-BANGEM-0047,47,SW,SUD-OUEST,SW-KOUPE-MANENGOUBA,KOUPE-MANENGOUBA,SW-KOUPE-MANENGOUBA-BANGEM,BANGEM,COM.HALL MUELONG / A,102,MUELONG,elecam-bv-2025-south-west,9298c4547f5e10cdd50a10ca354504fd87fedef4a07abbfe8e5f1fbe8c2d4d44,needs_review,62,62,7839,7939,100
ELECAM-2025-SW-KOUPE-MANENGOUBA-BANGEM-0048,48,SW,SUD-OUEST,SW-KOUPE-MANENGOUBA,KOUPE-MANENGOUBA,SW-KOUPE-MANENGOUBA-BANGEM,BANGEM,COM.HALL MUESOK / A,78,MUESOK,elecam-bv-2025-south-west,9298c4547f5e10cdd50a10ca354504fd87fedef4a07abbfe8e5f1fbe8c2d4d44,needs_review,62,62,7839,7939,100
ELECAM-2025-SW-KOUPE-MANENGOUBA-BANGEM-0049,49,SW,SUD-OUEST,SW-KOUPE-MANENGOUBA,KOUPE-MANENGOUBA,SW-KOUPE-MANENGOUBA-BANGEM,BANGEM,G.S.MUETAN-AKU / A,125,MUETAN-AKU,elecam-bv-2025-south-west,9298c4547f5e10cdd50a10ca354504fd87fedef4a07abbfe8e5f1fbe8c2d4d44,needs_review,62,62,7839,7939,100
ELECAM-2025-SW-KOUPE-MANENGOUBA-BANGEM-0050,50,SW,SUD-OUEST,SW-KOUPE-MANENGOUBA,KOUPE-MANENGOUBA,SW-KOUPE-MANENGOUBA-BANGEM,BANGEM,G.S.NDIBSE 1 / A,157,NDIBSE,elecam-bv-2025-south-west,9298c4547f5e10cdd50a10ca354504fd87fedef4a07abbfe8e5f1fbe8c2d4d44,needs_review,62,62,7839,7939,100
ELECAM-2025-SW-KOUPE-MANENGOUBA-BANGEM-0051,51,SW,SUD-OUEST,SW-KOUPE-MANENGOUBA,KOUPE-MANENGOUBA,SW-KOUPE-MANENGOUBA-BANGEM,BANGEM,G.B.H.S.BANGEM / A,106,NDONG QUATER,elecam-bv-2025-south-west,9298c4547f5e10cdd50a10ca354504fd87fedef4a07abbfe8e5f1fbe8c2d4d44,needs_review,62,62,7839,7939,100
ELECAM-2025-SW-KOUPE-MANENGOUBA-BANGEM-0052,52,SW,SUD-OUEST,SW-KOUPE-MANENGOUBA,KOUPE-MANENGOUBA,SW-KOUPE-MANENGOUBA-BANGEM,BANGEM,COM.HALL NEW BELL / A,84,NEW BELL,elecam-bv-2025-south-west,9298c4547f5e10cdd50a10ca354504fd87fedef4a07abbfe8e5f1fbe8c2d4d44,needs_review,62,62,7839,7939,100
ELECAM-2025-SW-KOUPE-MANENGOUBA-BANGEM-0053,53,SW,SUD-OUEST,SW-KOUPE-MANENGOUBA,KOUPE-MANENGOUBA,SW-KOUPE-MANENGOUBA-BANGEM,BANGEM,CATH.CHURCH NGOMIN / A,67,NGOMIN,elecam-bv-2025-south-west,9298c4547f5e10cdd50a10ca354504fd87fedef4a07abbfe8e5f1fbe8c2d4d44,needs_review,62,62,7839,7939,100
ELECAM-2025-SW-KOUPE-MANENGOUBA-BANGEM-0054,54,SW,SUD-OUEST,SW-KOUPE-MANENGOUBA,KOUPE-MANENGOUBA,SW-KOUPE-MANENGOUBA-BANGEM,BANGEM,COM.HALL NJOM / A,80,NJOM,elecam-bv-2025-south-west,9298c4547f5e10cdd50a10ca354504fd87fedef4a07abbfe8e5f1fbe8c2d4d44,needs_review,62,62,7839,7939,100
ELECAM-2025-SW-KOUPE-MANENGOUBA-BANGEM-0055,55,SW,SUD-OUEST,SW-KOUPE-MANENGOUBA,KOUPE-MANENGOUBA,SW-KOUPE-MANENGOUBA-BANGEM,BANGEM,HEALTH CENTRE NKACK / A,123,NKACK,elecam-bv-2025-south-west,9298c4547f5e10cdd50a10ca354504fd87fedef4a07abbfe8e5f1fbe8c2d4d44,needs_review,62,62,7839,7939,100
ELECAM-2025-SW-KOUPE-MANENGOUBA-BANGEM-0056,56,SW,SUD-OUEST,SW-KOUPE-MANENGOUBA,KOUPE-MANENGOUBA,SW-KOUPE-MANENGOUBA-BANGEM,BANGEM,G.S.NKANG / A,124,NKANG,elecam-bv-2025-south-west,9298c4547f5e10cdd50a10ca354504fd87fedef4a07abbfe8e5f1fbe8c2d4d44,needs_review,62,62,7839,7939,100
ELECAM-2025-SW-KOUPE-MANENGOUBA-BANGEM-0057,57,SW,SUD-OUEST,SW-KOUPE-MANENGOUBA,KOUPE-MANENGOUBA,SW-KOUPE-MANENGOUBA-BANGEM,BANGEM,G.S.NKIKOH / A,103,NKIKOH,elecam-bv-2025-south-west,9298c4547f5e10cdd50a10ca354504fd87fedef4a07abbfe8e5f1fbe8c2d4d44,needs_review,62,62,7839,7939,100
ELECAM-2025-SW-KOUPE-MANENGOUBA-BANGEM-0058,58,SW,SUD-OUEST,SW-KOUPE-MANENGOUBA,KOUPE-MANENGOUBA,SW-KOUPE-MANENGOUBA-BANGEM,BANGEM,HEALTH CENTER NKIKOH / A,82,NKIKOH,elecam-bv-2025-south-west,9298c4547f5e10cdd50a10ca354504fd87fedef4a07abbfe8e5f1fbe8c2d4d44,needs_review,62,62,7839,7939,100
ELECAM-2025-SW-KOUPE-MANENGOUBA-BANGEM-0059,59,SW,SUD-OUEST,SW-KOUPE-MANENGOUBA,KOUPE-MANENGOUBA,SW-KOUPE-MANENGOUBA-BANGEM,BANGEM,G.S. NTEHO 11 / A,99,NTEHO,elecam-bv-2025-south-west,9298c4547f5e10cdd50a10ca354504fd87fedef4a07abbfe8e5f1fbe8c2d4d44,needs_review,62,62,7839,7939,100
ELECAM-2025-SW-KOUPE-MANENGOUBA-BANGEM-0060,60,SW,SUD-OUEST,SW-KOUPE-MANENGOUBA,KOUPE-MANENGOUBA,SW-KOUPE-MANENGOUBA-BANGEM,BANGEM,G.S.NYAN / A,126,NYAN,elecam-bv-2025-south-west,9298c4547f5e10cdd50a10ca354504fd87fedef4a07abbfe8e5f1fbe8c2d4d44,needs_review,62,62,7839,7939,100
ELECAM-2025-SW-KOUPE-MANENGOUBA-BANGEM-0061,61,SW,SUD-OUEST,SW-KOUPE-MANENGOUBA,KOUPE-MANENGOUBA,SW-KOUPE-MANENGOUBA-BANGEM,BANGEM,G.S.NZIMBENG / A,39,NZIMBENG,elecam-bv-2025-south-west,9298c4547f5e10cdd50a10ca354504fd87fedef4a07abbfe8e5f1fbe8c2d4d44,needs_review,62,62,7839,7939,100
ELECAM-2025-SW-KOUPE-MANENGOUBA-BANGEM-0062,62,SW,SUD-OUEST,SW-KOUPE-MANENGOUBA,KOUPE-MANENGOUBA,SW-KOUPE-MANENGOUBA-BANGEM,BANGEM,COM.HALL POALA / A,73,POALA,elecam-bv-2025-south-west,9298c4547f5e10cdd50a10ca354504fd87fedef4a07abbfe8e5f1fbe8c2d4d44,needs_review,62,62,7839,7939,100
ELECAM-2025-SW-KOUPE-MANENGOUBA-TOMBEL-0001,1,SW,SUD-OUEST,SW-KOUPE-MANENGOUBA,KOUPE-MANENGOUBA,SW-KOUPE-MANENGOUBA-TOMBEL,TOMBEL,COMMUNITY HALL ATOB / A,141,ATOB,elecam-bv-2025-south-west,9298c4547f5e10cdd50a10ca354504fd87fedef4a07abbfe8e5f1fbe8c2d4d44,needs_review,106,106,20579,21567,988
ELECAM-2025-SW-KOUPE-MANENGOUBA-TOMBEL-0002,2,SW,SUD-OUEST,SW-KOUPE-MANENGOUBA,KOUPE-MANENGOUBA,SW-KOUPE-MANENGOUBA-TOMBEL,TOMBEL,BAKOLLE HEALTH POST / A,212,BAKOLLE,elecam-bv-2025-south-west,9298c4547f5e10cdd50a10ca354504fd87fedef4a07abbfe8e5f1fbe8c2d4d44,needs_review,106,106,20579,21567,988
ELECAM-2025-SW-KOUPE-MANENGOUBA-TOMBEL-0003,3,SW,SUD-OUEST,SW-KOUPE-MANENGOUBA,KOUPE-MANENGOUBA,SW-KOUPE-MANENGOUBA-TOMBEL,TOMBEL,COMMUNITY HALL BASENG / A,153,BASENG,elecam-bv-2025-south-west,9298c4547f5e10cdd50a10ca354504fd87fedef4a07abbfe8e5f1fbe8c2d4d44,needs_review,106,106,20579,21567,988
ELECAM-2025-SW-KOUPE-MANENGOUBA-TOMBEL-0004,4,SW,SUD-OUEST,SW-KOUPE-MANENGOUBA,KOUPE-MANENGOUBA,SW-KOUPE-MANENGOUBA-TOMBEL,TOMBEL,GS BEKUME / A,124,BEKUME,elecam-bv-2025-south-west,9298c4547f5e10cdd50a10ca354504fd87fedef4a07abbfe8e5f1fbe8c2d4d44,needs_review,106,106,20579,21567,988
ELECAM-2025-SW-KOUPE-MANENGOUBA-TOMBEL-0005,5,SW,SUD-OUEST,SW-KOUPE-MANENGOUBA,KOUPE-MANENGOUBA,SW-KOUPE-MANENGOUBA-TOMBEL,TOMBEL,GS BUBA I / A,230,BUBA,elecam-bv-2025-south-west,9298c4547f5e10cdd50a10ca354504fd87fedef4a07abbfe8e5f1fbe8c2d4d44,needs_review,106,106,20579,21567,988
ELECAM-2025-SW-KOUPE-MANENGOUBA-TOMBEL-0006,6,SW,SUD-OUEST,SW-KOUPE-MANENGOUBA,KOUPE-MANENGOUBA,SW-KOUPE-MANENGOUBA-TOMBEL,TOMBEL,GS BUBA I / B,205,BUBA,elecam-bv-2025-south-west,9298c4547f5e10cdd50a10ca354504fd87fedef4a07abbfe8e5f1fbe8c2d4d44,needs_review,106,106,20579,21567,988
ELECAM-2025-SW-KOUPE-MANENGOUBA-TOMBEL-0007,7,SW,SUD-OUEST,SW-KOUPE-MANENGOUBA,KOUPE-MANENGOUBA,SW-KOUPE-MANENGOUBA-TOMBEL,TOMBEL,GS BUBA II / A,87,BUBA II,elecam-bv-2025-south-west,9298c4547f5e10cdd50a10ca354504fd87fedef4a07abbfe8e5f1fbe8c2d4d44,needs_review,106,106,20579,21567,988
ELECAM-2025-SW-KOUPE-MANENGOUBA-TOMBEL-0008,8,SW,SUD-OUEST,SW-KOUPE-MANENGOUBA,KOUPE-MANENGOUBA,SW-KOUPE-MANENGOUBA-TOMBEL,TOMBEL,COMMUNITY HALL BUBA III / A,249,BUBA III,elecam-bv-2025-south-west,9298c4547f5e10cdd50a10ca354504fd87fedef4a07abbfe8e5f1fbe8c2d4d44,needs_review,106,106,20579,21567,988
ELECAM-2025-SW-KOUPE-MANENGOUBA-TOMBEL-0009,9,SW,SUD-OUEST,SW-KOUPE-MANENGOUBA,KOUPE-MANENGOUBA,SW-KOUPE-MANENGOUBA-TOMBEL,TOMBEL,HEALTH CENTRE BUBA III / A,106,BUBA III,elecam-bv-2025-south-west,9298c4547f5e10cdd50a10ca354504fd87fedef4a07abbfe8e5f1fbe8c2d4d44,needs_review,106,106,20579,21567,988
ELECAM-2025-SW-KOUPE-MANENGOUBA-TOMBEL-0010,10,SW,SUD-OUEST,SW-KOUPE-MANENGOUBA,KOUPE-MANENGOUBA,SW-KOUPE-MANENGOUBA-TOMBEL,TOMBEL,COMMUNITY HALL BUBA MILE 6 / A,636,BUBA MILE,elecam-bv-2025-south-west,9298c4547f5e10cdd50a10ca354504fd87fedef4a07abbfe8e5f1fbe8c2d4d44,needs_review,106,106,20579,21567,988
ELECAM-2025-SW-KOUPE-MANENGOUBA-TOMBEL-0011,11,SW,SUD-OUEST,SW-KOUPE-MANENGOUBA,KOUPE-MANENGOUBA,SW-KOUPE-MANENGOUBA-TOMBEL,TOMBEL,GS BUBA WATER FALL / A,270,BUBA WATERFALL,elecam-bv-2025-south-west,9298c4547f5e10cdd50a10ca354504fd87fedef4a07abbfe8e5f1fbe8c2d4d44,needs_review,106,106,20579,21567,988
ELECAM-2025-SW-KOUPE-MANENGOUBA-TOMBEL-0012,12,SW,SUD-OUEST,SW-KOUPE-MANENGOUBA,KOUPE-MANENGOUBA,SW-KOUPE-MANENGOUBA-TOMBEL,TOMBEL,CO-OPERATIVE STORE BULUTU / A,247,BULUTU,elecam-bv-2025-south-west,9298c4547f5e10cdd50a10ca354504fd87fedef4a07abbfe8e5f1fbe8c2d4d44,needs_review,106,106,20579,21567,988
ELECAM-2025-SW-KOUPE-MANENGOUBA-TOMBEL-0013,13,SW,SUD-OUEST,SW-KOUPE-MANENGOUBA,KOUPE-MANENGOUBA,SW-KOUPE-MANENGOUBA-TOMBEL,TOMBEL,FONCHA'S HALL CDC / A,235,CDC CAMP,elecam-bv-2025-south-west,9298c4547f5e10cdd50a10ca354504fd87fedef4a07abbfe8e5f1fbe8c2d4d44,needs_review,106,106,20579,21567,988
ELECAM-2025-SW-KOUPE-MANENGOUBA-TOMBEL-0014,14,SW,SUD-OUEST,SW-KOUPE-MANENGOUBA,KOUPE-MANENGOUBA,SW-KOUPE-MANENGOUBA-TOMBEL,TOMBEL,COMMUNITY HALL CDC EDIBENJOCK / A,233,CDC EDIBENJOCK,elecam-bv-2025-south-west,9298c4547f5e10cdd50a10ca354504fd87fedef4a07abbfe8e5f1fbe8c2d4d44,needs_review,106,106,20579,21567,988
ELECAM-2025-SW-KOUPE-MANENGOUBA-TOMBEL-0015,15,SW,SUD-OUEST,SW-KOUPE-MANENGOUBA,KOUPE-MANENGOUBA,SW-KOUPE-MANENGOUBA-TOMBEL,TOMBEL,COCOA CAMP CDC / A,140,CDC TOMBEL,elecam-bv-2025-south-west,9298c4547f5e10cdd50a10ca354504fd87fedef4a07abbfe8e5f1fbe8c2d4d44,needs_review,106,106,20579,21567,988
ELECAM-2025-SW-KOUPE-MANENGOUBA-TOMBEL-0016,16,SW,SUD-OUEST,SW-KOUPE-MANENGOUBA,KOUPE-MANENGOUBA,SW-KOUPE-MANENGOUBA-TOMBEL,TOMBEL,COMMUNITY HALL EBOKO BAJOH / A,226,EBOKO BAJOH,elecam-bv-2025-south-west,9298c4547f5e10cdd50a10ca354504fd87fedef4a07abbfe8e5f1fbe8c2d4d44,needs_review,106,106,20579,21567,988
ELECAM-2025-SW-KOUPE-MANENGOUBA-TOMBEL-0017,17,SW,SUD-OUEST,SW-KOUPE-MANENGOUBA,KOUPE-MANENGOUBA,SW-KOUPE-MANENGOUBA-TOMBEL,TOMBEL,GS EBOKO BAJOH / A,98,EBOKO BAJOH,elecam-bv-2025-south-west,9298c4547f5e10cdd50a10ca354504fd87fedef4a07abbfe8e5f1fbe8c2d4d44,needs_review,106,106,20579,21567,988
ELECAM-2025-SW-KOUPE-MANENGOUBA-TOMBEL-0018,18,SW,SUD-OUEST,SW-KOUPE-MANENGOUBA,KOUPE-MANENGOUBA,SW-KOUPE-MANENGOUBA-TOMBEL,TOMBEL,CATH SCHOOL EBONJI / A,317,EBONJI,elecam-bv-2025-south-west,9298c4547f5e10cdd50a10ca354504fd87fedef4a07abbfe8e5f1fbe8c2d4d44,needs_review,106,106,20579,21567,988
ELECAM-2025-SW-KOUPE-MANENGOUBA-TOMBEL-0019,19,SW,SUD-OUEST,SW-KOUPE-MANENGOUBA,KOUPE-MANENGOUBA,SW-KOUPE-MANENGOUBA-TOMBEL,TOMBEL,CATH SCHOOL EBONJI / B,297,EBONJI,elecam-bv-2025-south-west,9298c4547f5e10cdd50a10ca354504fd87fedef4a07abbfe8e5f1fbe8c2d4d44,needs_review,106,106,20579,21567,988
ELECAM-2025-SW-KOUPE-MANENGOUBA-TOMBEL-0020,20,SW,SUD-OUEST,SW-KOUPE-MANENGOUBA,KOUPE-MANENGOUBA,SW-KOUPE-MANENGOUBA-TOMBEL,TOMBEL,GOV'T NURSERY SCHOOL EBONJI / A,373,EBONJI,elecam-bv-2025-south-west,9298c4547f5e10cdd50a10ca354504fd87fedef4a07abbfe8e5f1fbe8c2d4d44,needs_review,106,106,20579,21567,988
ELECAM-2025-SW-KOUPE-MANENGOUBA-TOMBEL-0021,21,SW,SUD-OUEST,SW-KOUPE-MANENGOUBA,KOUPE-MANENGOUBA,SW-KOUPE-MANENGOUBA-TOMBEL,TOMBEL,GS EBONJI / A,371,EBONJI,elecam-bv-2025-south-west,9298c4547f5e10cdd50a10ca354504fd87fedef4a07abbfe8e5f1fbe8c2d4d44,needs_review,106,106,20579,21567,988
ELECAM-2025-SW-KOUPE-MANENGOUBA-TOMBEL-0022,22,SW,SUD-OUEST,SW-KOUPE-MANENGOUBA,KOUPE-MANENGOUBA,SW-KOUPE-MANENGOUBA-TOMBEL,TOMBEL,GS EBONJI / B,153,EBONJI,elecam-bv-2025-south-west,9298c4547f5e10cdd50a10ca354504fd87fedef4a07abbfe8e5f1fbe8c2d4d44,needs_review,106,106,20579,21567,988
ELECAM-2025-SW-KOUPE-MANENGOUBA-TOMBEL-0023,23,SW,SUD-OUEST,SW-KOUPE-MANENGOUBA,KOUPE-MANENGOUBA,SW-KOUPE-MANENGOUBA-TOMBEL,TOMBEL,CO-OPERATIVE STORE EHOM / A,239,EHOM,elecam-bv-2025-south-west,9298c4547f5e10cdd50a10ca354504fd87fedef4a07abbfe8e5f1fbe8c2d4d44,needs_review,106,106,20579,21567,988
ELECAM-2025-SW-KOUPE-MANENGOUBA-TOMBEL-0024,24,SW,SUD-OUEST,SW-KOUPE-MANENGOUBA,KOUPE-MANENGOUBA,SW-KOUPE-MANENGOUBA-TOMBEL,TOMBEL,GS EKEB / A,80,EKEB,elecam-bv-2025-south-west,9298c4547f5e10cdd50a10ca354504fd87fedef4a07abbfe8e5f1fbe8c2d4d44,needs_review,106,106,20579,21567,988
ELECAM-2025-SW-KOUPE-MANENGOUBA-TOMBEL-0025,25,SW,SUD-OUEST,SW-KOUPE-MANENGOUBA,KOUPE-MANENGOUBA,SW-KOUPE-MANENGOUBA-TOMBEL,TOMBEL,CATH CHURCH EKEB-MBABE / A,95,EKEB-MBABE,elecam-bv-2025-south-west,9298c4547f5e10cdd50a10ca354504fd87fedef4a07abbfe8e5f1fbe8c2d4d44,needs_review,106,106,20579,21567,988
ELECAM-2025-SW-KOUPE-MANENGOUBA-TOMBEL-0026,26,SW,SUD-OUEST,SW-KOUPE-MANENGOUBA,KOUPE-MANENGOUBA,SW-KOUPE-MANENGOUBA-TOMBEL,TOMBEL,CATH SCHOOL ESAM / A,112,ESAM,elecam-bv-2025-south-west,9298c4547f5e10cdd50a10ca354504fd87fedef4a07abbfe8e5f1fbe8c2d4d44,needs_review,106,106,20579,21567,988
ELECAM-2025-SW-KOUPE-MANENGOUBA-TOMBEL-0027,27,SW,SUD-OUEST,SW-KOUPE-MANENGOUBA,KOUPE-MANENGOUBA,SW-KOUPE-MANENGOUBA-TOMBEL,TOMBEL,CO-OPERATIVE STORE ETAM I / A,335,ETAM I,elecam-bv-2025-south-west,9298c4547f5e10cdd50a10ca354504fd87fedef4a07abbfe8e5f1fbe8c2d4d44,needs_review,106,106,20579,21567,988
ELECAM-2025-SW-KOUPE-MANENGOUBA-TOMBEL-0028,28,SW,SUD-OUEST,SW-KOUPE-MANENGOUBA,KOUPE-MANENGOUBA,SW-KOUPE-MANENGOUBA-TOMBEL,TOMBEL,CO-OPERATIVE STORE ETAM I / B,311,ETAM I,elecam-bv-2025-south-west,9298c4547f5e10cdd50a10ca354504fd87fedef4a07abbfe8e5f1fbe8c2d4d44,needs_review,106,106,20579,21567,988
ELECAM-2025-SW-KOUPE-MANENGOUBA-TOMBEL-0029,29,SW,SUD-OUEST,SW-KOUPE-MANENGOUBA,KOUPE-MANENGOUBA,SW-KOUPE-MANENGOUBA-TOMBEL,TOMBEL,GOV SCHOOL ETAM I / A,251,ETAM I,elecam-bv-2025-south-west,9298c4547f5e10cdd50a10ca354504fd87fedef4a07abbfe8e5f1fbe8c2d4d44,needs_review,106,106,20579,21567,988
ELECAM-2025-SW-KOUPE-MANENGOUBA-TOMBEL-0030,30,SW,SUD-OUEST,SW-KOUPE-MANENGOUBA,KOUPE-MANENGOUBA,SW-KOUPE-MANENGOUBA-TOMBEL,TOMBEL,GOV SCHOOL ETAM I / B,231,ETAM I,elecam-bv-2025-south-west,9298c4547f5e10cdd50a10ca354504fd87fedef4a07abbfe8e5f1fbe8c2d4d44,needs_review,106,106,20579,21567,988
ELECAM-2025-SW-KOUPE-MANENGOUBA-TOMBEL-0031,31,SW,SUD-OUEST,SW-KOUPE-MANENGOUBA,KOUPE-MANENGOUBA,SW-KOUPE-MANENGOUBA-TOMBEL,TOMBEL,GOV'T SCHOOL ETAM II / A,252,ETAM II,elecam-bv-2025-south-west,9298c4547f5e10cdd50a10ca354504fd87fedef4a07abbfe8e5f1fbe8c2d4d44,needs_review,106,106,20579,21567,988
ELECAM-2025-SW-KOUPE-MANENGOUBA-TOMBEL-0032,32,SW,SUD-OUEST,SW-KOUPE-MANENGOUBA,KOUPE-MANENGOUBA,SW-KOUPE-MANENGOUBA-TOMBEL,TOMBEL,PRES. NURSERY SCHOOL KACK / A,166,KACK,elecam-bv-2025-south-west,9298c4547f5e10cdd50a10ca354504fd87fedef4a07abbfe8e5f1fbe8c2d4d44,needs_review,106,106,20579,21567,988
ELECAM-2025-SW-KOUPE-MANENGOUBA-TOMBEL-0033,33,SW,SUD-OUEST,SW-KOUPE-MANENGOUBA,KOUPE-MANENGOUBA,SW-KOUPE-MANENGOUBA-TOMBEL,TOMBEL,GOV'T SCHOOL KODMIN / A,74,KODMIN,elecam-bv-2025-south-west,9298c4547f5e10cdd50a10ca354504fd87fedef4a07abbfe8e5f1fbe8c2d4d44,needs_review,106,106,20579,21567,988
ELECAM-2025-SW-KOUPE-MANENGOUBA-TOMBEL-0034,34,SW,SUD-OUEST,SW-KOUPE-MANENGOUBA,KOUPE-MANENGOUBA,SW-KOUPE-MANENGOUBA-TOMBEL,TOMBEL,GS KUPE / A,236,KUPE,elecam-bv-2025-south-west,9298c4547f5e10cdd50a10ca354504fd87fedef4a07abbfe8e5f1fbe8c2d4d44,needs_review,106,106,20579,21567,988
ELECAM-2025-SW-KOUPE-MANENGOUBA-TOMBEL-0035,35,SW,SUD-OUEST,SW-KOUPE-MANENGOUBA,KOUPE-MANENGOUBA,SW-KOUPE-MANENGOUBA-TOMBEL,TOMBEL,COMMUNITY HALL MAHOLE / A,271,MAHOLE,elecam-bv-2025-south-west,9298c4547f5e10cdd50a10ca354504fd87fedef4a07abbfe8e5f1fbe8c2d4d44,needs_review,106,106,20579,21567,988
ELECAM-2025-SW-KOUPE-MANENGOUBA-TOMBEL-0036,36,SW,SUD-OUEST,SW-KOUPE-MANENGOUBA,KOUPE-MANENGOUBA,SW-KOUPE-MANENGOUBA-TOMBEL,TOMBEL,GOV'T SCHOOL MBABE / A,239,MBABE,elecam-bv-2025-south-west,9298c4547f5e10cdd50a10ca354504fd87fedef4a07abbfe8e5f1fbe8c2d4d44,needs_review,106,106,20579,21567,988
ELECAM-2025-SW-KOUPE-MANENGOUBA-TOMBEL-0037,37,SW,SUD-OUEST,SW-KOUPE-MANENGOUBA,KOUPE-MANENGOUBA,SW-KOUPE-MANENGOUBA-TOMBEL,TOMBEL,GS MBULLE / A,143,MBULLE,elecam-bv-2025-south-west,9298c4547f5e10cdd50a10ca354504fd87fedef4a07abbfe8e5f1fbe8c2d4d44,needs_review,106,106,20579,21567,988
ELECAM-2025-SW-KOUPE-MANENGOUBA-TOMBEL-0038,38,SW,SUD-OUEST,SW-KOUPE-MANENGOUBA,KOUPE-MANENGOUBA,SW-KOUPE-MANENGOUBA-TOMBEL,TOMBEL,COMMUNITY HALL MBWOGMUTI / A,55,MBWOGMUTI I,elecam-bv-2025-south-west,9298c4547f5e10cdd50a10ca354504fd87fedef4a07abbfe8e5f1fbe8c2d4d44,needs_review,106,106,20579,21567,988
ELECAM-2025-SW-KOUPE-MANENGOUBA-TOMBEL-0039,39,SW,SUD-OUEST,SW-KOUPE-MANENGOUBA,KOUPE-MANENGOUBA,SW-KOUPE-MANENGOUBA-TOMBEL,TOMBEL,GS MBWOGMUT II / A,105,MBWOGMUT II,elecam-bv-2025-south-west,9298c4547f5e10cdd50a10ca354504fd87fedef4a07abbfe8e5f1fbe8c2d4d44,needs_review,106,106,20579,21567,988
ELECAM-2025-SW-KOUPE-MANENGOUBA-TOMBEL-0040,40,SW,SUD-OUEST,SW-KOUPE-MANENGOUBA,KOUPE-MANENGOUBA,SW-KOUPE-MANENGOUBA-TOMBEL,TOMBEL,CATH CHURCH MEKEDMBENG / A,87,MEKEDMBENG,elecam-bv-2025-south-west,9298c4547f5e10cdd50a10ca354504fd87fedef4a07abbfe8e5f1fbe8c2d4d44,needs_review,106,106,20579,21567,988
ELECAM-2025-SW-KOUPE-MANENGOUBA-TOMBEL-0041,41,SW,SUD-OUEST,SW-KOUPE-MANENGOUBA,KOUPE-MANENGOUBA,SW-KOUPE-MANENGOUBA-TOMBEL,TOMBEL,CO-OPERATIVE STORE MEKOM / A,176,MEKOM,elecam-bv-2025-south-west,9298c4547f5e10cdd50a10ca354504fd87fedef4a07abbfe8e5f1fbe8c2d4d44,needs_review,106,106,20579,21567,988
ELECAM-2025-SW-KOUPE-MANENGOUBA-TOMBEL-0042,42,SW,SUD-OUEST,SW-KOUPE-MANENGOUBA,KOUPE-MANENGOUBA,SW-KOUPE-MANENGOUBA-TOMBEL,TOMBEL,GS MELONGO / A,85,MELONGO,elecam-bv-2025-south-west,9298c4547f5e10cdd50a10ca354504fd87fedef4a07abbfe8e5f1fbe8c2d4d44,needs_review,106,106,20579,21567,988
ELECAM-2025-SW-KOUPE-MANENGOUBA-TOMBEL-0043,43,SW,SUD-OUEST,SW-KOUPE-MANENGOUBA,KOUPE-MANENGOUBA,SW-KOUPE-MANENGOUBA-TOMBEL,TOMBEL,COMMUNITY HALL MENGE / A,28,MENGE,elecam-bv-2025-south-west,9298c4547f5e10cdd50a10ca354504fd87fedef4a07abbfe8e5f1fbe8c2d4d44,needs_review,106,106,20579,21567,988
ELECAM-2025-SW-KOUPE-MANENGOUBA-TOMBEL-0044,44,SW,SUD-OUEST,SW-KOUPE-MANENGOUBA,KOUPE-MANENGOUBA,SW-KOUPE-MANENGOUBA-TOMBEL,TOMBEL,GS MENGE-MESAKA / A,65,GS MENGE-MESAKA,elecam-bv-2025-south-west,9298c4547f5e10cdd50a10ca354504fd87fedef4a07abbfe8e5f1fbe8c2d4d44,needs_review,106,106,20579,21567,988
ELECAM-2025-SW-KOUPE-MANENGOUBA-TOMBEL-0045,45,SW,SUD-OUEST,SW-KOUPE-MANENGOUBA,KOUPE-MANENGOUBA,SW-KOUPE-MANENGOUBA-TOMBEL,TOMBEL,CATH CHURCH MENYOM / A,33,MENYOM,elecam-bv-2025-south-west,9298c4547f5e10cdd50a10ca354504fd87fedef4a07abbfe8e5f1fbe8c2d4d44,needs_review,106,106,20579,21567,988
ELECAM-2025-SW-KOUPE-MANENGOUBA-TOMBEL-0046,46,SW,SUD-OUEST,SW-KOUPE-MANENGOUBA,KOUPE-MANENGOUBA,SW-KOUPE-MANENGOUBA-TOMBEL,TOMBEL,GS MILE 19 / A,278,MILE 19 TOMBEL,elecam-bv-2025-south-west,9298c4547f5e10cdd50a10ca354504fd87fedef4a07abbfe8e5f1fbe8c2d4d44,needs_review,106,106,20579,21567,988
ELECAM-2025-SW-KOUPE-MANENGOUBA-TOMBEL-0047,47,SW,SUD-OUEST,SW-KOUPE-MANENGOUBA,KOUPE-MANENGOUBA,SW-KOUPE-MANENGOUBA-TOMBEL,TOMBEL,COMMUNITY HALL MPAKO / A,181,MPAKO,elecam-bv-2025-south-west,9298c4547f5e10cdd50a10ca354504fd87fedef4a07abbfe8e5f1fbe8c2d4d44,needs_review,106,106,20579,21567,988
ELECAM-2025-SW-KOUPE-MANENGOUBA-TOMBEL-0048,48,SW,SUD-OUEST,SW-KOUPE-MANENGOUBA,KOUPE-MANENGOUBA,SW-KOUPE-MANENGOUBA-TOMBEL,TOMBEL,PRESBYTERIAN CHURCH MUANYAN / A,44,MUANYAN,elecam-bv-2025-south-west,9298c4547f5e10cdd50a10ca354504fd87fedef4a07abbfe8e5f1fbe8c2d4d44,needs_review,106,106,20579,21567,988
ELECAM-2025-SW-KOUPE-MANENGOUBA-TOMBEL-0049,49,SW,SUD-OUEST,SW-KOUPE-MANENGOUBA,KOUPE-MANENGOUBA,SW-KOUPE-MANENGOUBA-TOMBEL,TOMBEL,GTC NDABEKOM / A,121,NDABEKOM,elecam-bv-2025-south-west,9298c4547f5e10cdd50a10ca354504fd87fedef4a07abbfe8e5f1fbe8c2d4d44,needs_review,106,106,20579,21567,988
ELECAM-2025-SW-KOUPE-MANENGOUBA-TOMBEL-0050,50,SW,SUD-OUEST,SW-KOUPE-MANENGOUBA,KOUPE-MANENGOUBA,SW-KOUPE-MANENGOUBA-TOMBEL,TOMBEL,HEALTH CENTRE NDIBENJOCK / A,109,NDIBENJOCK,elecam-bv-2025-south-west,9298c4547f5e10cdd50a10ca354504fd87fedef4a07abbfe8e5f1fbe8c2d4d44,needs_review,106,106,20579,21567,988
ELECAM-2025-SW-KOUPE-MANENGOUBA-TOMBEL-0051,51,SW,SUD-OUEST,SW-KOUPE-MANENGOUBA,KOUPE-MANENGOUBA,SW-KOUPE-MANENGOUBA-TOMBEL,TOMBEL,GOV'T SCHOOL NDOM / A,259,NDOM,elecam-bv-2025-south-west,9298c4547f5e10cdd50a10ca354504fd87fedef4a07abbfe8e5f1fbe8c2d4d44,needs_review,106,106,20579,21567,988
ELECAM-2025-SW-KOUPE-MANENGOUBA-TOMBEL-0052,52,SW,SUD-OUEST,SW-KOUPE-MANENGOUBA,KOUPE-MANENGOUBA,SW-KOUPE-MANENGOUBA-TOMBEL,TOMBEL,GOV'T NURSERY SCHOOL NGOMBOKU / A,251,NGOMBOKU,elecam-bv-2025-south-west,9298c4547f5e10cdd50a10ca354504fd87fedef4a07abbfe8e5f1fbe8c2d4d44,needs_review,106,106,20579,21567,988
ELECAM-2025-SW-KOUPE-MANENGOUBA-TOMBEL-0053,53,SW,SUD-OUEST,SW-KOUPE-MANENGOUBA,KOUPE-MANENGOUBA,SW-KOUPE-MANENGOUBA-TOMBEL,TOMBEL,PS NGOMBOMBENG / A,65,NGOMBOMBENG,elecam-bv-2025-south-west,9298c4547f5e10cdd50a10ca354504fd87fedef4a07abbfe8e5f1fbe8c2d4d44,needs_review,106,106,20579,21567,988
ELECAM-2025-SW-KOUPE-MANENGOUBA-TOMBEL-0054,54,SW,SUD-OUEST,SW-KOUPE-MANENGOUBA,KOUPE-MANENGOUBA,SW-KOUPE-MANENGOUBA-TOMBEL,TOMBEL,GOV'T SCHOOL NGUSI / A,361,NGUSI,elecam-bv-2025-south-west,9298c4547f5e10cdd50a10ca354504fd87fedef4a07abbfe8e5f1fbe8c2d4d44,needs_review,106,106,20579,21567,988
ELECAM-2025-SW-KOUPE-MANENGOUBA-TOMBEL-0055,55,SW,SUD-OUEST,SW-KOUPE-MANENGOUBA,KOUPE-MANENGOUBA,SW-KOUPE-MANENGOUBA-TOMBEL,TOMBEL,GOV'T SCHOOL NGUSI / B,350,NGUSI,elecam-bv-2025-south-west,9298c4547f5e10cdd50a10ca354504fd87fedef4a07abbfe8e5f1fbe8c2d4d44,needs_review,106,106,20579,21567,988
ELECAM-2025-SW-KOUPE-MANENGOUBA-TOMBEL-0056,56,SW,SUD-OUEST,SW-KOUPE-MANENGOUBA,KOUPE-MANENGOUBA,SW-KOUPE-MANENGOUBA-TOMBEL,TOMBEL,GOV'T SCHOOL NGUSI / C,130,NGUSI,elecam-bv-2025-south-west,9298c4547f5e10cdd50a10ca354504fd87fedef4a07abbfe8e5f1fbe8c2d4d44,needs_review,106,106,20579,21567,988
ELECAM-2025-SW-KOUPE-MANENGOUBA-TOMBEL-0057,57,SW,SUD-OUEST,SW-KOUPE-MANENGOUBA,KOUPE-MANENGOUBA,SW-KOUPE-MANENGOUBA-TOMBEL,TOMBEL,GSS NGUSI / A,266,NGUSI,elecam-bv-2025-south-west,9298c4547f5e10cdd50a10ca354504fd87fedef4a07abbfe8e5f1fbe8c2d4d44,needs_review,106,106,20579,21567,988
ELECAM-2025-SW-KOUPE-MANENGOUBA-TOMBEL-0058,58,SW,SUD-OUEST,SW-KOUPE-MANENGOUBA,KOUPE-MANENGOUBA,SW-KOUPE-MANENGOUBA-TOMBEL,TOMBEL,GOV'T SCHOOL NHIANGSE / A,25,NHIANGSE,elecam-bv-2025-south-west,9298c4547f5e10cdd50a10ca354504fd87fedef4a07abbfe8e5f1fbe8c2d4d44,needs_review,106,106,20579,21567,988
ELECAM-2025-SW-KOUPE-MANENGOUBA-TOMBEL-0059,59,SW,SUD-OUEST,SW-KOUPE-MANENGOUBA,KOUPE-MANENGOUBA,SW-KOUPE-MANENGOUBA-TOMBEL,TOMBEL,PRESBYTERIAN CHURCH NLOG / A,204,NLOG,elecam-bv-2025-south-west,9298c4547f5e10cdd50a10ca354504fd87fedef4a07abbfe8e5f1fbe8c2d4d44,needs_review,106,106,20579,21567,988
ELECAM-2025-SW-KOUPE-MANENGOUBA-TOMBEL-0060,60,SW,SUD-OUEST,SW-KOUPE-MANENGOUBA,KOUPE-MANENGOUBA,SW-KOUPE-MANENGOUBA-TOMBEL,TOMBEL,GOV'T SCHOOL NSUKE / A,160,NSUKE,elecam-bv-2025-south-west,9298c4547f5e10cdd50a10ca354504fd87fedef4a07abbfe8e5f1fbe8c2d4d44,needs_review,106,106,20579,21567,988
ELECAM-2025-SW-KOUPE-MANENGOUBA-TOMBEL-0061,61,SW,SUD-OUEST,SW-KOUPE-MANENGOUBA,KOUPE-MANENGOUBA,SW-KOUPE-MANENGOUBA-TOMBEL,TOMBEL,COMMUNITY HALL NYALLE / A,86,NYALLE,elecam-bv-2025-south-west,9298c4547f5e10cdd50a10ca354504fd87fedef4a07abbfe8e5f1fbe8c2d4d44,needs_review,106,106,20579,21567,988
ELECAM-2025-SW-KOUPE-MANENGOUBA-TOMBEL-0062,62,SW,SUD-OUEST,SW-KOUPE-MANENGOUBA,KOUPE-MANENGOUBA,SW-KOUPE-MANENGOUBA-TOMBEL,TOMBEL,COURT HALL NYANDONG / A,215,NYANDONG I,elecam-bv-2025-south-west,9298c4547f5e10cdd50a10ca354504fd87fedef4a07abbfe8e5f1fbe8c2d4d44,needs_review,106,106,20579,21567,988
ELECAM-2025-SW-KOUPE-MANENGOUBA-TOMBEL-0063,63,SW,SUD-OUEST,SW-KOUPE-MANENGOUBA,KOUPE-MANENGOUBA,SW-KOUPE-MANENGOUBA-TOMBEL,TOMBEL,CS NYANDONG / A,5,NYANDONG I,elecam-bv-2025-south-west,9298c4547f5e10cdd50a10ca354504fd87fedef4a07abbfe8e5f1fbe8c2d4d44,needs_review,106,106,20579,21567,988
ELECAM-2025-SW-KOUPE-MANENGOUBA-TOMBEL-0064,64,SW,SUD-OUEST,SW-KOUPE-MANENGOUBA,KOUPE-MANENGOUBA,SW-KOUPE-MANENGOUBA-TOMBEL,TOMBEL,GSS NYANDONG / A,104,NYANDONG,elecam-bv-2025-south-west,9298c4547f5e10cdd50a10ca354504fd87fedef4a07abbfe8e5f1fbe8c2d4d44,needs_review,106,106,20579,21567,988
ELECAM-2025-SW-KOUPE-MANENGOUBA-TOMBEL-0065,65,SW,SUD-OUEST,SW-KOUPE-MANENGOUBA,KOUPE-MANENGOUBA,SW-KOUPE-MANENGOUBA-TOMBEL,TOMBEL,COMMUNITY HALL NYASOSO / A,162,NYASOSO I,elecam-bv-2025-south-west,9298c4547f5e10cdd50a10ca354504fd87fedef4a07abbfe8e5f1fbe8c2d4d44,needs_review,106,106,20579,21567,988
ELECAM-2025-SW-KOUPE-MANENGOUBA-TOMBEL-0066,66,SW,SUD-OUEST,SW-KOUPE-MANENGOUBA,KOUPE-MANENGOUBA,SW-KOUPE-MANENGOUBA-TOMBEL,TOMBEL,GOV'T SCHOOL NYASOSO / A,117,NYASOSO I,elecam-bv-2025-south-west,9298c4547f5e10cdd50a10ca354504fd87fedef4a07abbfe8e5f1fbe8c2d4d44,needs_review,106,106,20579,21567,988
ELECAM-2025-SW-KOUPE-MANENGOUBA-TOMBEL-0067,67,SW,SUD-OUEST,SW-KOUPE-MANENGOUBA,KOUPE-MANENGOUBA,SW-KOUPE-MANENGOUBA-TOMBEL,TOMBEL,WOMEN'S HALL NYASOSO / A,213,NYASOSO II,elecam-bv-2025-south-west,9298c4547f5e10cdd50a10ca354504fd87fedef4a07abbfe8e5f1fbe8c2d4d44,needs_review,106,106,20579,21567,988
ELECAM-2025-SW-KOUPE-MANENGOUBA-TOMBEL-0068,68,SW,SUD-OUEST,SW-KOUPE-MANENGOUBA,KOUPE-MANENGOUBA,SW-KOUPE-MANENGOUBA-TOMBEL,TOMBEL,GOV’T NURSERY SCHOOL NYASOSO / A,3,NYASOSO III,elecam-bv-2025-south-west,9298c4547f5e10cdd50a10ca354504fd87fedef4a07abbfe8e5f1fbe8c2d4d44,needs_review,106,106,20579,21567,988
ELECAM-2025-SW-KOUPE-MANENGOUBA-TOMBEL-0069,69,SW,SUD-OUEST,SW-KOUPE-MANENGOUBA,KOUPE-MANENGOUBA,SW-KOUPE-MANENGOUBA-TOMBEL,TOMBEL,GS PENG / A,249,PENG,elecam-bv-2025-south-west,9298c4547f5e10cdd50a10ca354504fd87fedef4a07abbfe8e5f1fbe8c2d4d44,needs_review,106,106,20579,21567,988
ELECAM-2025-SW-KOUPE-MANENGOUBA-TOMBEL-0070,70,SW,SUD-OUEST,SW-KOUPE-MANENGOUBA,KOUPE-MANENGOUBA,SW-KOUPE-MANENGOUBA-TOMBEL,TOMBEL,COMMUNITY HALL MILE 20 PENG / A,412,PENG MILE,elecam-bv-2025-south-west,9298c4547f5e10cdd50a10ca354504fd87fedef4a07abbfe8e5f1fbe8c2d4d44,needs_review,106,106,20579,21567,988
ELECAM-2025-SW-KOUPE-MANENGOUBA-TOMBEL-0071,71,SW,SUD-OUEST,SW-KOUPE-MANENGOUBA,KOUPE-MANENGOUBA,SW-KOUPE-MANENGOUBA-TOMBEL,TOMBEL,COMMUNITY HALL MILE 20 PENG / B,87,PENG MILE,elecam-bv-2025-south-west,9298c4547f5e10cdd50a10ca354504fd87fedef4a07abbfe8e5f1fbe8c2d4d44,needs_review,106,106,20579,21567,988
ELECAM-2025-SW-KOUPE-MANENGOUBA-TOMBEL-0072,72,SW,SUD-OUEST,SW-KOUPE-MANENGOUBA,KOUPE-MANENGOUBA,SW-KOUPE-MANENGOUBA-TOMBEL,TOMBEL,GBPS / A,245,ELEMENTS 211TH CIM & GENDARMERIE,elecam-bv-2025-south-west,9298c4547f5e10cdd50a10ca354504fd87fedef4a07abbfe8e5f1fbe8c2d4d44,needs_review,106,106,20579,21567,988
ELECAM-2025-SW-KOUPE-MANENGOUBA-TOMBEL-0073,73,SW,SUD-OUEST,SW-KOUPE-MANENGOUBA,KOUPE-MANENGOUBA,SW-KOUPE-MANENGOUBA-TOMBEL,TOMBEL,GBPS / B,150,ELEMENTS 211TH CIM & GENDARMERIE,elecam-bv-2025-south-west,9298c4547f5e10cdd50a10ca354504fd87fedef4a07abbfe8e5f1fbe8c2d4d44,needs_review,106,106,20579,21567,988
ELECAM-2025-SW-KOUPE-MANENGOUBA-TOMBEL-0074,74,SW,SUD-OUEST,SW-KOUPE-MANENGOUBA,KOUPE-MANENGOUBA,SW-KOUPE-MANENGOUBA-TOMBEL,TOMBEL,UCHS TOMBEL / A,342,TOMBEL NGAB II AND EKONEBEL,elecam-bv-2025-south-west,9298c4547f5e10cdd50a10ca354504fd87fedef4a07abbfe8e5f1fbe8c2d4d44,needs_review,106,106,20579,21567,988
ELECAM-2025-SW-KOUPE-MANENGOUBA-TOMBEL-0075,75,SW,SUD-OUEST,SW-KOUPE-MANENGOUBA,KOUPE-MANENGOUBA,SW-KOUPE-MANENGOUBA-TOMBEL,TOMBEL,UCHS TOMBEL / B,318,TOMBEL NGAB II AND EKONEBEL,elecam-bv-2025-south-west,9298c4547f5e10cdd50a10ca354504fd87fedef4a07abbfe8e5f1fbe8c2d4d44,needs_review,106,106,20579,21567,988
ELECAM-2025-SW-KOUPE-MANENGOUBA-TOMBEL-0076,76,SW,SUD-OUEST,SW-KOUPE-MANENGOUBA,KOUPE-MANENGOUBA,SW-KOUPE-MANENGOUBA-TOMBEL,TOMBEL,UCHS TOMBEL / C,238,TOMBEL NGAB II AND EKONEBEL,elecam-bv-2025-south-west,9298c4547f5e10cdd50a10ca354504fd87fedef4a07abbfe8e5f1fbe8c2d4d44,needs_review,106,106,20579,21567,988
ELECAM-2025-SW-KOUPE-MANENGOUBA-TOMBEL-0077,77,SW,SUD-OUEST,SW-KOUPE-MANENGOUBA,KOUPE-MANENGOUBA,SW-KOUPE-MANENGOUBA-TOMBEL,TOMBEL,GOV'T NURSERY SCHOOL TOMBEL / A,309,TOMBEL NGOMENYOH,elecam-bv-2025-south-west,9298c4547f5e10cdd50a10ca354504fd87fedef4a07abbfe8e5f1fbe8c2d4d44,needs_review,106,106,20579,21567,988
ELECAM-2025-SW-KOUPE-MANENGOUBA-TOMBEL-0078,78,SW,SUD-OUEST,SW-KOUPE-MANENGOUBA,KOUPE-MANENGOUBA,SW-KOUPE-MANENGOUBA-TOMBEL,TOMBEL,GOV'T NURSERY SCHOOL TOMBEL / B,153,TOMBEL NGOMENYOH,elecam-bv-2025-south-west,9298c4547f5e10cdd50a10ca354504fd87fedef4a07abbfe8e5f1fbe8c2d4d44,needs_review,106,106,20579,21567,988
ELECAM-2025-SW-KOUPE-MANENGOUBA-TOMBEL-0079,79,SW,SUD-OUEST,SW-KOUPE-MANENGOUBA,KOUPE-MANENGOUBA,SW-KOUPE-MANENGOUBA-TOMBEL,TOMBEL,AGRIC POST TOMBEL / A,379,TOMBEL WARD,elecam-bv-2025-south-west,9298c4547f5e10cdd50a10ca354504fd87fedef4a07abbfe8e5f1fbe8c2d4d44,needs_review,106,106,20579,21567,988
ELECAM-2025-SW-KOUPE-MANENGOUBA-TOMBEL-0080,80,SW,SUD-OUEST,SW-KOUPE-MANENGOUBA,KOUPE-MANENGOUBA,SW-KOUPE-MANENGOUBA-TOMBEL,TOMBEL,AGRIC POST TOMBEL / B,3,TOMBEL WARD,elecam-bv-2025-south-west,9298c4547f5e10cdd50a10ca354504fd87fedef4a07abbfe8e5f1fbe8c2d4d44,needs_review,106,106,20579,21567,988
ELECAM-2025-SW-KOUPE-MANENGOUBA-TOMBEL-0081,81,SW,SUD-OUEST,SW-KOUPE-MANENGOUBA,KOUPE-MANENGOUBA,SW-KOUPE-MANENGOUBA-TOMBEL,TOMBEL,TOKOWAS OFFICE TOMBEL / A,289,TOMBEL WARD,elecam-bv-2025-south-west,9298c4547f5e10cdd50a10ca354504fd87fedef4a07abbfe8e5f1fbe8c2d4d44,needs_review,106,106,20579,21567,988
ELECAM-2025-SW-KOUPE-MANENGOUBA-TOMBEL-0082,82,SW,SUD-OUEST,SW-KOUPE-MANENGOUBA,KOUPE-MANENGOUBA,SW-KOUPE-MANENGOUBA-TOMBEL,TOMBEL,COURT HALL TOMBEL / A,267,TOMBEL WARD,elecam-bv-2025-south-west,9298c4547f5e10cdd50a10ca354504fd87fedef4a07abbfe8e5f1fbe8c2d4d44,needs_review,106,106,20579,21567,988
ELECAM-2025-SW-KOUPE-MANENGOUBA-TOMBEL-0083,83,SW,SUD-OUEST,SW-KOUPE-MANENGOUBA,KOUPE-MANENGOUBA,SW-KOUPE-MANENGOUBA-TOMBEL,TOMBEL,COURT HALL TOMBEL / B,262,TOMBEL WARD,elecam-bv-2025-south-west,9298c4547f5e10cdd50a10ca354504fd87fedef4a07abbfe8e5f1fbe8c2d4d44,needs_review,106,106,20579,21567,988
ELECAM-2025-SW-KOUPE-MANENGOUBA-TOMBEL-0084,84,SW,SUD-OUEST,SW-KOUPE-MANENGOUBA,KOUPE-MANENGOUBA,SW-KOUPE-MANENGOUBA-TOMBEL,TOMBEL,COURT HALL TOMBEL / C,117,TOMBEL WARD,elecam-bv-2025-south-west,9298c4547f5e10cdd50a10ca354504fd87fedef4a07abbfe8e5f1fbe8c2d4d44,needs_review,106,106,20579,21567,988
ELECAM-2025-SW-KOUPE-MANENGOUBA-TOMBEL-0085,85,SW,SUD-OUEST,SW-KOUPE-MANENGOUBA,KOUPE-MANENGOUBA,SW-KOUPE-MANENGOUBA-TOMBEL,TOMBEL,GOV’T SCHOOL TOMBEL I / A,512,TOMBEL WARD,elecam-bv-2025-south-west,9298c4547f5e10cdd50a10ca354504fd87fedef4a07abbfe8e5f1fbe8c2d4d44,needs_review,106,106,20579,21567,988
ELECAM-2025-SW-KOUPE-MANENGOUBA-TOMBEL-0086,86,SW,SUD-OUEST,SW-KOUPE-MANENGOUBA,KOUPE-MANENGOUBA,SW-KOUPE-MANENGOUBA-TOMBEL,TOMBEL,PRESBYTERIAN NURSERY SCHOOL TOMBEL /,137,TOMBEL WARD,elecam-bv-2025-south-west,9298c4547f5e10cdd50a10ca354504fd87fedef4a07abbfe8e5f1fbe8c2d4d44,needs_review,106,106,20579,21567,988
ELECAM-2025-SW-KOUPE-MANENGOUBA-TOMBEL-0087,87,SW,SUD-OUEST,SW-KOUPE-MANENGOUBA,KOUPE-MANENGOUBA,SW-KOUPE-MANENGOUBA-TOMBEL,TOMBEL,GOV'T SCHOOL TOMBEL III / A,379,TOMBEL WARD,elecam-bv-2025-south-west,9298c4547f5e10cdd50a10ca354504fd87fedef4a07abbfe8e5f1fbe8c2d4d44,needs_review,106,106,20579,21567,988
ELECAM-2025-SW-KOUPE-MANENGOUBA-TOMBEL-0088,88,SW,SUD-OUEST,SW-KOUPE-MANENGOUBA,KOUPE-MANENGOUBA,SW-KOUPE-MANENGOUBA-TOMBEL,TOMBEL,GOV'T SCHOOL TOMBEL III / B,363,TOMBEL WARD,elecam-bv-2025-south-west,9298c4547f5e10cdd50a10ca354504fd87fedef4a07abbfe8e5f1fbe8c2d4d44,needs_review,106,106,20579,21567,988
ELECAM-2025-SW-KOUPE-MANENGOUBA-TOMBEL-0089,89,SW,SUD-OUEST,SW-KOUPE-MANENGOUBA,KOUPE-MANENGOUBA,SW-KOUPE-MANENGOUBA-TOMBEL,TOMBEL,GOV'T SCHOOL TOMBEL III / C,193,TOMBEL WARD,elecam-bv-2025-south-west,9298c4547f5e10cdd50a10ca354504fd87fedef4a07abbfe8e5f1fbe8c2d4d44,needs_review,106,106,20579,21567,988
ELECAM-2025-SW-KOUPE-MANENGOUBA-TOMBEL-0090,90,SW,SUD-OUEST,SW-KOUPE-MANENGOUBA,KOUPE-MANENGOUBA,SW-KOUPE-MANENGOUBA-TOMBEL,TOMBEL,DISTRIC HEALTH SERVICE / A,375,TOMBEL WARD,elecam-bv-2025-south-west,9298c4547f5e10cdd50a10ca354504fd87fedef4a07abbfe8e5f1fbe8c2d4d44,needs_review,106,106,20579,21567,988
ELECAM-2025-SW-KOUPE-MANENGOUBA-TOMBEL-0091,91,SW,SUD-OUEST,SW-KOUPE-MANENGOUBA,KOUPE-MANENGOUBA,SW-KOUPE-MANENGOUBA-TOMBEL,TOMBEL,DISTRIC HEALTH SERVICE / B,171,TOMBEL WARD,elecam-bv-2025-south-west,9298c4547f5e10cdd50a10ca354504fd87fedef4a07abbfe8e5f1fbe8c2d4d44,needs_review,106,106,20579,21567,988
ELECAM-2025-SW-KOUPE-MANENGOUBA-TOMBEL-0092,92,SW,SUD-OUEST,SW-KOUPE-MANENGOUBA,KOUPE-MANENGOUBA,SW-KOUPE-MANENGOUBA-TOMBEL,TOMBEL,GOV SCHOOL TOMBEL III / A,353,TOMBEL WARD,elecam-bv-2025-south-west,9298c4547f5e10cdd50a10ca354504fd87fedef4a07abbfe8e5f1fbe8c2d4d44,needs_review,106,106,20579,21567,988
ELECAM-2025-SW-KOUPE-MANENGOUBA-TOMBEL-0093,93,SW,SUD-OUEST,SW-KOUPE-MANENGOUBA,KOUPE-MANENGOUBA,SW-KOUPE-MANENGOUBA-TOMBEL,TOMBEL,GOV SCHOOL TOMBEL III / B,343,TOMBEL WARD,elecam-bv-2025-south-west,9298c4547f5e10cdd50a10ca354504fd87fedef4a07abbfe8e5f1fbe8c2d4d44,needs_review,106,106,20579,21567,988
ELECAM-2025-SW-KOUPE-MANENGOUBA-TOMBEL-0094,94,SW,SUD-OUEST,SW-KOUPE-MANENGOUBA,KOUPE-MANENGOUBA,SW-KOUPE-MANENGOUBA-TOMBEL,TOMBEL,GOV SCHOOL TOMBEL III / C,290,TOMBEL WARD,elecam-bv-2025-south-west,9298c4547f5e10cdd50a10ca354504fd87fedef4a07abbfe8e5f1fbe8c2d4d44,needs_review,106,106,20579,21567,988
ELECAM-2025-SW-KOUPE-MANENGOUBA-TOMBEL-0095,95,SW,SUD-OUEST,SW-KOUPE-MANENGOUBA,KOUPE-MANENGOUBA,SW-KOUPE-MANENGOUBA-TOMBEL,TOMBEL,GS NGAB / A,348,TOMBEL WARD I,elecam-bv-2025-south-west,9298c4547f5e10cdd50a10ca354504fd87fedef4a07abbfe8e5f1fbe8c2d4d44,needs_review,106,106,20579,21567,988
ELECAM-2025-SW-KOUPE-MANENGOUBA-TOMBEL-0096,96,SW,SUD-OUEST,SW-KOUPE-MANENGOUBA,KOUPE-MANENGOUBA,SW-KOUPE-MANENGOUBA-TOMBEL,TOMBEL,CATH SCHOOL TOMBEL / A,253,TOMBEL WARD 1V,elecam-bv-2025-south-west,9298c4547f5e10cdd50a10ca354504fd87fedef4a07abbfe8e5f1fbe8c2d4d44,needs_review,106,106,20579,21567,988
ELECAM-2025-SW-KOUPE-MANENGOUBA-TOMBEL-0097,97,SW,SUD-OUEST,SW-KOUPE-MANENGOUBA,KOUPE-MANENGOUBA,SW-KOUPE-MANENGOUBA-TOMBEL,TOMBEL,CATH SCHOOL TOMBEL / B,250,TOMBEL WARD 1V,elecam-bv-2025-south-west,9298c4547f5e10cdd50a10ca354504fd87fedef4a07abbfe8e5f1fbe8c2d4d44,needs_review,106,106,20579,21567,988
ELECAM-2025-SW-KOUPE-MANENGOUBA-TOMBEL-0098,98,SW,SUD-OUEST,SW-KOUPE-MANENGOUBA,KOUPE-MANENGOUBA,SW-KOUPE-MANENGOUBA-TOMBEL,TOMBEL,CATH SCHOOL TOMBEL / C,169,TOMBEL WARD 1V,elecam-bv-2025-south-west,9298c4547f5e10cdd50a10ca354504fd87fedef4a07abbfe8e5f1fbe8c2d4d44,needs_review,106,106,20579,21567,988
ELECAM-2025-SW-KOUPE-MANENGOUBA-TOMBEL-0099,99,SW,SUD-OUEST,SW-KOUPE-MANENGOUBA,KOUPE-MANENGOUBA,SW-KOUPE-MANENGOUBA-TOMBEL,TOMBEL,GOV'T SCHOOL TOMBEL II / A,96,TOMBEL WARD,elecam-bv-2025-south-west,9298c4547f5e10cdd50a10ca354504fd87fedef4a07abbfe8e5f1fbe8c2d4d44,needs_review,106,106,20579,21567,988
ELECAM-2025-SW-KOUPE-MANENGOUBA-TOMBEL-0100,100,SW,SUD-OUEST,SW-KOUPE-MANENGOUBA,KOUPE-MANENGOUBA,SW-KOUPE-MANENGOUBA-TOMBEL,TOMBEL,PRESBYTERIAN CHURCH TOMBEL / A,261,TOMBEL WARD VI,elecam-bv-2025-south-west,9298c4547f5e10cdd50a10ca354504fd87fedef4a07abbfe8e5f1fbe8c2d4d44,needs_review,106,106,20579,21567,988
ELECAM-2025-SW-KOUPE-MANENGOUBA-TOMBEL-0101,101,SW,SUD-OUEST,SW-KOUPE-MANENGOUBA,KOUPE-MANENGOUBA,SW-KOUPE-MANENGOUBA-TOMBEL,TOMBEL,PRESBYTERIAN CHURCH EBUL-PENG / A,101,EBUL-PENG,elecam-bv-2025-south-west,9298c4547f5e10cdd50a10ca354504fd87fedef4a07abbfe8e5f1fbe8c2d4d44,needs_review,106,106,20579,21567,988
ELECAM-2025-SW-KOUPE-MANENGOUBA-TOMBEL-0102,102,SW,SUD-OUEST,SW-KOUPE-MANENGOUBA,KOUPE-MANENGOUBA,SW-KOUPE-MANENGOUBA-TOMBEL,TOMBEL,COMM. SCHOOL BANGONE / A,48,BANGONE,elecam-bv-2025-south-west,9298c4547f5e10cdd50a10ca354504fd87fedef4a07abbfe8e5f1fbe8c2d4d44,needs_review,106,106,20579,21567,988
ELECAM-2025-SW-KOUPE-MANENGOUBA-TOMBEL-0103,103,SW,SUD-OUEST,SW-KOUPE-MANENGOUBA,KOUPE-MANENGOUBA,SW-KOUPE-MANENGOUBA-TOMBEL,TOMBEL,NONI HALL BAMBELE EBONDIAD / A,97,BAMBELE EBONDIAD,elecam-bv-2025-south-west,9298c4547f5e10cdd50a10ca354504fd87fedef4a07abbfe8e5f1fbe8c2d4d44,needs_review,106,106,20579,21567,988
ELECAM-2025-SW-KOUPE-MANENGOUBA-TOMBEL-0104,104,SW,SUD-OUEST,SW-KOUPE-MANENGOUBA,KOUPE-MANENGOUBA,SW-KOUPE-MANENGOUBA-TOMBEL,TOMBEL,COMM. HALL BELLE / A,51,BELLE,elecam-bv-2025-south-west,9298c4547f5e10cdd50a10ca354504fd87fedef4a07abbfe8e5f1fbe8c2d4d44,needs_review,106,106,20579,21567,988
ELECAM-2025-SW-KOUPE-MANENGOUBA-TOMBEL-0105,105,SW,SUD-OUEST,SW-KOUPE-MANENGOUBA,KOUPE-MANENGOUBA,SW-KOUPE-MANENGOUBA-TOMBEL,TOMBEL,GHS NYASOSO / A,148,NYASOSO III,elecam-bv-2025-south-west,9298c4547f5e10cdd50a10ca354504fd87fedef4a07abbfe8e5f1fbe8c2d4d44,needs_review,106,106,20579,21567,988
ELECAM-2025-SW-KOUPE-MANENGOUBA-TOMBEL-0106,106,SW,SUD-OUEST,SW-KOUPE-MANENGOUBA,KOUPE-MANENGOUBA,SW-KOUPE-MANENGOUBA-TOMBEL,TOMBEL,CATHOLIC SCHOOL WATER FALL / A,328,BUBA WATERFALL,elecam-bv-2025-south-west,9298c4547f5e10cdd50a10ca354504fd87fedef4a07abbfe8e5f1fbe8c2d4d44,needs_review,106,106,20579,21567,988
ELECAM-2025-SW-NDIAN-EKONDO-TITI-0001,1,SW,SUD-OUEST,SW-NDIAN,NDIAN,SW-NDIAN-EKONDO-TITI,EKONDO-TITI,BAFAKA COM. HALL / A,276,BAFAKA BALUE,elecam-bv-2025-south-west,9298c4547f5e10cdd50a10ca354504fd87fedef4a07abbfe8e5f1fbe8c2d4d44,needs_review,71,71,12367,13767,1400
ELECAM-2025-SW-NDIAN-EKONDO-TITI-0002,2,SW,SUD-OUEST,SW-NDIAN,NDIAN,SW-NDIAN-EKONDO-TITI,EKONDO-TITI,BAFAKA HEALTH CENTRE / A,180,BAFAKA BALUE,elecam-bv-2025-south-west,9298c4547f5e10cdd50a10ca354504fd87fedef4a07abbfe8e5f1fbe8c2d4d44,needs_review,71,71,12367,13767,1400
ELECAM-2025-SW-NDIAN-EKONDO-TITI-0003,3,SW,SUD-OUEST,SW-NDIAN,NDIAN,SW-NDIAN-EKONDO-TITI,EKONDO-TITI,GSS BAFAKA BALUE / A,139,BAFAKA BALUE,elecam-bv-2025-south-west,9298c4547f5e10cdd50a10ca354504fd87fedef4a07abbfe8e5f1fbe8c2d4d44,needs_review,71,71,12367,13767,1400
ELECAM-2025-SW-NDIAN-EKONDO-TITI-0004,4,SW,SUD-OUEST,SW-NDIAN,NDIAN,SW-NDIAN-EKONDO-TITI,EKONDO-TITI,GS BEKATAKO BALUE / A,128,BEKATAKO BALUE,elecam-bv-2025-south-west,9298c4547f5e10cdd50a10ca354504fd87fedef4a07abbfe8e5f1fbe8c2d4d44,needs_review,71,71,12367,13767,1400
ELECAM-2025-SW-NDIAN-EKONDO-TITI-0005,5,SW,SUD-OUEST,SW-NDIAN,NDIAN,SW-NDIAN-EKONDO-TITI,EKONDO-TITI,GHS BEKORA BAROMBI / A,305,BEKORA BAROMBI,elecam-bv-2025-south-west,9298c4547f5e10cdd50a10ca354504fd87fedef4a07abbfe8e5f1fbe8c2d4d44,needs_review,71,71,12367,13767,1400
ELECAM-2025-SW-NDIAN-EKONDO-TITI-0006,6,SW,SUD-OUEST,SW-NDIAN,NDIAN,SW-NDIAN-EKONDO-TITI,EKONDO-TITI,GHS BEKORA BAROMBI / B,279,BEKORA BAROMBI,elecam-bv-2025-south-west,9298c4547f5e10cdd50a10ca354504fd87fedef4a07abbfe8e5f1fbe8c2d4d44,needs_review,71,71,12367,13767,1400
ELECAM-2025-SW-NDIAN-EKONDO-TITI-0007,7,SW,SUD-OUEST,SW-NDIAN,NDIAN,SW-NDIAN-EKONDO-TITI,EKONDO-TITI,GS BEKORA BAROMBI / A,367,BEKORA BAROMBI,elecam-bv-2025-south-west,9298c4547f5e10cdd50a10ca354504fd87fedef4a07abbfe8e5f1fbe8c2d4d44,needs_review,71,71,12367,13767,1400
ELECAM-2025-SW-NDIAN-EKONDO-TITI-0008,8,SW,SUD-OUEST,SW-NDIAN,NDIAN,SW-NDIAN-EKONDO-TITI,EKONDO-TITI,GS BEKORA BAROMBI / B,54,BEKORA BAROMBI,elecam-bv-2025-south-west,9298c4547f5e10cdd50a10ca354504fd87fedef4a07abbfe8e5f1fbe8c2d4d44,needs_review,71,71,12367,13767,1400
ELECAM-2025-SW-NDIAN-EKONDO-TITI-0009,9,SW,SUD-OUEST,SW-NDIAN,NDIAN,SW-NDIAN-EKONDO-TITI,EKONDO-TITI,MTB NURS & PRI SCH BEKORA / A,227,BEKORA BAROMBI,elecam-bv-2025-south-west,9298c4547f5e10cdd50a10ca354504fd87fedef4a07abbfe8e5f1fbe8c2d4d44,needs_review,71,71,12367,13767,1400
ELECAM-2025-SW-NDIAN-EKONDO-TITI-0010,10,SW,SUD-OUEST,SW-NDIAN,NDIAN,SW-NDIAN-EKONDO-TITI,EKONDO-TITI,MTB NURS & PRI SCH BEKORA / B,224,BEKORA BAROMBI,elecam-bv-2025-south-west,9298c4547f5e10cdd50a10ca354504fd87fedef4a07abbfe8e5f1fbe8c2d4d44,needs_review,71,71,12367,13767,1400
ELECAM-2025-SW-NDIAN-EKONDO-TITI-0011,11,SW,SUD-OUEST,SW-NDIAN,NDIAN,SW-NDIAN-EKONDO-TITI,EKONDO-TITI,BERENGE COM. HALL / A,53,BERENGE BALUE,elecam-bv-2025-south-west,9298c4547f5e10cdd50a10ca354504fd87fedef4a07abbfe8e5f1fbe8c2d4d44,needs_review,71,71,12367,13767,1400
ELECAM-2025-SW-NDIAN-EKONDO-TITI-0012,12,SW,SUD-OUEST,SW-NDIAN,NDIAN,SW-NDIAN-EKONDO-TITI,EKONDO-TITI,BISORO HEALTH CENTRE / A,107,BISORO BALUE,elecam-bv-2025-south-west,9298c4547f5e10cdd50a10ca354504fd87fedef4a07abbfe8e5f1fbe8c2d4d44,needs_review,71,71,12367,13767,1400
ELECAM-2025-SW-NDIAN-EKONDO-TITI-0013,13,SW,SUD-OUEST,SW-NDIAN,NDIAN,SW-NDIAN-EKONDO-TITI,EKONDO-TITI,GSS BISORO BALUE / A,102,BISORO BALUE,elecam-bv-2025-south-west,9298c4547f5e10cdd50a10ca354504fd87fedef4a07abbfe8e5f1fbe8c2d4d44,needs_review,71,71,12367,13767,1400
ELECAM-2025-SW-NDIAN-EKONDO-TITI-0014,14,SW,SUD-OUEST,SW-NDIAN,NDIAN,SW-NDIAN-EKONDO-TITI,EKONDO-TITI,BONGONGO I COM. HALL / A,349,BONGONGO I BAROMBI,elecam-bv-2025-south-west,9298c4547f5e10cdd50a10ca354504fd87fedef4a07abbfe8e5f1fbe8c2d4d44,needs_review,71,71,12367,13767,1400
ELECAM-2025-SW-NDIAN-EKONDO-TITI-0015,15,SW,SUD-OUEST,SW-NDIAN,NDIAN,SW-NDIAN-EKONDO-TITI,EKONDO-TITI,BONGONGO I COM. HALL / B,206,BONGONGO I BAROMBI,elecam-bv-2025-south-west,9298c4547f5e10cdd50a10ca354504fd87fedef4a07abbfe8e5f1fbe8c2d4d44,needs_review,71,71,12367,13767,1400
ELECAM-2025-SW-NDIAN-EKONDO-TITI-0016,16,SW,SUD-OUEST,SW-NDIAN,NDIAN,SW-NDIAN-EKONDO-TITI,EKONDO-TITI,BONGONGO I HEALTH CENTRE / A,197,BONGONGO I BAROMBI,elecam-bv-2025-south-west,9298c4547f5e10cdd50a10ca354504fd87fedef4a07abbfe8e5f1fbe8c2d4d44,needs_review,71,71,12367,13767,1400
ELECAM-2025-SW-NDIAN-EKONDO-TITI-0017,17,SW,SUD-OUEST,SW-NDIAN,NDIAN,SW-NDIAN-EKONDO-TITI,EKONDO-TITI,GS BONGONGO II BAROMBI / A,81,BONGONGO II BAROMBI,elecam-bv-2025-south-west,9298c4547f5e10cdd50a10ca354504fd87fedef4a07abbfe8e5f1fbe8c2d4d44,needs_review,71,71,12367,13767,1400
ELECAM-2025-SW-NDIAN-EKONDO-TITI-0018,18,SW,SUD-OUEST,SW-NDIAN,NDIAN,SW-NDIAN-EKONDO-TITI,EKONDO-TITI,BEYANGA CDC OFFICE / A,21,CDC BEYANGA,elecam-bv-2025-south-west,9298c4547f5e10cdd50a10ca354504fd87fedef4a07abbfe8e5f1fbe8c2d4d44,needs_review,71,71,12367,13767,1400
ELECAM-2025-SW-NDIAN-EKONDO-TITI-0019,19,SW,SUD-OUEST,SW-NDIAN,NDIAN,SW-NDIAN-EKONDO-TITI,EKONDO-TITI,GS DIBONDA BALONDO / A,47,DIBONDA BALONDO,elecam-bv-2025-south-west,9298c4547f5e10cdd50a10ca354504fd87fedef4a07abbfe8e5f1fbe8c2d4d44,needs_review,71,71,12367,13767,1400
ELECAM-2025-SW-NDIAN-EKONDO-TITI-0020,20,SW,SUD-OUEST,SW-NDIAN,NDIAN,SW-NDIAN-EKONDO-TITI,EKONDO-TITI,GS DORA BAROMBI / A,86,DORA BAROMBI,elecam-bv-2025-south-west,9298c4547f5e10cdd50a10ca354504fd87fedef4a07abbfe8e5f1fbe8c2d4d44,needs_review,71,71,12367,13767,1400
ELECAM-2025-SW-NDIAN-EKONDO-TITI-0021,21,SW,SUD-OUEST,SW-NDIAN,NDIAN,SW-NDIAN-EKONDO-TITI,EKONDO-TITI,PAMOL EKONDO NENE OFFICE / A,67,PAMOL EKONDO NENE,elecam-bv-2025-south-west,9298c4547f5e10cdd50a10ca354504fd87fedef4a07abbfe8e5f1fbe8c2d4d44,needs_review,71,71,12367,13767,1400
ELECAM-2025-SW-NDIAN-EKONDO-TITI-0022,22,SW,SUD-OUEST,SW-NDIAN,NDIAN,SW-NDIAN-EKONDO-TITI,EKONDO-TITI,GS EKONDO NENE / A,55,EKONDO NENE BALONDO,elecam-bv-2025-south-west,9298c4547f5e10cdd50a10ca354504fd87fedef4a07abbfe8e5f1fbe8c2d4d44,needs_review,71,71,12367,13767,1400
ELECAM-2025-SW-NDIAN-EKONDO-TITI-0023,23,SW,SUD-OUEST,SW-NDIAN,NDIAN,SW-NDIAN-EKONDO-TITI,EKONDO-TITI,TAXATION OFFICE / A,215,EKONDO TITI MARINE BATTALION,elecam-bv-2025-south-west,9298c4547f5e10cdd50a10ca354504fd87fedef4a07abbfe8e5f1fbe8c2d4d44,needs_review,71,71,12367,13767,1400
ELECAM-2025-SW-NDIAN-EKONDO-TITI-0024,24,SW,SUD-OUEST,SW-NDIAN,NDIAN,SW-NDIAN-EKONDO-TITI,EKONDO-TITI,TAXATION OFFICE / B,158,EKONDO TITI MARINE BATTALION,elecam-bv-2025-south-west,9298c4547f5e10cdd50a10ca354504fd87fedef4a07abbfe8e5f1fbe8c2d4d44,needs_review,71,71,12367,13767,1400
ELECAM-2025-SW-NDIAN-EKONDO-TITI-0025,25,SW,SUD-OUEST,SW-NDIAN,NDIAN,SW-NDIAN-EKONDO-TITI,EKONDO-TITI,CS EKONDO TITI / A,396,EKONDO TITI WARD,elecam-bv-2025-south-west,9298c4547f5e10cdd50a10ca354504fd87fedef4a07abbfe8e5f1fbe8c2d4d44,needs_review,71,71,12367,13767,1400
ELECAM-2025-SW-NDIAN-EKONDO-TITI-0026,26,SW,SUD-OUEST,SW-NDIAN,NDIAN,SW-NDIAN-EKONDO-TITI,EKONDO-TITI,CS EKONDO TITI / B,160,EKONDO TITI WARD,elecam-bv-2025-south-west,9298c4547f5e10cdd50a10ca354504fd87fedef4a07abbfe8e5f1fbe8c2d4d44,needs_review,71,71,12367,13767,1400
ELECAM-2025-SW-NDIAN-EKONDO-TITI-0027,27,SW,SUD-OUEST,SW-NDIAN,NDIAN,SW-NDIAN-EKONDO-TITI,EKONDO-TITI,COUNCIL CHAMBERS / A,348,EKONDO TITI WARD,elecam-bv-2025-south-west,9298c4547f5e10cdd50a10ca354504fd87fedef4a07abbfe8e5f1fbe8c2d4d44,needs_review,71,71,12367,13767,1400
ELECAM-2025-SW-NDIAN-EKONDO-TITI-0028,28,SW,SUD-OUEST,SW-NDIAN,NDIAN,SW-NDIAN-EKONDO-TITI,EKONDO-TITI,MOTOR PARK / A,272,EKONDO TITI WARD,elecam-bv-2025-south-west,9298c4547f5e10cdd50a10ca354504fd87fedef4a07abbfe8e5f1fbe8c2d4d44,needs_review,71,71,12367,13767,1400
ELECAM-2025-SW-NDIAN-EKONDO-TITI-0029,29,SW,SUD-OUEST,SW-NDIAN,NDIAN,SW-NDIAN-EKONDO-TITI,EKONDO-TITI,WOMEN’S AND FAMILY OFFICE / A,448,EKONDO TITI WARD,elecam-bv-2025-south-west,9298c4547f5e10cdd50a10ca354504fd87fedef4a07abbfe8e5f1fbe8c2d4d44,needs_review,71,71,12367,13767,1400
ELECAM-2025-SW-NDIAN-EKONDO-TITI-0030,30,SW,SUD-OUEST,SW-NDIAN,NDIAN,SW-NDIAN-EKONDO-TITI,EKONDO-TITI,MARITIME AFFAIRS OFFICE / A,512,EKONDO TITI WARD,elecam-bv-2025-south-west,9298c4547f5e10cdd50a10ca354504fd87fedef4a07abbfe8e5f1fbe8c2d4d44,needs_review,71,71,12367,13767,1400
ELECAM-2025-SW-NDIAN-EKONDO-TITI-0031,31,SW,SUD-OUEST,SW-NDIAN,NDIAN,SW-NDIAN-EKONDO-TITI,EKONDO-TITI,TAXATION OFFICE / A,290,EKONDO TITI WARD,elecam-bv-2025-south-west,9298c4547f5e10cdd50a10ca354504fd87fedef4a07abbfe8e5f1fbe8c2d4d44,needs_review,71,71,12367,13767,1400
ELECAM-2025-SW-NDIAN-EKONDO-TITI-0032,32,SW,SUD-OUEST,SW-NDIAN,NDIAN,SW-NDIAN-EKONDO-TITI,EKONDO-TITI,TAXATION OFFICE / B,300,EKONDO TITI WARD,elecam-bv-2025-south-west,9298c4547f5e10cdd50a10ca354504fd87fedef4a07abbfe8e5f1fbe8c2d4d44,needs_review,71,71,12367,13767,1400
ELECAM-2025-SW-NDIAN-EKONDO-TITI-0033,33,SW,SUD-OUEST,SW-NDIAN,NDIAN,SW-NDIAN-EKONDO-TITI,EKONDO-TITI,SAR/SM / A,267,EKONDO TITI WARD,elecam-bv-2025-south-west,9298c4547f5e10cdd50a10ca354504fd87fedef4a07abbfe8e5f1fbe8c2d4d44,needs_review,71,71,12367,13767,1400
ELECAM-2025-SW-NDIAN-EKONDO-TITI-0034,34,SW,SUD-OUEST,SW-NDIAN,NDIAN,SW-NDIAN-EKONDO-TITI,EKONDO-TITI,GS EKONDO TITI BEACH / A,30,BLACK BUSH AND FISHING PORTS,elecam-bv-2025-south-west,9298c4547f5e10cdd50a10ca354504fd87fedef4a07abbfe8e5f1fbe8c2d4d44,needs_review,71,71,12367,13767,1400
ELECAM-2025-SW-NDIAN-EKONDO-TITI-0035,35,SW,SUD-OUEST,SW-NDIAN,NDIAN,SW-NDIAN-EKONDO-TITI,EKONDO-TITI,SOCIAL AFFAIRS OFFICE / A,36,EKONDO TITI WARD,elecam-bv-2025-south-west,9298c4547f5e10cdd50a10ca354504fd87fedef4a07abbfe8e5f1fbe8c2d4d44,needs_review,71,71,12367,13767,1400
ELECAM-2025-SW-NDIAN-EKONDO-TITI-0036,36,SW,SUD-OUEST,SW-NDIAN,NDIAN,SW-NDIAN-EKONDO-TITI,EKONDO-TITI,GBHS EKONDO TITI / A,333,EKONDO TITI WARD,elecam-bv-2025-south-west,9298c4547f5e10cdd50a10ca354504fd87fedef4a07abbfe8e5f1fbe8c2d4d44,needs_review,71,71,12367,13767,1400
ELECAM-2025-SW-NDIAN-EKONDO-TITI-0037,37,SW,SUD-OUEST,SW-NDIAN,NDIAN,SW-NDIAN-EKONDO-TITI,EKONDO-TITI,GBHS EKONDO TITI / B,327,EKONDO TITI WARD,elecam-bv-2025-south-west,9298c4547f5e10cdd50a10ca354504fd87fedef4a07abbfe8e5f1fbe8c2d4d44,needs_review,71,71,12367,13767,1400
ELECAM-2025-SW-NDIAN-EKONDO-TITI-0038,38,SW,SUD-OUEST,SW-NDIAN,NDIAN,SW-NDIAN-EKONDO-TITI,EKONDO-TITI,EKWE COM. HALL / A,145,EKWE BALUE,elecam-bv-2025-south-west,9298c4547f5e10cdd50a10ca354504fd87fedef4a07abbfe8e5f1fbe8c2d4d44,needs_review,71,71,12367,13767,1400
ELECAM-2025-SW-NDIAN-EKONDO-TITI-0039,39,SW,SUD-OUEST,SW-NDIAN,NDIAN,SW-NDIAN-EKONDO-TITI,EKONDO-TITI,GS EKWE BALUE / A,128,EKWE BALUE,elecam-bv-2025-south-west,9298c4547f5e10cdd50a10ca354504fd87fedef4a07abbfe8e5f1fbe8c2d4d44,needs_review,71,71,12367,13767,1400
ELECAM-2025-SW-NDIAN-EKONDO-TITI-0040,40,SW,SUD-OUEST,SW-NDIAN,NDIAN,SW-NDIAN-EKONDO-TITI,EKONDO-TITI,GS FUNGE BALONDO / A,103,EKWE BALUE,elecam-bv-2025-south-west,9298c4547f5e10cdd50a10ca354504fd87fedef4a07abbfe8e5f1fbe8c2d4d44,needs_review,71,71,12367,13767,1400
ELECAM-2025-SW-NDIAN-EKONDO-TITI-0041,41,SW,SUD-OUEST,SW-NDIAN,NDIAN,SW-NDIAN-EKONDO-TITI,EKONDO-TITI,GS ILIBANYANGA BALUE / A,96,ILIBANYANGE BALUE,elecam-bv-2025-south-west,9298c4547f5e10cdd50a10ca354504fd87fedef4a07abbfe8e5f1fbe8c2d4d44,needs_review,71,71,12367,13767,1400
ELECAM-2025-SW-NDIAN-EKONDO-TITI-0042,42,SW,SUD-OUEST,SW-NDIAN,NDIAN,SW-NDIAN-EKONDO-TITI,EKONDO-TITI,GS ILLOR BALONDO / A,125,ILLOR BALONDO,elecam-bv-2025-south-west,9298c4547f5e10cdd50a10ca354504fd87fedef4a07abbfe8e5f1fbe8c2d4d44,needs_review,71,71,12367,13767,1400
ELECAM-2025-SW-NDIAN-EKONDO-TITI-0043,43,SW,SUD-OUEST,SW-NDIAN,NDIAN,SW-NDIAN-EKONDO-TITI,EKONDO-TITI,GSS KITTA BALUE / A,202,KITTA BALUE,elecam-bv-2025-south-west,9298c4547f5e10cdd50a10ca354504fd87fedef4a07abbfe8e5f1fbe8c2d4d44,needs_review,71,71,12367,13767,1400
ELECAM-2025-SW-NDIAN-EKONDO-TITI-0044,44,SW,SUD-OUEST,SW-NDIAN,NDIAN,SW-NDIAN-EKONDO-TITI,EKONDO-TITI,GS KOTTO BALUE / A,94,KOTTO BALUE,elecam-bv-2025-south-west,9298c4547f5e10cdd50a10ca354504fd87fedef4a07abbfe8e5f1fbe8c2d4d44,needs_review,71,71,12367,13767,1400
ELECAM-2025-SW-NDIAN-EKONDO-TITI-0045,45,SW,SUD-OUEST,SW-NDIAN,NDIAN,SW-NDIAN-EKONDO-TITI,EKONDO-TITI,GS KUMBE BALONDO / A,100,KUMBE BALONDO,elecam-bv-2025-south-west,9298c4547f5e10cdd50a10ca354504fd87fedef4a07abbfe8e5f1fbe8c2d4d44,needs_review,71,71,12367,13767,1400
ELECAM-2025-SW-NDIAN-EKONDO-TITI-0046,46,SW,SUD-OUEST,SW-NDIAN,NDIAN,SW-NDIAN-EKONDO-TITI,EKONDO-TITI,GSS KUMBE BALUE / A,197,KUMBE BALUE,elecam-bv-2025-south-west,9298c4547f5e10cdd50a10ca354504fd87fedef4a07abbfe8e5f1fbe8c2d4d44,needs_review,71,71,12367,13767,1400
ELECAM-2025-SW-NDIAN-EKONDO-TITI-0047,47,SW,SUD-OUEST,SW-NDIAN,NDIAN,SW-NDIAN-EKONDO-TITI,EKONDO-TITI,KUMBE BALUE HEALTH CENTRE / A,138,KUMBE BALUE,elecam-bv-2025-south-west,9298c4547f5e10cdd50a10ca354504fd87fedef4a07abbfe8e5f1fbe8c2d4d44,needs_review,71,71,12367,13767,1400
ELECAM-2025-SW-NDIAN-EKONDO-TITI-0048,48,SW,SUD-OUEST,SW-NDIAN,NDIAN,SW-NDIAN-EKONDO-TITI,EKONDO-TITI,GS LIPENJA BAROMBI / A,144,LIPENJA/NWENGI BAROMBI,elecam-bv-2025-south-west,9298c4547f5e10cdd50a10ca354504fd87fedef4a07abbfe8e5f1fbe8c2d4d44,needs_review,71,71,12367,13767,1400
ELECAM-2025-SW-NDIAN-EKONDO-TITI-0049,49,SW,SUD-OUEST,SW-NDIAN,NDIAN,SW-NDIAN-EKONDO-TITI,EKONDO-TITI,LOBE BALONDO COM. HALL / A,342,LOBE BALONDO,elecam-bv-2025-south-west,9298c4547f5e10cdd50a10ca354504fd87fedef4a07abbfe8e5f1fbe8c2d4d44,needs_review,71,71,12367,13767,1400
ELECAM-2025-SW-NDIAN-EKONDO-TITI-0050,50,SW,SUD-OUEST,SW-NDIAN,NDIAN,SW-NDIAN-EKONDO-TITI,EKONDO-TITI,LOBE BALONDO COM. HALL / B,143,LOBE BALONDO,elecam-bv-2025-south-west,9298c4547f5e10cdd50a10ca354504fd87fedef4a07abbfe8e5f1fbe8c2d4d44,needs_review,71,71,12367,13767,1400
ELECAM-2025-SW-NDIAN-EKONDO-TITI-0051,51,SW,SUD-OUEST,SW-NDIAN,NDIAN,SW-NDIAN-EKONDO-TITI,EKONDO-TITI,GS LOBE ESTATE GROUP III / A,304,"LOBE ESTATE CAMPS 1, 2, 3,",elecam-bv-2025-south-west,9298c4547f5e10cdd50a10ca354504fd87fedef4a07abbfe8e5f1fbe8c2d4d44,needs_review,71,71,12367,13767,1400
ELECAM-2025-SW-NDIAN-EKONDO-TITI-0052,52,SW,SUD-OUEST,SW-NDIAN,NDIAN,SW-NDIAN-EKONDO-TITI,EKONDO-TITI,GS LOBE ESTATE GROUP III / B,243,"LOBE ESTATE CAMPS 1, 2, 3,",elecam-bv-2025-south-west,9298c4547f5e10cdd50a10ca354504fd87fedef4a07abbfe8e5f1fbe8c2d4d44,needs_review,71,71,12367,13767,1400
ELECAM-2025-SW-NDIAN-EKONDO-TITI-0053,53,SW,SUD-OUEST,SW-NDIAN,NDIAN,SW-NDIAN-EKONDO-TITI,EKONDO-TITI,KOKUNDU CLUB / A,164,LOBE ESTATE CAMPS 5 AND,elecam-bv-2025-south-west,9298c4547f5e10cdd50a10ca354504fd87fedef4a07abbfe8e5f1fbe8c2d4d44,needs_review,71,71,12367,13767,1400
ELECAM-2025-SW-NDIAN-EKONDO-TITI-0054,54,SW,SUD-OUEST,SW-NDIAN,NDIAN,SW-NDIAN-EKONDO-TITI,EKONDO-TITI,RESEARCH OFFICE LOBE / A,132,LOBE CAMP 7 & JUNGLE VILLAGE,elecam-bv-2025-south-west,9298c4547f5e10cdd50a10ca354504fd87fedef4a07abbfe8e5f1fbe8c2d4d44,needs_review,71,71,12367,13767,1400
ELECAM-2025-SW-NDIAN-EKONDO-TITI-0055,55,SW,SUD-OUEST,SW-NDIAN,NDIAN,SW-NDIAN-EKONDO-TITI,EKONDO-TITI,LOBE MEDICAL OFFICE / A,86,LOBE ESTATE CAMPS 8 AND,elecam-bv-2025-south-west,9298c4547f5e10cdd50a10ca354504fd87fedef4a07abbfe8e5f1fbe8c2d4d44,needs_review,71,71,12367,13767,1400
ELECAM-2025-SW-NDIAN-EKONDO-TITI-0056,56,SW,SUD-OUEST,SW-NDIAN,NDIAN,SW-NDIAN-EKONDO-TITI,EKONDO-TITI,MANAGEMENT CLUB LOBE / A,68,MGT-SUP STAFF QTRS LOBE,elecam-bv-2025-south-west,9298c4547f5e10cdd50a10ca354504fd87fedef4a07abbfe8e5f1fbe8c2d4d44,needs_review,71,71,12367,13767,1400
ELECAM-2025-SW-NDIAN-EKONDO-TITI-0057,57,SW,SUD-OUEST,SW-NDIAN,NDIAN,SW-NDIAN-EKONDO-TITI,EKONDO-TITI,GS LOE BALONDO / A,89,LOE BALONDO,elecam-bv-2025-south-west,9298c4547f5e10cdd50a10ca354504fd87fedef4a07abbfe8e5f1fbe8c2d4d44,needs_review,71,71,12367,13767,1400
ELECAM-2025-SW-NDIAN-EKONDO-TITI-0058,58,SW,SUD-OUEST,SW-NDIAN,NDIAN,SW-NDIAN-EKONDO-TITI,EKONDO-TITI,GS MASORE BALUE / A,130,MASORE BALUE,elecam-bv-2025-south-west,9298c4547f5e10cdd50a10ca354504fd87fedef4a07abbfe8e5f1fbe8c2d4d44,needs_review,71,71,12367,13767,1400
ELECAM-2025-SW-NDIAN-EKONDO-TITI-0059,59,SW,SUD-OUEST,SW-NDIAN,NDIAN,SW-NDIAN-EKONDO-TITI,EKONDO-TITI,GS MOKONO BAROMBI / A,139,MOKONO BAROMBI,elecam-bv-2025-south-west,9298c4547f5e10cdd50a10ca354504fd87fedef4a07abbfe8e5f1fbe8c2d4d44,needs_review,71,71,12367,13767,1400
ELECAM-2025-SW-NDIAN-EKONDO-TITI-0060,60,SW,SUD-OUEST,SW-NDIAN,NDIAN,SW-NDIAN-EKONDO-TITI,EKONDO-TITI,GS MONYANGE BALUE / A,24,MONYANGE BALUE,elecam-bv-2025-south-west,9298c4547f5e10cdd50a10ca354504fd87fedef4a07abbfe8e5f1fbe8c2d4d44,needs_review,71,71,12367,13767,1400
ELECAM-2025-SW-NDIAN-EKONDO-TITI-0061,61,SW,SUD-OUEST,SW-NDIAN,NDIAN,SW-NDIAN-EKONDO-TITI,EKONDO-TITI,GS NALENDE BALUE / A,93,NALENDE BALUE,elecam-bv-2025-south-west,9298c4547f5e10cdd50a10ca354504fd87fedef4a07abbfe8e5f1fbe8c2d4d44,needs_review,71,71,12367,13767,1400
ELECAM-2025-SW-NDIAN-EKONDO-TITI-0062,62,SW,SUD-OUEST,SW-NDIAN,NDIAN,SW-NDIAN-EKONDO-TITI,EKONDO-TITI,GS NGOLO METOKO BALUE / A,202,NGOLO METOKO BALUE,elecam-bv-2025-south-west,9298c4547f5e10cdd50a10ca354504fd87fedef4a07abbfe8e5f1fbe8c2d4d44,needs_review,71,71,12367,13767,1400
ELECAM-2025-SW-NDIAN-EKONDO-TITI-0063,63,SW,SUD-OUEST,SW-NDIAN,NDIAN,SW-NDIAN-EKONDO-TITI,EKONDO-TITI,NJIMA COM.HALL / A,29,NJIMA BALUE,elecam-bv-2025-south-west,9298c4547f5e10cdd50a10ca354504fd87fedef4a07abbfe8e5f1fbe8c2d4d44,needs_review,71,71,12367,13767,1400
ELECAM-2025-SW-NDIAN-EKONDO-TITI-0064,64,SW,SUD-OUEST,SW-NDIAN,NDIAN,SW-NDIAN-EKONDO-TITI,EKONDO-TITI,LIPENJA CLUB / A,334,PAMOL LIPENJA,elecam-bv-2025-south-west,9298c4547f5e10cdd50a10ca354504fd87fedef4a07abbfe8e5f1fbe8c2d4d44,needs_review,71,71,12367,13767,1400
ELECAM-2025-SW-NDIAN-EKONDO-TITI-0065,65,SW,SUD-OUEST,SW-NDIAN,NDIAN,SW-NDIAN-EKONDO-TITI,EKONDO-TITI,GS PONDO BALUE / A,208,PONDO BALUE,elecam-bv-2025-south-west,9298c4547f5e10cdd50a10ca354504fd87fedef4a07abbfe8e5f1fbe8c2d4d44,needs_review,71,71,12367,13767,1400
ELECAM-2025-SW-NDIAN-EKONDO-TITI-0066,66,SW,SUD-OUEST,SW-NDIAN,NDIAN,SW-NDIAN-EKONDO-TITI,EKONDO-TITI,GNS BONJANJA WARD 9 / A,311,EKONDO TITI WARD,elecam-bv-2025-south-west,9298c4547f5e10cdd50a10ca354504fd87fedef4a07abbfe8e5f1fbe8c2d4d44,needs_review,71,71,12367,13767,1400
ELECAM-2025-SW-NDIAN-EKONDO-TITI-0067,67,SW,SUD-OUEST,SW-NDIAN,NDIAN,SW-NDIAN-EKONDO-TITI,EKONDO-TITI,GNS BONJANJA WARD 9 / B,289,EKONDO TITI WARD,elecam-bv-2025-south-west,9298c4547f5e10cdd50a10ca354504fd87fedef4a07abbfe8e5f1fbe8c2d4d44,needs_review,71,71,12367,13767,1400
ELECAM-2025-SW-NDIAN-EKONDO-TITI-0068,68,SW,SUD-OUEST,SW-NDIAN,NDIAN,SW-NDIAN-EKONDO-TITI,EKONDO-TITI,GNS BONJANJA WARD 9 / C,252,EKONDO TITI WARD,elecam-bv-2025-south-west,9298c4547f5e10cdd50a10ca354504fd87fedef4a07abbfe8e5f1fbe8c2d4d44,needs_review,71,71,12367,13767,1400
ELECAM-2025-SW-NDIAN-EKONDO-TITI-0069,69,SW,SUD-OUEST,SW-NDIAN,NDIAN,SW-NDIAN-EKONDO-TITI,EKONDO-TITI,COMMUNAUTY HALL WARD 4 / A,399,EKONDO TITI WARD,elecam-bv-2025-south-west,9298c4547f5e10cdd50a10ca354504fd87fedef4a07abbfe8e5f1fbe8c2d4d44,needs_review,71,71,12367,13767,1400
ELECAM-2025-SW-NDIAN-EKONDO-TITI-0070,70,SW,SUD-OUEST,SW-NDIAN,NDIAN,SW-NDIAN-EKONDO-TITI,EKONDO-TITI,COMMUNAUTY HALL WARD 4 / B,485,EKONDO TITI WARD,elecam-bv-2025-south-west,9298c4547f5e10cdd50a10ca354504fd87fedef4a07abbfe8e5f1fbe8c2d4d44,needs_review,71,71,12367,13767,1400
ELECAM-2025-SW-NDIAN-EKONDO-TITI-0071,71,SW,SUD-OUEST,SW-NDIAN,NDIAN,SW-NDIAN-EKONDO-TITI,EKONDO-TITI,ISLAMIC BIL. N. AND P SCHOOL WARD 5 / A,187,EKONDO TITI WARD,elecam-bv-2025-south-west,9298c4547f5e10cdd50a10ca354504fd87fedef4a07abbfe8e5f1fbe8c2d4d44,needs_review,71,71,12367,13767,1400
ELECAM-2025-SW-NDIAN-IDABATO-0001,1,SW,SUD-OUEST,SW-NDIAN,NDIAN,SW-NDIAN-IDABATO,IDABATO,HEALTH CENTRE JABANE / A,111,DELTA BIR JABANE,elecam-bv-2025-south-west,9298c4547f5e10cdd50a10ca354504fd87fedef4a07abbfe8e5f1fbe8c2d4d44,needs_review,8,8,1543,1643,100
ELECAM-2025-SW-NDIAN-IDABATO-0002,2,SW,SUD-OUEST,SW-NDIAN,NDIAN,SW-NDIAN-IDABATO,IDABATO,HEALTH CENTRE JABANE / B,189,DELTA BIR JABANE,elecam-bv-2025-south-west,9298c4547f5e10cdd50a10ca354504fd87fedef4a07abbfe8e5f1fbe8c2d4d44,needs_review,8,8,1543,1643,100
ELECAM-2025-SW-NDIAN-IDABATO-0003,3,SW,SUD-OUEST,SW-NDIAN,NDIAN,SW-NDIAN-IDABATO,IDABATO,HEALTH CENTRE JABANE / C,238,DELTA BIR JABANE,elecam-bv-2025-south-west,9298c4547f5e10cdd50a10ca354504fd87fedef4a07abbfe8e5f1fbe8c2d4d44,needs_review,8,8,1543,1643,100
ELECAM-2025-SW-NDIAN-IDABATO-0004,4,SW,SUD-OUEST,SW-NDIAN,NDIAN,SW-NDIAN-IDABATO,IDABATO,GPS IDABATO 2B / A,278,DIAMOND A,elecam-bv-2025-south-west,9298c4547f5e10cdd50a10ca354504fd87fedef4a07abbfe8e5f1fbe8c2d4d44,needs_review,8,8,1543,1643,100
ELECAM-2025-SW-NDIAN-IDABATO-0005,5,SW,SUD-OUEST,SW-NDIAN,NDIAN,SW-NDIAN-IDABATO,IDABATO,GPS IDABATO 2B / B,313,DIAMOND A,elecam-bv-2025-south-west,9298c4547f5e10cdd50a10ca354504fd87fedef4a07abbfe8e5f1fbe8c2d4d44,needs_review,8,8,1543,1643,100
ELECAM-2025-SW-NDIAN-IDABATO-0006,6,SW,SUD-OUEST,SW-NDIAN,NDIAN,SW-NDIAN-IDABATO,IDABATO,GPS IDABATO 2B / C,139,DIAMOND A,elecam-bv-2025-south-west,9298c4547f5e10cdd50a10ca354504fd87fedef4a07abbfe8e5f1fbe8c2d4d44,needs_review,8,8,1543,1643,100
ELECAM-2025-SW-NDIAN-IDABATO-0007,7,SW,SUD-OUEST,SW-NDIAN,NDIAN,SW-NDIAN-IDABATO,IDABATO,GPS KOMBO AMUNJA 1 / A,220,KOMBO AMUNJA,elecam-bv-2025-south-west,9298c4547f5e10cdd50a10ca354504fd87fedef4a07abbfe8e5f1fbe8c2d4d44,needs_review,8,8,1543,1643,100
ELECAM-2025-SW-NDIAN-IDABATO-0008,8,SW,SUD-OUEST,SW-NDIAN,NDIAN,SW-NDIAN-IDABATO,IDABATO,HEALTH CENTER NDO LOCATION / A,155,NAWUMSI,elecam-bv-2025-south-west,9298c4547f5e10cdd50a10ca354504fd87fedef4a07abbfe8e5f1fbe8c2d4d44,needs_review,8,8,1543,1643,100
ELECAM-2025-SW-NDIAN-TOKO-0001,1,SW,SUD-OUEST,SW-NDIAN,NDIAN,SW-NDIAN-TOKO,TOKO,BABIANBANGA TOWN HALL / A,17,BABIABANGA,elecam-bv-2025-south-west,9298c4547f5e10cdd50a10ca354504fd87fedef4a07abbfe8e5f1fbe8c2d4d44,needs_review,34,34,3257,4157,900
ELECAM-2025-SW-NDIAN-TOKO-0002,2,SW,SUD-OUEST,SW-NDIAN,NDIAN,SW-NDIAN-TOKO,TOKO,G.S BANYO / A,167,BANYO,elecam-bv-2025-south-west,9298c4547f5e10cdd50a10ca354504fd87fedef4a07abbfe8e5f1fbe8c2d4d44,needs_review,34,34,3257,4157,900
ELECAM-2025-SW-NDIAN-TOKO-0003,3,SW,SUD-OUEST,SW-NDIAN,NDIAN,SW-NDIAN-TOKO,TOKO,BAREKA 1 COMMUNITY SCHOOL / A,173,BAREKA,elecam-bv-2025-south-west,9298c4547f5e10cdd50a10ca354504fd87fedef4a07abbfe8e5f1fbe8c2d4d44,needs_review,34,34,3257,4157,900
ELECAM-2025-SW-NDIAN-TOKO-0004,4,SW,SUD-OUEST,SW-NDIAN,NDIAN,SW-NDIAN-TOKO,TOKO,LOBE TOWN HALL / A,210,BAREKA,elecam-bv-2025-south-west,9298c4547f5e10cdd50a10ca354504fd87fedef4a07abbfe8e5f1fbe8c2d4d44,needs_review,34,34,3257,4157,900
ELECAM-2025-SW-NDIAN-TOKO-0005,5,SW,SUD-OUEST,SW-NDIAN,NDIAN,SW-NDIAN-TOKO,TOKO,G.S BETIKA / A,108,BASALI,elecam-bv-2025-south-west,9298c4547f5e10cdd50a10ca354504fd87fedef4a07abbfe8e5f1fbe8c2d4d44,needs_review,34,34,3257,4157,900
ELECAM-2025-SW-NDIAN-TOKO-0006,6,SW,SUD-OUEST,SW-NDIAN,NDIAN,SW-NDIAN-TOKO,TOKO,G.S BOMBANGI BATANG / A,75,BABIABANGA,elecam-bv-2025-south-west,9298c4547f5e10cdd50a10ca354504fd87fedef4a07abbfe8e5f1fbe8c2d4d44,needs_review,34,34,3257,4157,900
ELECAM-2025-SW-NDIAN-TOKO-0007,7,SW,SUD-OUEST,SW-NDIAN,NDIAN,SW-NDIAN-TOKO,TOKO,TOMATOKO CUSRY COURT HALL / A,57,BONABEAGA,elecam-bv-2025-south-west,9298c4547f5e10cdd50a10ca354504fd87fedef4a07abbfe8e5f1fbe8c2d4d44,needs_review,34,34,3257,4157,900
ELECAM-2025-SW-NDIAN-TOKO-0008,8,SW,SUD-OUEST,SW-NDIAN,NDIAN,SW-NDIAN-TOKO,TOKO,G.S BWEME / A,103,BWEME,elecam-bv-2025-south-west,9298c4547f5e10cdd50a10ca354504fd87fedef4a07abbfe8e5f1fbe8c2d4d44,needs_review,34,34,3257,4157,900
ELECAM-2025-SW-NDIAN-TOKO-0009,9,SW,SUD-OUEST,SW-NDIAN,NDIAN,SW-NDIAN-TOKO,TOKO,G.S DIBONDA BATANGA / A,206,DIBONDA,elecam-bv-2025-south-west,9298c4547f5e10cdd50a10ca354504fd87fedef4a07abbfe8e5f1fbe8c2d4d44,needs_review,34,34,3257,4157,900
ELECAM-2025-SW-NDIAN-TOKO-0010,10,SW,SUD-OUEST,SW-NDIAN,NDIAN,SW-NDIAN-TOKO,TOKO,DIENGE CHURCH HALL / A,64,DIENGE,elecam-bv-2025-south-west,9298c4547f5e10cdd50a10ca354504fd87fedef4a07abbfe8e5f1fbe8c2d4d44,needs_review,34,34,3257,4157,900
ELECAM-2025-SW-NDIAN-TOKO-0011,11,SW,SUD-OUEST,SW-NDIAN,NDIAN,SW-NDIAN-TOKO,TOKO,G.S DIKOME NGOLO / A,91,DIKOME NGOLO,elecam-bv-2025-south-west,9298c4547f5e10cdd50a10ca354504fd87fedef4a07abbfe8e5f1fbe8c2d4d44,needs_review,34,34,3257,4157,900
ELECAM-2025-SW-NDIAN-TOKO-0012,12,SW,SUD-OUEST,SW-NDIAN,NDIAN,SW-NDIAN-TOKO,TOKO,G.S ESUKUTANG / A,62,ESUKUTANG,elecam-bv-2025-south-west,9298c4547f5e10cdd50a10ca354504fd87fedef4a07abbfe8e5f1fbe8c2d4d44,needs_review,34,34,3257,4157,900
ELECAM-2025-SW-NDIAN-TOKO-0013,13,SW,SUD-OUEST,SW-NDIAN,NDIAN,SW-NDIAN-TOKO,TOKO,G.S MOFAKO BATANGA / A,95,IJOWE,elecam-bv-2025-south-west,9298c4547f5e10cdd50a10ca354504fd87fedef4a07abbfe8e5f1fbe8c2d4d44,needs_review,34,34,3257,4157,900
ELECAM-2025-SW-NDIAN-TOKO-0014,14,SW,SUD-OUEST,SW-NDIAN,NDIAN,SW-NDIAN-TOKO,TOKO,G.S. IKENGE / A,52,IKENGE,elecam-bv-2025-south-west,9298c4547f5e10cdd50a10ca354504fd87fedef4a07abbfe8e5f1fbe8c2d4d44,needs_review,34,34,3257,4157,900
ELECAM-2025-SW-NDIAN-TOKO-0015,15,SW,SUD-OUEST,SW-NDIAN,NDIAN,SW-NDIAN-TOKO,TOKO,G.S IKOI / A,100,IKOI,elecam-bv-2025-south-west,9298c4547f5e10cdd50a10ca354504fd87fedef4a07abbfe8e5f1fbe8c2d4d44,needs_review,34,34,3257,4157,900
ELECAM-2025-SW-NDIAN-TOKO-0016,16,SW,SUD-OUEST,SW-NDIAN,NDIAN,SW-NDIAN-TOKO,TOKO,MASSAKA BATANGA TOWN HALL / A,79,IKOLI,elecam-bv-2025-south-west,9298c4547f5e10cdd50a10ca354504fd87fedef4a07abbfe8e5f1fbe8c2d4d44,needs_review,34,34,3257,4157,900
ELECAM-2025-SW-NDIAN-TOKO-0017,17,SW,SUD-OUEST,SW-NDIAN,NDIAN,SW-NDIAN-TOKO,TOKO,IKOTI 1 TOWN HALL / A,171,IKOTI,elecam-bv-2025-south-west,9298c4547f5e10cdd50a10ca354504fd87fedef4a07abbfe8e5f1fbe8c2d4d44,needs_review,34,34,3257,4157,900
ELECAM-2025-SW-NDIAN-TOKO-0018,18,SW,SUD-OUEST,SW-NDIAN,NDIAN,SW-NDIAN-TOKO,TOKO,G.S KILIKILE / A,162,ILONDO,elecam-bv-2025-south-west,9298c4547f5e10cdd50a10ca354504fd87fedef4a07abbfe8e5f1fbe8c2d4d44,needs_review,34,34,3257,4157,900
ELECAM-2025-SW-NDIAN-TOKO-0019,19,SW,SUD-OUEST,SW-NDIAN,NDIAN,SW-NDIAN-TOKO,TOKO,PRESB CHURCH HALL IPONGI / A,249,BAREKA,elecam-bv-2025-south-west,9298c4547f5e10cdd50a10ca354504fd87fedef4a07abbfe8e5f1fbe8c2d4d44,needs_review,34,34,3257,4157,900
ELECAM-2025-SW-NDIAN-TOKO-0020,20,SW,SUD-OUEST,SW-NDIAN,NDIAN,SW-NDIAN-TOKO,TOKO,G.S LIPENJA 1 BATANGA / A,241,ISOKI,elecam-bv-2025-south-west,9298c4547f5e10cdd50a10ca354504fd87fedef4a07abbfe8e5f1fbe8c2d4d44,needs_review,34,34,3257,4157,900
ELECAM-2025-SW-NDIAN-TOKO-0021,21,SW,SUD-OUEST,SW-NDIAN,NDIAN,SW-NDIAN-TOKO,TOKO,G.S LIPENJA 1 BATANGA / B,148,ISOKI,elecam-bv-2025-south-west,9298c4547f5e10cdd50a10ca354504fd87fedef4a07abbfe8e5f1fbe8c2d4d44,needs_review,34,34,3257,4157,900
ELECAM-2025-SW-NDIAN-TOKO-0022,22,SW,SUD-OUEST,SW-NDIAN,NDIAN,SW-NDIAN-TOKO,TOKO,IWASA TOWN HALL / A,54,IWASA,elecam-bv-2025-south-west,9298c4547f5e10cdd50a10ca354504fd87fedef4a07abbfe8e5f1fbe8c2d4d44,needs_review,34,34,3257,4157,900
ELECAM-2025-SW-NDIAN-TOKO-0023,23,SW,SUD-OUEST,SW-NDIAN,NDIAN,SW-NDIAN-TOKO,TOKO,IYOMBO TOWN HALL / A,18,IYOMBO,elecam-bv-2025-south-west,9298c4547f5e10cdd50a10ca354504fd87fedef4a07abbfe8e5f1fbe8c2d4d44,needs_review,34,34,3257,4157,900
ELECAM-2025-SW-NDIAN-TOKO-0024,24,SW,SUD-OUEST,SW-NDIAN,NDIAN,SW-NDIAN-TOKO,TOKO,G.S MADIE 1 / A,117,MADIE,elecam-bv-2025-south-west,9298c4547f5e10cdd50a10ca354504fd87fedef4a07abbfe8e5f1fbe8c2d4d44,needs_review,34,34,3257,4157,900
ELECAM-2025-SW-NDIAN-TOKO-0025,25,SW,SUD-OUEST,SW-NDIAN,NDIAN,SW-NDIAN-TOKO,TOKO,G.S MADIE2 NEW TOWN / A,101,MADIE,elecam-bv-2025-south-west,9298c4547f5e10cdd50a10ca354504fd87fedef4a07abbfe8e5f1fbe8c2d4d44,needs_review,34,34,3257,4157,900
ELECAM-2025-SW-NDIAN-TOKO-0026,26,SW,SUD-OUEST,SW-NDIAN,NDIAN,SW-NDIAN-TOKO,TOKO,G.S MADIE 3 BOEMBE / A,323,MADIE,elecam-bv-2025-south-west,9298c4547f5e10cdd50a10ca354504fd87fedef4a07abbfe8e5f1fbe8c2d4d44,needs_review,34,34,3257,4157,900
ELECAM-2025-SW-NDIAN-TOKO-0027,27,SW,SUD-OUEST,SW-NDIAN,NDIAN,SW-NDIAN-TOKO,TOKO,G.S MEANGWE 1 NGOLO / A,125,MEANGWE,elecam-bv-2025-south-west,9298c4547f5e10cdd50a10ca354504fd87fedef4a07abbfe8e5f1fbe8c2d4d44,needs_review,34,34,3257,4157,900
ELECAM-2025-SW-NDIAN-TOKO-0028,28,SW,SUD-OUEST,SW-NDIAN,NDIAN,SW-NDIAN-TOKO,TOKO,G.S MOBOKA / A,94,MOBOKA,elecam-bv-2025-south-west,9298c4547f5e10cdd50a10ca354504fd87fedef4a07abbfe8e5f1fbe8c2d4d44,needs_review,34,34,3257,4157,900
ELECAM-2025-SW-NDIAN-TOKO-0029,29,SW,SUD-OUEST,SW-NDIAN,NDIAN,SW-NDIAN-TOKO,TOKO,NDOI COMMUNITY SCHOOL / A,64,NDOI,elecam-bv-2025-south-west,9298c4547f5e10cdd50a10ca354504fd87fedef4a07abbfe8e5f1fbe8c2d4d44,needs_review,34,34,3257,4157,900
ELECAM-2025-SW-NDIAN-TOKO-0030,30,SW,SUD-OUEST,SW-NDIAN,NDIAN,SW-NDIAN-TOKO,TOKO,PRES CHURCH NGAMOKI / A,74,NGAMOKI,elecam-bv-2025-south-west,9298c4547f5e10cdd50a10ca354504fd87fedef4a07abbfe8e5f1fbe8c2d4d44,needs_review,34,34,3257,4157,900
ELECAM-2025-SW-NDIAN-TOKO-0031,31,SW,SUD-OUEST,SW-NDIAN,NDIAN,SW-NDIAN-TOKO,TOKO,APOSTOLIC CHURCH HALL / A,64,IYOMBO,elecam-bv-2025-south-west,9298c4547f5e10cdd50a10ca354504fd87fedef4a07abbfe8e5f1fbe8c2d4d44,needs_review,34,34,3257,4157,900
ELECAM-2025-SW-NDIAN-TOKO-0032,32,SW,SUD-OUEST,SW-NDIAN,NDIAN,SW-NDIAN-TOKO,TOKO,TOKO CUSTOMARY COURT / A,315,TOKO,elecam-bv-2025-south-west,9298c4547f5e10cdd50a10ca354504fd87fedef4a07abbfe8e5f1fbe8c2d4d44,needs_review,34,34,3257,4157,900
ELECAM-2025-SW-NDIAN-TOKO-0033,33,SW,SUD-OUEST,SW-NDIAN,NDIAN,SW-NDIAN-TOKO,TOKO,TOKO CUSTOMARY COURT / B,129,TOKO,elecam-bv-2025-south-west,9298c4547f5e10cdd50a10ca354504fd87fedef4a07abbfe8e5f1fbe8c2d4d44,needs_review,34,34,3257,4157,900
ELECAM-2025-SW-NDIAN-TOKO-0034,34,SW,SUD-OUEST,SW-NDIAN,NDIAN,SW-NDIAN-TOKO,TOKO,BOBIABANGA TOWN HALL / A,49,BABIABANGA,elecam-bv-2025-south-west,9298c4547f5e10cdd50a10ca354504fd87fedef4a07abbfe8e5f1fbe8c2d4d44,needs_review,34,34,3257,4157,900
ELECAM-2025-SU-DJA-ET-LOBO-MEYOMESSALA-0001,1,SU,SUD,SU-DJA-ET-LOBO,DJA-ET-LOBO,SU-DJA-ET-LOBO-MEYOMESSALA,MEYOMESSALA,EP NKO / A,325,AKOK,elecam-bv-2025-sud,5b8dff62fb970fb3edf01d081d73c0c041d215f4472ea2b6cd3d42e2f8cc7594,needs_review,99,99,18241,18741,500
ELECAM-2025-SU-DJA-ET-LOBO-MEYOMESSALA-0002,2,SU,SUD,SU-DJA-ET-LOBO,DJA-ET-LOBO,SU-DJA-ET-LOBO-MEYOMESSALA,MEYOMESSALA,EP EDJOM / A,161,AKOM NDONG,elecam-bv-2025-sud,5b8dff62fb970fb3edf01d081d73c0c041d215f4472ea2b6cd3d42e2f8cc7594,needs_review,99,99,18241,18741,500
ELECAM-2025-SU-DJA-ET-LOBO-MEYOMESSALA-0003,3,SU,SUD,SU-DJA-ET-LOBO,DJA-ET-LOBO,SU-DJA-ET-LOBO-MEYOMESSALA,MEYOMESSALA,CORPS DE GARDE ALEN / A,189,ALEN,elecam-bv-2025-sud,5b8dff62fb970fb3edf01d081d73c0c041d215f4472ea2b6cd3d42e2f8cc7594,needs_review,99,99,18241,18741,500
ELECAM-2025-SU-DJA-ET-LOBO-MEYOMESSALA-0004,4,SU,SUD,SU-DJA-ET-LOBO,DJA-ET-LOBO,SU-DJA-ET-LOBO-MEYOMESSALA,MEYOMESSALA,EP BIDJONG / A,253,ANDOM,elecam-bv-2025-sud,5b8dff62fb970fb3edf01d081d73c0c041d215f4472ea2b6cd3d42e2f8cc7594,needs_review,99,99,18241,18741,500
ELECAM-2025-SU-DJA-ET-LOBO-MEYOMESSALA-0005,5,SU,SUD,SU-DJA-ET-LOBO,DJA-ET-LOBO,SU-DJA-ET-LOBO-MEYOMESSALA,MEYOMESSALA,EP BIDJONG / B,261,ANDOM,elecam-bv-2025-sud,5b8dff62fb970fb3edf01d081d73c0c041d215f4472ea2b6cd3d42e2f8cc7594,needs_review,99,99,18241,18741,500
ELECAM-2025-SU-DJA-ET-LOBO-MEYOMESSALA-0006,6,SU,SUD,SU-DJA-ET-LOBO,DJA-ET-LOBO,SU-DJA-ET-LOBO-MEYOMESSALA,MEYOMESSALA,EP ANYOUNGAN / A,205,ANYOUNGAN,elecam-bv-2025-sud,5b8dff62fb970fb3edf01d081d73c0c041d215f4472ea2b6cd3d42e2f8cc7594,needs_review,99,99,18241,18741,500
ELECAM-2025-SU-DJA-ET-LOBO-MEYOMESSALA-0007,7,SU,SUD,SU-DJA-ET-LOBO,DJA-ET-LOBO,SU-DJA-ET-LOBO-MEYOMESSALA,MEYOMESSALA,EP BIBA YEZOUM / A,157,BIBA YEZOUM,elecam-bv-2025-sud,5b8dff62fb970fb3edf01d081d73c0c041d215f4472ea2b6cd3d42e2f8cc7594,needs_review,99,99,18241,18741,500
ELECAM-2025-SU-DJA-ET-LOBO-MEYOMESSALA-0008,8,SU,SUD,SU-DJA-ET-LOBO,DJA-ET-LOBO,SU-DJA-ET-LOBO-MEYOMESSALA,MEYOMESSALA,CORPS DE GARDE BIBAS / A,99,BIBAS,elecam-bv-2025-sud,5b8dff62fb970fb3edf01d081d73c0c041d215f4472ea2b6cd3d42e2f8cc7594,needs_review,99,99,18241,18741,500
ELECAM-2025-SU-DJA-ET-LOBO-MEYOMESSALA-0009,9,SU,SUD,SU-DJA-ET-LOBO,DJA-ET-LOBO,SU-DJA-ET-LOBO-MEYOMESSALA,MEYOMESSALA,CORPS DE GARDE BIDJONG / A,267,BIDJONG CHEFFERIE,elecam-bv-2025-sud,5b8dff62fb970fb3edf01d081d73c0c041d215f4472ea2b6cd3d42e2f8cc7594,needs_review,99,99,18241,18741,500
ELECAM-2025-SU-DJA-ET-LOBO-MEYOMESSALA-0010,10,SU,SUD,SU-DJA-ET-LOBO,DJA-ET-LOBO,SU-DJA-ET-LOBO-MEYOMESSALA,MEYOMESSALA,CORPS DE GARDE BIDJONG / B,176,BIDJONG CHEFFERIE,elecam-bv-2025-sud,5b8dff62fb970fb3edf01d081d73c0c041d215f4472ea2b6cd3d42e2f8cc7594,needs_review,99,99,18241,18741,500
ELECAM-2025-SU-DJA-ET-LOBO-MEYOMESSALA-0011,11,SU,SUD,SU-DJA-ET-LOBO,DJA-ET-LOBO,SU-DJA-ET-LOBO-MEYOMESSALA,MEYOMESSALA,EP EFOULAN YASSAMAN / A,193,BISSO'O,elecam-bv-2025-sud,5b8dff62fb970fb3edf01d081d73c0c041d215f4472ea2b6cd3d42e2f8cc7594,needs_review,99,99,18241,18741,500
ELECAM-2025-SU-DJA-ET-LOBO-MEYOMESSALA-0012,12,SU,SUD,SU-DJA-ET-LOBO,DJA-ET-LOBO,SU-DJA-ET-LOBO-MEYOMESSALA,MEYOMESSALA,EP EBEZOM / A,251,BITEKBOE,elecam-bv-2025-sud,5b8dff62fb970fb3edf01d081d73c0c041d215f4472ea2b6cd3d42e2f8cc7594,needs_review,99,99,18241,18741,500
ELECAM-2025-SU-DJA-ET-LOBO-MEYOMESSALA-0013,13,SU,SUD,SU-DJA-ET-LOBO,DJA-ET-LOBO,SU-DJA-ET-LOBO-MEYOMESSALA,MEYOMESSALA,EP BITYE / A,231,BITYE,elecam-bv-2025-sud,5b8dff62fb970fb3edf01d081d73c0c041d215f4472ea2b6cd3d42e2f8cc7594,needs_review,99,99,18241,18741,500
ELECAM-2025-SU-DJA-ET-LOBO-MEYOMESSALA-0014,14,SU,SUD,SU-DJA-ET-LOBO,DJA-ET-LOBO,SU-DJA-ET-LOBO-MEYOMESSALA,MEYOMESSALA,EP BIYEBE / A,57,BIYEBE,elecam-bv-2025-sud,5b8dff62fb970fb3edf01d081d73c0c041d215f4472ea2b6cd3d42e2f8cc7594,needs_review,99,99,18241,18741,500
ELECAM-2025-SU-DJA-ET-LOBO-MEYOMESSALA-0015,15,SU,SUD,SU-DJA-ET-LOBO,DJA-ET-LOBO,SU-DJA-ET-LOBO-MEYOMESSALA,MEYOMESSALA,LYCEE TECH. MEYOMESSALA / A,293,CAMP SONEL,elecam-bv-2025-sud,5b8dff62fb970fb3edf01d081d73c0c041d215f4472ea2b6cd3d42e2f8cc7594,needs_review,99,99,18241,18741,500
ELECAM-2025-SU-DJA-ET-LOBO-MEYOMESSALA-0016,16,SU,SUD,SU-DJA-ET-LOBO,DJA-ET-LOBO,SU-DJA-ET-LOBO-MEYOMESSALA,MEYOMESSALA,LYCEE TECH. MEYOMESSALA / B,320,CAMP SONEL,elecam-bv-2025-sud,5b8dff62fb970fb3edf01d081d73c0c041d215f4472ea2b6cd3d42e2f8cc7594,needs_review,99,99,18241,18741,500
ELECAM-2025-SU-DJA-ET-LOBO-MEYOMESSALA-0017,17,SU,SUD,SU-DJA-ET-LOBO,DJA-ET-LOBO,SU-DJA-ET-LOBO-MEYOMESSALA,MEYOMESSALA,LYCEE TECH. MEYOMESSALA / C,309,CAMP SONEL,elecam-bv-2025-sud,5b8dff62fb970fb3edf01d081d73c0c041d215f4472ea2b6cd3d42e2f8cc7594,needs_review,99,99,18241,18741,500
ELECAM-2025-SU-DJA-ET-LOBO-MEYOMESSALA-0018,18,SU,SUD,SU-DJA-ET-LOBO,DJA-ET-LOBO,SU-DJA-ET-LOBO-MEYOMESSALA,MEYOMESSALA,LYCEE TECH. MEYOMESSALA / D,289,CAMP SONEL,elecam-bv-2025-sud,5b8dff62fb970fb3edf01d081d73c0c041d215f4472ea2b6cd3d42e2f8cc7594,needs_review,99,99,18241,18741,500
ELECAM-2025-SU-DJA-ET-LOBO-MEYOMESSALA-0019,19,SU,SUD,SU-DJA-ET-LOBO,DJA-ET-LOBO,SU-DJA-ET-LOBO-MEYOMESSALA,MEYOMESSALA,LYCEE TECH. MEYOMESSALA / E,374,CAMP SONEL,elecam-bv-2025-sud,5b8dff62fb970fb3edf01d081d73c0c041d215f4472ea2b6cd3d42e2f8cc7594,needs_review,99,99,18241,18741,500
ELECAM-2025-SU-DJA-ET-LOBO-MEYOMESSALA-0020,20,SU,SUD,SU-DJA-ET-LOBO,DJA-ET-LOBO,SU-DJA-ET-LOBO-MEYOMESSALA,MEYOMESSALA,EP NDJIKOM / A,142,EBANG,elecam-bv-2025-sud,5b8dff62fb970fb3edf01d081d73c0c041d215f4472ea2b6cd3d42e2f8cc7594,needs_review,99,99,18241,18741,500
ELECAM-2025-SU-DJA-ET-LOBO-MEYOMESSALA-0021,21,SU,SUD,SU-DJA-ET-LOBO,DJA-ET-LOBO,SU-DJA-ET-LOBO-MEYOMESSALA,MEYOMESSALA,CORPS DE GARDE EBOLAKOUNOU / A,42,EBOLAKOUNOU,elecam-bv-2025-sud,5b8dff62fb970fb3edf01d081d73c0c041d215f4472ea2b6cd3d42e2f8cc7594,needs_review,99,99,18241,18741,500
ELECAM-2025-SU-DJA-ET-LOBO-MEYOMESSALA-0022,22,SU,SUD,SU-DJA-ET-LOBO,DJA-ET-LOBO,SU-DJA-ET-LOBO-MEYOMESSALA,MEYOMESSALA,CENTRE COOP EFOULAN / A,65,EFOULAN,elecam-bv-2025-sud,5b8dff62fb970fb3edf01d081d73c0c041d215f4472ea2b6cd3d42e2f8cc7594,needs_review,99,99,18241,18741,500
ELECAM-2025-SU-DJA-ET-LOBO-MEYOMESSALA-0023,23,SU,SUD,SU-DJA-ET-LOBO,DJA-ET-LOBO,SU-DJA-ET-LOBO-MEYOMESSALA,MEYOMESSALA,EP AYE'EBE / A,194,EFOULAN,elecam-bv-2025-sud,5b8dff62fb970fb3edf01d081d73c0c041d215f4472ea2b6cd3d42e2f8cc7594,needs_review,99,99,18241,18741,500
ELECAM-2025-SU-DJA-ET-LOBO-MEYOMESSALA-0024,24,SU,SUD,SU-DJA-ET-LOBO,DJA-ET-LOBO,SU-DJA-ET-LOBO-MEYOMESSALA,MEYOMESSALA,MARCHE EFOULAN / A,55,EFOULAN,elecam-bv-2025-sud,5b8dff62fb970fb3edf01d081d73c0c041d215f4472ea2b6cd3d42e2f8cc7594,needs_review,99,99,18241,18741,500
ELECAM-2025-SU-DJA-ET-LOBO-MEYOMESSALA-0025,25,SU,SUD,SU-DJA-ET-LOBO,DJA-ET-LOBO,SU-DJA-ET-LOBO-MEYOMESSALA,MEYOMESSALA,EP NDJABEM / A,125,EFOULAN YEMVAM,elecam-bv-2025-sud,5b8dff62fb970fb3edf01d081d73c0c041d215f4472ea2b6cd3d42e2f8cc7594,needs_review,99,99,18241,18741,500
ELECAM-2025-SU-DJA-ET-LOBO-MEYOMESSALA-0026,26,SU,SUD,SU-DJA-ET-LOBO,DJA-ET-LOBO,SU-DJA-ET-LOBO-MEYOMESSALA,MEYOMESSALA,EP EKOK / A,130,EKOK,elecam-bv-2025-sud,5b8dff62fb970fb3edf01d081d73c0c041d215f4472ea2b6cd3d42e2f8cc7594,needs_review,99,99,18241,18741,500
ELECAM-2025-SU-DJA-ET-LOBO-MEYOMESSALA-0027,27,SU,SUD,SU-DJA-ET-LOBO,DJA-ET-LOBO,SU-DJA-ET-LOBO-MEYOMESSALA,MEYOMESSALA,CORPS DE GARDE EKONG / A,35,EKONG,elecam-bv-2025-sud,5b8dff62fb970fb3edf01d081d73c0c041d215f4472ea2b6cd3d42e2f8cc7594,needs_review,99,99,18241,18741,500
ELECAM-2025-SU-DJA-ET-LOBO-MEYOMESSALA-0028,28,SU,SUD,SU-DJA-ET-LOBO,DJA-ET-LOBO,SU-DJA-ET-LOBO-MEYOMESSALA,MEYOMESSALA,EP KPWE / A,316,ELLE,elecam-bv-2025-sud,5b8dff62fb970fb3edf01d081d73c0c041d215f4472ea2b6cd3d42e2f8cc7594,needs_review,99,99,18241,18741,500
ELECAM-2025-SU-DJA-ET-LOBO-MEYOMESSALA-0029,29,SU,SUD,SU-DJA-ET-LOBO,DJA-ET-LOBO,SU-DJA-ET-LOBO-MEYOMESSALA,MEYOMESSALA,EP ENDAM / A,285,ENDAM YEMBONG,elecam-bv-2025-sud,5b8dff62fb970fb3edf01d081d73c0c041d215f4472ea2b6cd3d42e2f8cc7594,needs_review,99,99,18241,18741,500
ELECAM-2025-SU-DJA-ET-LOBO-MEYOMESSALA-0030,30,SU,SUD,SU-DJA-ET-LOBO,DJA-ET-LOBO,SU-DJA-ET-LOBO-MEYOMESSALA,MEYOMESSALA,EP MEKALAT / A,198,ESSON,elecam-bv-2025-sud,5b8dff62fb970fb3edf01d081d73c0c041d215f4472ea2b6cd3d42e2f8cc7594,needs_review,99,99,18241,18741,500
ELECAM-2025-SU-DJA-ET-LOBO-MEYOMESSALA-0031,31,SU,SUD,SU-DJA-ET-LOBO,DJA-ET-LOBO,SU-DJA-ET-LOBO-MEYOMESSALA,MEYOMESSALA,EP MEZA'A I / A,177,ESSON YEBAE,elecam-bv-2025-sud,5b8dff62fb970fb3edf01d081d73c0c041d215f4472ea2b6cd3d42e2f8cc7594,needs_review,99,99,18241,18741,500
ELECAM-2025-SU-DJA-ET-LOBO-MEYOMESSALA-0032,32,SU,SUD,SU-DJA-ET-LOBO,DJA-ET-LOBO,SU-DJA-ET-LOBO-MEYOMESSALA,MEYOMESSALA,EP MIMBANG / A,98,ESSONG,elecam-bv-2025-sud,5b8dff62fb970fb3edf01d081d73c0c041d215f4472ea2b6cd3d42e2f8cc7594,needs_review,99,99,18241,18741,500
ELECAM-2025-SU-DJA-ET-LOBO-MEYOMESSALA-0033,33,SU,SUD,SU-DJA-ET-LOBO,DJA-ET-LOBO,SU-DJA-ET-LOBO-MEYOMESSALA,MEYOMESSALA,CORPS DE GARDE ETON / A,111,ETON,elecam-bv-2025-sud,5b8dff62fb970fb3edf01d081d73c0c041d215f4472ea2b6cd3d42e2f8cc7594,needs_review,99,99,18241,18741,500
ELECAM-2025-SU-DJA-ET-LOBO-MEYOMESSALA-0034,34,SU,SUD,SU-DJA-ET-LOBO,DJA-ET-LOBO,SU-DJA-ET-LOBO-MEYOMESSALA,MEYOMESSALA,EP FIBOT-YEBENE / A,61,FIBOT YEBENE,elecam-bv-2025-sud,5b8dff62fb970fb3edf01d081d73c0c041d215f4472ea2b6cd3d42e2f8cc7594,needs_review,99,99,18241,18741,500
ELECAM-2025-SU-DJA-ET-LOBO-MEYOMESSALA-0035,35,SU,SUD,SU-DJA-ET-LOBO,DJA-ET-LOBO,SU-DJA-ET-LOBO-MEYOMESSALA,MEYOMESSALA,EP KOUM YETOTANE / A,322,KOUM,elecam-bv-2025-sud,5b8dff62fb970fb3edf01d081d73c0c041d215f4472ea2b6cd3d42e2f8cc7594,needs_review,99,99,18241,18741,500
ELECAM-2025-SU-DJA-ET-LOBO-MEYOMESSALA-0036,36,SU,SUD,SU-DJA-ET-LOBO,DJA-ET-LOBO,SU-DJA-ET-LOBO-MEYOMESSALA,MEYOMESSALA,CORPS DE GARDE KOUM / A,253,KOUM,elecam-bv-2025-sud,5b8dff62fb970fb3edf01d081d73c0c041d215f4472ea2b6cd3d42e2f8cc7594,needs_review,99,99,18241,18741,500
ELECAM-2025-SU-DJA-ET-LOBO-MEYOMESSALA-0037,37,SU,SUD,SU-DJA-ET-LOBO,DJA-ET-LOBO,SU-DJA-ET-LOBO-MEYOMESSALA,MEYOMESSALA,CENTRE COOP MEYOMAKOT / A,207,KOUT,elecam-bv-2025-sud,5b8dff62fb970fb3edf01d081d73c0c041d215f4472ea2b6cd3d42e2f8cc7594,needs_review,99,99,18241,18741,500
ELECAM-2025-SU-DJA-ET-LOBO-MEYOMESSALA-0038,38,SU,SUD,SU-DJA-ET-LOBO,DJA-ET-LOBO,SU-DJA-ET-LOBO-MEYOMESSALA,MEYOMESSALA,EP OYOP / A,128,LOUM,elecam-bv-2025-sud,5b8dff62fb970fb3edf01d081d73c0c041d215f4472ea2b6cd3d42e2f8cc7594,needs_review,99,99,18241,18741,500
ELECAM-2025-SU-DJA-ET-LOBO-MEYOMESSALA-0039,39,SU,SUD,SU-DJA-ET-LOBO,DJA-ET-LOBO,SU-DJA-ET-LOBO-MEYOMESSALA,MEYOMESSALA,CORPS DE GARDE MBANLAM / A,74,MBANLAM,elecam-bv-2025-sud,5b8dff62fb970fb3edf01d081d73c0c041d215f4472ea2b6cd3d42e2f8cc7594,needs_review,99,99,18241,18741,500
ELECAM-2025-SU-DJA-ET-LOBO-MEYOMESSALA-0040,40,SU,SUD,SU-DJA-ET-LOBO,DJA-ET-LOBO,SU-DJA-ET-LOBO-MEYOMESSALA,MEYOMESSALA,CORPS DE GARDE MBE'ELON / A,104,MBE'ELON,elecam-bv-2025-sud,5b8dff62fb970fb3edf01d081d73c0c041d215f4472ea2b6cd3d42e2f8cc7594,needs_review,99,99,18241,18741,500
ELECAM-2025-SU-DJA-ET-LOBO-MEYOMESSALA-0041,41,SU,SUD,SU-DJA-ET-LOBO,DJA-ET-LOBO,SU-DJA-ET-LOBO-MEYOMESSALA,MEYOMESSALA,CES MEBAME / A,156,MEBAME,elecam-bv-2025-sud,5b8dff62fb970fb3edf01d081d73c0c041d215f4472ea2b6cd3d42e2f8cc7594,needs_review,99,99,18241,18741,500
ELECAM-2025-SU-DJA-ET-LOBO-MEYOMESSALA-0042,42,SU,SUD,SU-DJA-ET-LOBO,DJA-ET-LOBO,SU-DJA-ET-LOBO-MEYOMESSALA,MEYOMESSALA,EP NDJOM-YEKOMBO / A,257,MELAN,elecam-bv-2025-sud,5b8dff62fb970fb3edf01d081d73c0c041d215f4472ea2b6cd3d42e2f8cc7594,needs_review,99,99,18241,18741,500
ELECAM-2025-SU-DJA-ET-LOBO-MEYOMESSALA-0043,43,SU,SUD,SU-DJA-ET-LOBO,DJA-ET-LOBO,SU-DJA-ET-LOBO-MEYOMESSALA,MEYOMESSALA,CORPS DE GARDE MELOK II / A,187,MELOK I,elecam-bv-2025-sud,5b8dff62fb970fb3edf01d081d73c0c041d215f4472ea2b6cd3d42e2f8cc7594,needs_review,99,99,18241,18741,500
ELECAM-2025-SU-DJA-ET-LOBO-MEYOMESSALA-0044,44,SU,SUD,SU-DJA-ET-LOBO,DJA-ET-LOBO,SU-DJA-ET-LOBO-MEYOMESSALA,MEYOMESSALA,CENTRE COOP NNEMEYONG III / A,148,MEMVAE,elecam-bv-2025-sud,5b8dff62fb970fb3edf01d081d73c0c041d215f4472ea2b6cd3d42e2f8cc7594,needs_review,99,99,18241,18741,500
ELECAM-2025-SU-DJA-ET-LOBO-MEYOMESSALA-0045,45,SU,SUD,SU-DJA-ET-LOBO,DJA-ET-LOBO,SU-DJA-ET-LOBO-MEYOMESSALA,MEYOMESSALA,MISSION CATHOLIQUE MENGON / A,263,MENGOM,elecam-bv-2025-sud,5b8dff62fb970fb3edf01d081d73c0c041d215f4472ea2b6cd3d42e2f8cc7594,needs_review,99,99,18241,18741,500
ELECAM-2025-SU-DJA-ET-LOBO-MEYOMESSALA-0046,46,SU,SUD,SU-DJA-ET-LOBO,DJA-ET-LOBO,SU-DJA-ET-LOBO-MEYOMESSALA,MEYOMESSALA,EP ZOUMEYO / A,129,MESSILA,elecam-bv-2025-sud,5b8dff62fb970fb3edf01d081d73c0c041d215f4472ea2b6cd3d42e2f8cc7594,needs_review,99,99,18241,18741,500
ELECAM-2025-SU-DJA-ET-LOBO-MEYOMESSALA-0047,47,SU,SUD,SU-DJA-ET-LOBO,DJA-ET-LOBO,SU-DJA-ET-LOBO-MEYOMESSALA,MEYOMESSALA,EP MESSOK / A,123,MESSOK,elecam-bv-2025-sud,5b8dff62fb970fb3edf01d081d73c0c041d215f4472ea2b6cd3d42e2f8cc7594,needs_review,99,99,18241,18741,500
ELECAM-2025-SU-DJA-ET-LOBO-MEYOMESSALA-0048,48,SU,SUD,SU-DJA-ET-LOBO,DJA-ET-LOBO,SU-DJA-ET-LOBO-MEYOMESSALA,MEYOMESSALA,CASE COMMUNAUTAIRE MESSOK / A,236,MESSOK,elecam-bv-2025-sud,5b8dff62fb970fb3edf01d081d73c0c041d215f4472ea2b6cd3d42e2f8cc7594,needs_review,99,99,18241,18741,500
ELECAM-2025-SU-DJA-ET-LOBO-MEYOMESSALA-0049,49,SU,SUD,SU-DJA-ET-LOBO,DJA-ET-LOBO,SU-DJA-ET-LOBO-MEYOMESSALA,MEYOMESSALA,EP MEYOS YEMVAK / A,107,MEYOS YEMVAK,elecam-bv-2025-sud,5b8dff62fb970fb3edf01d081d73c0c041d215f4472ea2b6cd3d42e2f8cc7594,needs_review,99,99,18241,18741,500
ELECAM-2025-SU-DJA-ET-LOBO-MEYOMESSALA-0050,50,SU,SUD,SU-DJA-ET-LOBO,DJA-ET-LOBO,SU-DJA-ET-LOBO-MEYOMESSALA,MEYOMESSALA,EP MEYOS YEMVAM / A,125,MEYOS YEMVAM,elecam-bv-2025-sud,5b8dff62fb970fb3edf01d081d73c0c041d215f4472ea2b6cd3d42e2f8cc7594,needs_review,99,99,18241,18741,500
ELECAM-2025-SU-DJA-ET-LOBO-MEYOMESSALA-0051,51,SU,SUD,SU-DJA-ET-LOBO,DJA-ET-LOBO,SU-DJA-ET-LOBO-MEYOMESSALA,MEYOMESSALA,EP MVANBISSON / A,179,MVANBISSON,elecam-bv-2025-sud,5b8dff62fb970fb3edf01d081d73c0c041d215f4472ea2b6cd3d42e2f8cc7594,needs_review,99,99,18241,18741,500
ELECAM-2025-SU-DJA-ET-LOBO-MEYOMESSALA-0052,52,SU,SUD,SU-DJA-ET-LOBO,DJA-ET-LOBO,SU-DJA-ET-LOBO-MEYOMESSALA,MEYOMESSALA,EP MVIA / A,243,MVIA,elecam-bv-2025-sud,5b8dff62fb970fb3edf01d081d73c0c041d215f4472ea2b6cd3d42e2f8cc7594,needs_review,99,99,18241,18741,500
ELECAM-2025-SU-DJA-ET-LOBO-MEYOMESSALA-0053,53,SU,SUD,SU-DJA-ET-LOBO,DJA-ET-LOBO,SU-DJA-ET-LOBO-MEYOMESSALA,MEYOMESSALA,EP MVOMEKA'A / A,251,MVOMEKA'A,elecam-bv-2025-sud,5b8dff62fb970fb3edf01d081d73c0c041d215f4472ea2b6cd3d42e2f8cc7594,needs_review,99,99,18241,18741,500
ELECAM-2025-SU-DJA-ET-LOBO-MEYOMESSALA-0054,54,SU,SUD,SU-DJA-ET-LOBO,DJA-ET-LOBO,SU-DJA-ET-LOBO-MEYOMESSALA,MEYOMESSALA,EP MVOMEKA'A / B,261,MVOMEKA'A,elecam-bv-2025-sud,5b8dff62fb970fb3edf01d081d73c0c041d215f4472ea2b6cd3d42e2f8cc7594,needs_review,99,99,18241,18741,500
ELECAM-2025-SU-DJA-ET-LOBO-MEYOMESSALA-0055,55,SU,SUD,SU-DJA-ET-LOBO,DJA-ET-LOBO,SU-DJA-ET-LOBO-MEYOMESSALA,MEYOMESSALA,EP MVOMEKA'A / C,157,MVOMEKA'A,elecam-bv-2025-sud,5b8dff62fb970fb3edf01d081d73c0c041d215f4472ea2b6cd3d42e2f8cc7594,needs_review,99,99,18241,18741,500
ELECAM-2025-SU-DJA-ET-LOBO-MEYOMESSALA-0056,56,SU,SUD,SU-DJA-ET-LOBO,DJA-ET-LOBO,SU-DJA-ET-LOBO-MEYOMESSALA,MEYOMESSALA,LYCEE MVOMEKA'A / A,342,MVOMEKA'A,elecam-bv-2025-sud,5b8dff62fb970fb3edf01d081d73c0c041d215f4472ea2b6cd3d42e2f8cc7594,needs_review,99,99,18241,18741,500
ELECAM-2025-SU-DJA-ET-LOBO-MEYOMESSALA-0057,57,SU,SUD,SU-DJA-ET-LOBO,DJA-ET-LOBO,SU-DJA-ET-LOBO-MEYOMESSALA,MEYOMESSALA,LYCEE MVOMEKA'A / B,355,MVOMEKA'A,elecam-bv-2025-sud,5b8dff62fb970fb3edf01d081d73c0c041d215f4472ea2b6cd3d42e2f8cc7594,needs_review,99,99,18241,18741,500
ELECAM-2025-SU-DJA-ET-LOBO-MEYOMESSALA-0058,58,SU,SUD,SU-DJA-ET-LOBO,DJA-ET-LOBO,SU-DJA-ET-LOBO-MEYOMESSALA,MEYOMESSALA,SAR SM MVOMEKA'A / A,250,MVOMEKA'A,elecam-bv-2025-sud,5b8dff62fb970fb3edf01d081d73c0c041d215f4472ea2b6cd3d42e2f8cc7594,needs_review,99,99,18241,18741,500
ELECAM-2025-SU-DJA-ET-LOBO-MEYOMESSALA-0059,59,SU,SUD,SU-DJA-ET-LOBO,DJA-ET-LOBO,SU-DJA-ET-LOBO-MEYOMESSALA,MEYOMESSALA,SAR SM MVOMEKA'A / B,174,MVOMEKA'A,elecam-bv-2025-sud,5b8dff62fb970fb3edf01d081d73c0c041d215f4472ea2b6cd3d42e2f8cc7594,needs_review,99,99,18241,18741,500
ELECAM-2025-SU-DJA-ET-LOBO-MEYOMESSALA-0060,60,SU,SUD,SU-DJA-ET-LOBO,DJA-ET-LOBO,SU-DJA-ET-LOBO-MEYOMESSALA,MEYOMESSALA,SAR SM MVOMEKA'A / C,244,MVOMEKA'A,elecam-bv-2025-sud,5b8dff62fb970fb3edf01d081d73c0c041d215f4472ea2b6cd3d42e2f8cc7594,needs_review,99,99,18241,18741,500
ELECAM-2025-SU-DJA-ET-LOBO-MEYOMESSALA-0061,61,SU,SUD,SU-DJA-ET-LOBO,DJA-ET-LOBO,SU-DJA-ET-LOBO-MEYOMESSALA,MEYOMESSALA,CETIC NDONKOL / A,166,NDONKOL,elecam-bv-2025-sud,5b8dff62fb970fb3edf01d081d73c0c041d215f4472ea2b6cd3d42e2f8cc7594,needs_review,99,99,18241,18741,500
ELECAM-2025-SU-DJA-ET-LOBO-MEYOMESSALA-0062,62,SU,SUD,SU-DJA-ET-LOBO,DJA-ET-LOBO,SU-DJA-ET-LOBO-MEYOMESSALA,MEYOMESSALA,EP NKONGMEKAK / A,289,NGOUNDOU,elecam-bv-2025-sud,5b8dff62fb970fb3edf01d081d73c0c041d215f4472ea2b6cd3d42e2f8cc7594,needs_review,99,99,18241,18741,500
ELECAM-2025-SU-DJA-ET-LOBO-MEYOMESSALA-0063,63,SU,SUD,SU-DJA-ET-LOBO,DJA-ET-LOBO,SU-DJA-ET-LOBO-MEYOMESSALA,MEYOMESSALA,EP NKOLEBO'O / A,225,NKOLEBO'O,elecam-bv-2025-sud,5b8dff62fb970fb3edf01d081d73c0c041d215f4472ea2b6cd3d42e2f8cc7594,needs_review,99,99,18241,18741,500
ELECAM-2025-SU-DJA-ET-LOBO-MEYOMESSALA-0064,64,SU,SUD,SU-DJA-ET-LOBO,DJA-ET-LOBO,SU-DJA-ET-LOBO-MEYOMESSALA,MEYOMESSALA,EP NKOMO / A,240,NKOLESSAM,elecam-bv-2025-sud,5b8dff62fb970fb3edf01d081d73c0c041d215f4472ea2b6cd3d42e2f8cc7594,needs_review,99,99,18241,18741,500
ELECAM-2025-SU-DJA-ET-LOBO-MEYOMESSALA-0065,65,SU,SUD,SU-DJA-ET-LOBO,DJA-ET-LOBO,SU-DJA-ET-LOBO-MEYOMESSALA,MEYOMESSALA,CORPS DE GARDE NKO'ONTONDA / A,67,NKO'ONTONDA,elecam-bv-2025-sud,5b8dff62fb970fb3edf01d081d73c0c041d215f4472ea2b6cd3d42e2f8cc7594,needs_review,99,99,18241,18741,500
ELECAM-2025-SU-DJA-ET-LOBO-MEYOMESSALA-0066,66,SU,SUD,SU-DJA-ET-LOBO,DJA-ET-LOBO,SU-DJA-ET-LOBO-MEYOMESSALA,MEYOMESSALA,EP NLOBESSE'E / A,175,NLOBESSE'E,elecam-bv-2025-sud,5b8dff62fb970fb3edf01d081d73c0c041d215f4472ea2b6cd3d42e2f8cc7594,needs_review,99,99,18241,18741,500
ELECAM-2025-SU-DJA-ET-LOBO-MEYOMESSALA-0067,67,SU,SUD,SU-DJA-ET-LOBO,DJA-ET-LOBO,SU-DJA-ET-LOBO-MEYOMESSALA,MEYOMESSALA,EP BIBOULEMAN / A,165,BIBOULEMAM,elecam-bv-2025-sud,5b8dff62fb970fb3edf01d081d73c0c041d215f4472ea2b6cd3d42e2f8cc7594,needs_review,99,99,18241,18741,500
ELECAM-2025-SU-DJA-ET-LOBO-MEYOMESSALA-0068,68,SU,SUD,SU-DJA-ET-LOBO,DJA-ET-LOBO,SU-DJA-ET-LOBO-MEYOMESSALA,MEYOMESSALA,NOVAPALM FOYER / A,176,NOVAPALM,elecam-bv-2025-sud,5b8dff62fb970fb3edf01d081d73c0c041d215f4472ea2b6cd3d42e2f8cc7594,needs_review,99,99,18241,18741,500
ELECAM-2025-SU-DJA-ET-LOBO-MEYOMESSALA-0069,69,SU,SUD,SU-DJA-ET-LOBO,DJA-ET-LOBO,SU-DJA-ET-LOBO-MEYOMESSALA,MEYOMESSALA,EP NYE'ELE / A,156,NYE'ELE,elecam-bv-2025-sud,5b8dff62fb970fb3edf01d081d73c0c041d215f4472ea2b6cd3d42e2f8cc7594,needs_review,99,99,18241,18741,500
ELECAM-2025-SU-DJA-ET-LOBO-MEYOMESSALA-0070,70,SU,SUD,SU-DJA-ET-LOBO,DJA-ET-LOBO,SU-DJA-ET-LOBO-MEYOMESSALA,MEYOMESSALA,EP NYE'ELE / B,137,NYE'ELE,elecam-bv-2025-sud,5b8dff62fb970fb3edf01d081d73c0c041d215f4472ea2b6cd3d42e2f8cc7594,needs_review,99,99,18241,18741,500
ELECAM-2025-SU-DJA-ET-LOBO-MEYOMESSALA-0071,71,SU,SUD,SU-DJA-ET-LOBO,DJA-ET-LOBO,SU-DJA-ET-LOBO-MEYOMESSALA,MEYOMESSALA,EP TEKMO II / A,177,OLONG,elecam-bv-2025-sud,5b8dff62fb970fb3edf01d081d73c0c041d215f4472ea2b6cd3d42e2f8cc7594,needs_review,99,99,18241,18741,500
ELECAM-2025-SU-DJA-ET-LOBO-MEYOMESSALA-0072,72,SU,SUD,SU-DJA-ET-LOBO,DJA-ET-LOBO,SU-DJA-ET-LOBO-MEYOMESSALA,MEYOMESSALA,EP TATCHING I / A,304,TATCHING I,elecam-bv-2025-sud,5b8dff62fb970fb3edf01d081d73c0c041d215f4472ea2b6cd3d42e2f8cc7594,needs_review,99,99,18241,18741,500
ELECAM-2025-SU-DJA-ET-LOBO-MEYOMESSALA-0073,73,SU,SUD,SU-DJA-ET-LOBO,DJA-ET-LOBO,SU-DJA-ET-LOBO-MEYOMESSALA,MEYOMESSALA,CENTRE COOP TEKMO I / A,214,TEKMO I,elecam-bv-2025-sud,5b8dff62fb970fb3edf01d081d73c0c041d215f4472ea2b6cd3d42e2f8cc7594,needs_review,99,99,18241,18741,500
ELECAM-2025-SU-DJA-ET-LOBO-MEYOMESSALA-0074,74,SU,SUD,SU-DJA-ET-LOBO,DJA-ET-LOBO,SU-DJA-ET-LOBO-MEYOMESSALA,MEYOMESSALA,E.P. DE NNEMEYONG I / A,144,NNEMEYONG I,elecam-bv-2025-sud,5b8dff62fb970fb3edf01d081d73c0c041d215f4472ea2b6cd3d42e2f8cc7594,needs_review,99,99,18241,18741,500
ELECAM-2025-SU-DJA-ET-LOBO-MEYOMESSALA-0075,75,SU,SUD,SU-DJA-ET-LOBO,DJA-ET-LOBO,SU-DJA-ET-LOBO-MEYOMESSALA,MEYOMESSALA,BLOC ADMINISTRATIF SUDCAM I / A,265,NYE'ELE,elecam-bv-2025-sud,5b8dff62fb970fb3edf01d081d73c0c041d215f4472ea2b6cd3d42e2f8cc7594,needs_review,99,99,18241,18741,500
ELECAM-2025-SU-DJA-ET-LOBO-MEYOMESSALA-0076,76,SU,SUD,SU-DJA-ET-LOBO,DJA-ET-LOBO,SU-DJA-ET-LOBO-MEYOMESSALA,MEYOMESSALA,CENTRE DE SANTESUDCAM II / A,245,BIDJONG CHEFFERIE,elecam-bv-2025-sud,5b8dff62fb970fb3edf01d081d73c0c041d215f4472ea2b6cd3d42e2f8cc7594,needs_review,99,99,18241,18741,500
ELECAM-2025-SU-DJA-ET-LOBO-MEYOMESSALA-0077,77,SU,SUD,SU-DJA-ET-LOBO,DJA-ET-LOBO,SU-DJA-ET-LOBO-MEYOMESSALA,MEYOMESSALA,CENTRE DE SANTESUDCAM II / B,167,BIDJONG CHEFFERIE,elecam-bv-2025-sud,5b8dff62fb970fb3edf01d081d73c0c041d215f4472ea2b6cd3d42e2f8cc7594,needs_review,99,99,18241,18741,500
ELECAM-2025-SU-DJA-ET-LOBO-MEYOMESSALA-0078,78,SU,SUD,SU-DJA-ET-LOBO,DJA-ET-LOBO,SU-DJA-ET-LOBO-MEYOMESSALA,MEYOMESSALA,CENTRE DE SANTESUDCAM II / C,75,BIDJONG CHEFFERIE,elecam-bv-2025-sud,5b8dff62fb970fb3edf01d081d73c0c041d215f4472ea2b6cd3d42e2f8cc7594,needs_review,99,99,18241,18741,500
ELECAM-2025-SU-DJA-ET-LOBO-MEYOMESSALA-0079,79,SU,SUD,SU-DJA-ET-LOBO,DJA-ET-LOBO,SU-DJA-ET-LOBO-MEYOMESSALA,MEYOMESSALA,E.P. DE SUDCAM III / A,215,NDJIKOM,elecam-bv-2025-sud,5b8dff62fb970fb3edf01d081d73c0c041d215f4472ea2b6cd3d42e2f8cc7594,needs_review,99,99,18241,18741,500
ELECAM-2025-SU-DJA-ET-LOBO-MEYOMESSALA-0080,80,SU,SUD,SU-DJA-ET-LOBO,DJA-ET-LOBO,SU-DJA-ET-LOBO-MEYOMESSALA,MEYOMESSALA,E.P. DE SUDCAM III / B,197,NDJIKOM,elecam-bv-2025-sud,5b8dff62fb970fb3edf01d081d73c0c041d215f4472ea2b6cd3d42e2f8cc7594,needs_review,99,99,18241,18741,500
ELECAM-2025-SU-DJA-ET-LOBO-MEYOMESSALA-0081,81,SU,SUD,SU-DJA-ET-LOBO,DJA-ET-LOBO,SU-DJA-ET-LOBO-MEYOMESSALA,MEYOMESSALA,ESPL. MARCHENKOLDJA / A,178,NDJIKOM,elecam-bv-2025-sud,5b8dff62fb970fb3edf01d081d73c0c041d215f4472ea2b6cd3d42e2f8cc7594,needs_review,99,99,18241,18741,500
ELECAM-2025-SU-DJA-ET-LOBO-MEYOMESSALA-0082,82,SU,SUD,SU-DJA-ET-LOBO,DJA-ET-LOBO,SU-DJA-ET-LOBO-MEYOMESSALA,MEYOMESSALA,E.P. DE YEMFECK / A,209,BIBA YEMFEK,elecam-bv-2025-sud,5b8dff62fb970fb3edf01d081d73c0c041d215f4472ea2b6cd3d42e2f8cc7594,needs_review,99,99,18241,18741,500
ELECAM-2025-SU-DJA-ET-LOBO-MEYOMESSALA-0083,83,SU,SUD,SU-DJA-ET-LOBO,DJA-ET-LOBO,SU-DJA-ET-LOBO-MEYOMESSALA,MEYOMESSALA,E.P. DE YEMFECK / B,61,BIBA YEMFEK,elecam-bv-2025-sud,5b8dff62fb970fb3edf01d081d73c0c041d215f4472ea2b6cd3d42e2f8cc7594,needs_review,99,99,18241,18741,500
ELECAM-2025-SU-DJA-ET-LOBO-MEYOMESSALA-0084,84,SU,SUD,SU-DJA-ET-LOBO,DJA-ET-LOBO,SU-DJA-ET-LOBO-MEYOMESSALA,MEYOMESSALA,ESPL. MARCHED'EKONG / A,245,EKONG,elecam-bv-2025-sud,5b8dff62fb970fb3edf01d081d73c0c041d215f4472ea2b6cd3d42e2f8cc7594,needs_review,99,99,18241,18741,500
ELECAM-2025-SU-DJA-ET-LOBO-MEYOMESSALA-0085,85,SU,SUD,SU-DJA-ET-LOBO,DJA-ET-LOBO,SU-DJA-ET-LOBO-MEYOMESSALA,MEYOMESSALA,TRIBUNAL COUTUMIER DE NGOASSE / A,263,EFOULAN YEMVAM,elecam-bv-2025-sud,5b8dff62fb970fb3edf01d081d73c0c041d215f4472ea2b6cd3d42e2f8cc7594,needs_review,99,99,18241,18741,500
ELECAM-2025-SU-DJA-ET-LOBO-MEYOMESSALA-0086,86,SU,SUD,SU-DJA-ET-LOBO,DJA-ET-LOBO,SU-DJA-ET-LOBO-MEYOMESSALA,MEYOMESSALA,MARCHE DE MEKIN / A,224,MEKIN,elecam-bv-2025-sud,5b8dff62fb970fb3edf01d081d73c0c041d215f4472ea2b6cd3d42e2f8cc7594,needs_review,99,99,18241,18741,500
ELECAM-2025-SU-DJA-ET-LOBO-MEYOMESSALA-0087,87,SU,SUD,SU-DJA-ET-LOBO,DJA-ET-LOBO,SU-DJA-ET-LOBO-MEYOMESSALA,MEYOMESSALA,MARCHE DE MEKIN / B,241,MEKIN,elecam-bv-2025-sud,5b8dff62fb970fb3edf01d081d73c0c041d215f4472ea2b6cd3d42e2f8cc7594,needs_review,99,99,18241,18741,500
ELECAM-2025-SU-DJA-ET-LOBO-MEYOMESSALA-0088,88,SU,SUD,SU-DJA-ET-LOBO,DJA-ET-LOBO,SU-DJA-ET-LOBO-MEYOMESSALA,MEYOMESSALA,MARCHE DE MINKO / A,93,MINKO,elecam-bv-2025-sud,5b8dff62fb970fb3edf01d081d73c0c041d215f4472ea2b6cd3d42e2f8cc7594,needs_review,99,99,18241,18741,500
ELECAM-2025-SU-DJA-ET-LOBO-MEYOMESSALA-0089,89,SU,SUD,SU-DJA-ET-LOBO,DJA-ET-LOBO,SU-DJA-ET-LOBO-MEYOMESSALA,MEYOMESSALA,EP SUDCAM 6 / A,235,SUDCAM,elecam-bv-2025-sud,5b8dff62fb970fb3edf01d081d73c0c041d215f4472ea2b6cd3d42e2f8cc7594,needs_review,99,99,18241,18741,500
ELECAM-2025-SU-DJA-ET-LOBO-MEYOMESSALA-0090,90,SU,SUD,SU-DJA-ET-LOBO,DJA-ET-LOBO,SU-DJA-ET-LOBO-MEYOMESSALA,MEYOMESSALA,EP MENGOM / A,71,MENGOM,elecam-bv-2025-sud,5b8dff62fb970fb3edf01d081d73c0c041d215f4472ea2b6cd3d42e2f8cc7594,needs_review,99,99,18241,18741,500
ELECAM-2025-SU-DJA-ET-LOBO-MEYOMESSALA-0091,91,SU,SUD,SU-DJA-ET-LOBO,DJA-ET-LOBO,SU-DJA-ET-LOBO-MEYOMESSALA,MEYOMESSALA,CASE COMMUNAUTAIRE BISSO'O / A,114,BISSO'O,elecam-bv-2025-sud,5b8dff62fb970fb3edf01d081d73c0c041d215f4472ea2b6cd3d42e2f8cc7594,needs_review,99,99,18241,18741,500
ELECAM-2025-SU-DJA-ET-LOBO-MEYOMESSALA-0092,92,SU,SUD,SU-DJA-ET-LOBO,DJA-ET-LOBO,SU-DJA-ET-LOBO-MEYOMESSALA,MEYOMESSALA,EP MINTIMA / A,139,MEMVAE,elecam-bv-2025-sud,5b8dff62fb970fb3edf01d081d73c0c041d215f4472ea2b6cd3d42e2f8cc7594,needs_review,99,99,18241,18741,500
ELECAM-2025-SU-DJA-ET-LOBO-MEYOMESSALA-0093,93,SU,SUD,SU-DJA-ET-LOBO,DJA-ET-LOBO,SU-DJA-ET-LOBO-MEYOMESSALA,MEYOMESSALA,CASE COMMUNAUTAIRE YOUS / A,68,YOUS,elecam-bv-2025-sud,5b8dff62fb970fb3edf01d081d73c0c041d215f4472ea2b6cd3d42e2f8cc7594,needs_review,99,99,18241,18741,500
ELECAM-2025-SU-DJA-ET-LOBO-MEYOMESSALA-0094,94,SU,SUD,SU-DJA-ET-LOBO,DJA-ET-LOBO,SU-DJA-ET-LOBO-MEYOMESSALA,MEYOMESSALA,CES YEM YEMFEK / A,64,YEM YEMFEK,elecam-bv-2025-sud,5b8dff62fb970fb3edf01d081d73c0c041d215f4472ea2b6cd3d42e2f8cc7594,needs_review,99,99,18241,18741,500
ELECAM-2025-SU-DJA-ET-LOBO-MEYOMESSALA-0095,95,SU,SUD,SU-DJA-ET-LOBO,DJA-ET-LOBO,SU-DJA-ET-LOBO-MEYOMESSALA,MEYOMESSALA,EP SUDCAM VILLAGE 7 / A,75,SUDCAM VILLAGE,elecam-bv-2025-sud,5b8dff62fb970fb3edf01d081d73c0c041d215f4472ea2b6cd3d42e2f8cc7594,needs_review,99,99,18241,18741,500
ELECAM-2025-SU-DJA-ET-LOBO-MEYOMESSALA-0096,96,SU,SUD,SU-DJA-ET-LOBO,DJA-ET-LOBO,SU-DJA-ET-LOBO-MEYOMESSALA,MEYOMESSALA,EP SUDCAM VILLAGE 8 / A,113,SUDCAM VILLAGE,elecam-bv-2025-sud,5b8dff62fb970fb3edf01d081d73c0c041d215f4472ea2b6cd3d42e2f8cc7594,needs_review,99,99,18241,18741,500
ELECAM-2025-SU-DJA-ET-LOBO-MEYOMESSALA-0097,97,SU,SUD,SU-DJA-ET-LOBO,DJA-ET-LOBO,SU-DJA-ET-LOBO-MEYOMESSALA,MEYOMESSALA,EP SUDCAM VILLAGE 9 / A,156,SUDCAM VILLAGE,elecam-bv-2025-sud,5b8dff62fb970fb3edf01d081d73c0c041d215f4472ea2b6cd3d42e2f8cc7594,needs_review,99,99,18241,18741,500
ELECAM-2025-SU-DJA-ET-LOBO-MEYOMESSALA-0098,98,SU,SUD,SU-DJA-ET-LOBO,DJA-ET-LOBO,SU-DJA-ET-LOBO-MEYOMESSALA,MEYOMESSALA,BLOC ADMIN SUDCAM VILLAGE 4 / A,130,SUDCAM VILLAGE,elecam-bv-2025-sud,5b8dff62fb970fb3edf01d081d73c0c041d215f4472ea2b6cd3d42e2f8cc7594,needs_review,99,99,18241,18741,500
ELECAM-2025-SU-DJA-ET-LOBO-MEYOMESSALA-0099,99,SU,SUD,SU-DJA-ET-LOBO,DJA-ET-LOBO,SU-DJA-ET-LOBO-MEYOMESSALA,MEYOMESSALA,BLOC ADMIN SUDCAM VILLAGE 5 / A,544,SUDCAM VILLAGE,elecam-bv-2025-sud,5b8dff62fb970fb3edf01d081d73c0c041d215f4472ea2b6cd3d42e2f8cc7594,needs_review,99,99,18241,18741,500
ELECAM-2025-SU-DJA-ET-LOBO-MINTOM-0001,1,SU,SUD,SU-DJA-ET-LOBO,DJA-ET-LOBO,SU-DJA-ET-LOBO-MINTOM,MINTOM,EP AKOM / A,210,AKOM,elecam-bv-2025-sud,5b8dff62fb970fb3edf01d081d73c0c041d215f4472ea2b6cd3d42e2f8cc7594,needs_review,29,29,3739,3939,200
ELECAM-2025-SU-DJA-ET-LOBO-MINTOM-0002,2,SU,SUD,SU-DJA-ET-LOBO,DJA-ET-LOBO,SU-DJA-ET-LOBO-MINTOM,MINTOM,FOYER AKONETYE / A,55,AKONETYE,elecam-bv-2025-sud,5b8dff62fb970fb3edf01d081d73c0c041d215f4472ea2b6cd3d42e2f8cc7594,needs_review,29,29,3739,3939,200
ELECAM-2025-SU-DJA-ET-LOBO-MINTOM-0003,3,SU,SUD,SU-DJA-ET-LOBO,DJA-ET-LOBO,SU-DJA-ET-LOBO-MINTOM,MINTOM,EP ALATI / A,77,ALATI,elecam-bv-2025-sud,5b8dff62fb970fb3edf01d081d73c0c041d215f4472ea2b6cd3d42e2f8cc7594,needs_review,29,29,3739,3939,200
ELECAM-2025-SU-DJA-ET-LOBO-MINTOM-0004,4,SU,SUD,SU-DJA-ET-LOBO,DJA-ET-LOBO,SU-DJA-ET-LOBO-MINTOM,MINTOM,CORPS DE GARDE NOAH AKOM II / A,136,BELLE VILLE,elecam-bv-2025-sud,5b8dff62fb970fb3edf01d081d73c0c041d215f4472ea2b6cd3d42e2f8cc7594,needs_review,29,29,3739,3939,200
ELECAM-2025-SU-DJA-ET-LOBO-MINTOM-0005,5,SU,SUD,SU-DJA-ET-LOBO,DJA-ET-LOBO,SU-DJA-ET-LOBO-MINTOM,MINTOM,FOYER MEYONG BI / A,50,BI,elecam-bv-2025-sud,5b8dff62fb970fb3edf01d081d73c0c041d215f4472ea2b6cd3d42e2f8cc7594,needs_review,29,29,3739,3939,200
ELECAM-2025-SU-DJA-ET-LOBO-MINTOM-0006,6,SU,SUD,SU-DJA-ET-LOBO,DJA-ET-LOBO,SU-DJA-ET-LOBO-MINTOM,MINTOM,EP BINDOM / A,128,BINDOM,elecam-bv-2025-sud,5b8dff62fb970fb3edf01d081d73c0c041d215f4472ea2b6cd3d42e2f8cc7594,needs_review,29,29,3739,3939,200
ELECAM-2025-SU-DJA-ET-LOBO-MINTOM-0007,7,SU,SUD,SU-DJA-ET-LOBO,DJA-ET-LOBO,SU-DJA-ET-LOBO-MINTOM,MINTOM,CORPS DE GARDE BITE / A,152,BITE I,elecam-bv-2025-sud,5b8dff62fb970fb3edf01d081d73c0c041d215f4472ea2b6cd3d42e2f8cc7594,needs_review,29,29,3739,3939,200
ELECAM-2025-SU-DJA-ET-LOBO-MINTOM-0008,8,SU,SUD,SU-DJA-ET-LOBO,DJA-ET-LOBO,SU-DJA-ET-LOBO-MINTOM,MINTOM,CORPS DE GARDE ESSENG / A,51,ESSENG,elecam-bv-2025-sud,5b8dff62fb970fb3edf01d081d73c0c041d215f4472ea2b6cd3d42e2f8cc7594,needs_review,29,29,3739,3939,200
ELECAM-2025-SU-DJA-ET-LOBO-MINTOM-0009,9,SU,SUD,SU-DJA-ET-LOBO,DJA-ET-LOBO,SU-DJA-ET-LOBO-MINTOM,MINTOM,EP KOUNGOULOU / A,119,KOUNGOULOU,elecam-bv-2025-sud,5b8dff62fb970fb3edf01d081d73c0c041d215f4472ea2b6cd3d42e2f8cc7594,needs_review,29,29,3739,3939,200
ELECAM-2025-SU-DJA-ET-LOBO-MINTOM-0010,10,SU,SUD,SU-DJA-ET-LOBO,DJA-ET-LOBO,SU-DJA-ET-LOBO-MINTOM,MINTOM,EP LELE / A,156,LELE,elecam-bv-2025-sud,5b8dff62fb970fb3edf01d081d73c0c041d215f4472ea2b6cd3d42e2f8cc7594,needs_review,29,29,3739,3939,200
ELECAM-2025-SU-DJA-ET-LOBO-MINTOM-0011,11,SU,SUD,SU-DJA-ET-LOBO,DJA-ET-LOBO,SU-DJA-ET-LOBO-MINTOM,MINTOM,EP MBOUT-OKONG / A,167,BITE II,elecam-bv-2025-sud,5b8dff62fb970fb3edf01d081d73c0c041d215f4472ea2b6cd3d42e2f8cc7594,needs_review,29,29,3739,3939,200
ELECAM-2025-SU-DJA-ET-LOBO-MINTOM-0012,12,SU,SUD,SU-DJA-ET-LOBO,DJA-ET-LOBO,SU-DJA-ET-LOBO-MINTOM,MINTOM,EP MEKOM / A,53,MEKOM,elecam-bv-2025-sud,5b8dff62fb970fb3edf01d081d73c0c041d215f4472ea2b6cd3d42e2f8cc7594,needs_review,29,29,3739,3939,200
ELECAM-2025-SU-DJA-ET-LOBO-MINTOM-0013,13,SU,SUD,SU-DJA-ET-LOBO,DJA-ET-LOBO,SU-DJA-ET-LOBO-MINTOM,MINTOM,EP MEKOTTO / A,156,MEKOTTO,elecam-bv-2025-sud,5b8dff62fb970fb3edf01d081d73c0c041d215f4472ea2b6cd3d42e2f8cc7594,needs_review,29,29,3739,3939,200
ELECAM-2025-SU-DJA-ET-LOBO-MINTOM-0014,14,SU,SUD,SU-DJA-ET-LOBO,DJA-ET-LOBO,SU-DJA-ET-LOBO-MINTOM,MINTOM,EP DU CENTRE MINTOM II / A,345,MEYIBOTO,elecam-bv-2025-sud,5b8dff62fb970fb3edf01d081d73c0c041d215f4472ea2b6cd3d42e2f8cc7594,needs_review,29,29,3739,3939,200
ELECAM-2025-SU-DJA-ET-LOBO-MINTOM-0015,15,SU,SUD,SU-DJA-ET-LOBO,DJA-ET-LOBO,SU-DJA-ET-LOBO-MINTOM,MINTOM,LYCEE MINTOM CENTRE / A,346,MINTOM CENTRE,elecam-bv-2025-sud,5b8dff62fb970fb3edf01d081d73c0c041d215f4472ea2b6cd3d42e2f8cc7594,needs_review,29,29,3739,3939,200
ELECAM-2025-SU-DJA-ET-LOBO-MINTOM-0016,16,SU,SUD,SU-DJA-ET-LOBO,DJA-ET-LOBO,SU-DJA-ET-LOBO-MINTOM,MINTOM,LYCEE MINTOM CENTRE / B,246,MINTOM CENTRE,elecam-bv-2025-sud,5b8dff62fb970fb3edf01d081d73c0c041d215f4472ea2b6cd3d42e2f8cc7594,needs_review,29,29,3739,3939,200
ELECAM-2025-SU-DJA-ET-LOBO-MINTOM-0017,17,SU,SUD,SU-DJA-ET-LOBO,DJA-ET-LOBO,SU-DJA-ET-LOBO-MINTOM,MINTOM,FOYER MINTOM I / A,122,MINTOM I,elecam-bv-2025-sud,5b8dff62fb970fb3edf01d081d73c0c041d215f4472ea2b6cd3d42e2f8cc7594,needs_review,29,29,3739,3939,200
ELECAM-2025-SU-DJA-ET-LOBO-MINTOM-0018,18,SU,SUD,SU-DJA-ET-LOBO,DJA-ET-LOBO,SU-DJA-ET-LOBO-MINTOM,MINTOM,FOYER NKOLKOUMOU / A,113,NKOLKOUMOU,elecam-bv-2025-sud,5b8dff62fb970fb3edf01d081d73c0c041d215f4472ea2b6cd3d42e2f8cc7594,needs_review,29,29,3739,3939,200
ELECAM-2025-SU-DJA-ET-LOBO-MINTOM-0019,19,SU,SUD,SU-DJA-ET-LOBO,DJA-ET-LOBO,SU-DJA-ET-LOBO-MINTOM,MINTOM,EP NKOLMBOULA / A,79,NKOLMBOULA,elecam-bv-2025-sud,5b8dff62fb970fb3edf01d081d73c0c041d215f4472ea2b6cd3d42e2f8cc7594,needs_review,29,29,3739,3939,200
ELECAM-2025-SU-DJA-ET-LOBO-MINTOM-0020,20,SU,SUD,SU-DJA-ET-LOBO,DJA-ET-LOBO,SU-DJA-ET-LOBO-MINTOM,MINTOM,EP ZE / A,138,ZE,elecam-bv-2025-sud,5b8dff62fb970fb3edf01d081d73c0c041d215f4472ea2b6cd3d42e2f8cc7594,needs_review,29,29,3739,3939,200
ELECAM-2025-SU-DJA-ET-LOBO-MINTOM-0021,21,SU,SUD,SU-DJA-ET-LOBO,DJA-ET-LOBO,SU-DJA-ET-LOBO-MINTOM,MINTOM,EP ZOEBEFAM / A,200,NKOLEFIAL,elecam-bv-2025-sud,5b8dff62fb970fb3edf01d081d73c0c041d215f4472ea2b6cd3d42e2f8cc7594,needs_review,29,29,3739,3939,200
ELECAM-2025-SU-DJA-ET-LOBO-MINTOM-0022,22,SU,SUD,SU-DJA-ET-LOBO,DJA-ET-LOBO,SU-DJA-ET-LOBO-MINTOM,MINTOM,EP ZO'OTOU II / A,42,ZO'OTOU II,elecam-bv-2025-sud,5b8dff62fb970fb3edf01d081d73c0c041d215f4472ea2b6cd3d42e2f8cc7594,needs_review,29,29,3739,3939,200
ELECAM-2025-SU-DJA-ET-LOBO-MINTOM-0023,23,SU,SUD,SU-DJA-ET-LOBO,DJA-ET-LOBO,SU-DJA-ET-LOBO-MINTOM,MINTOM,CENTRE PRESCOLAIRE ZOULABOT / A,162,ZOULABOT I,elecam-bv-2025-sud,5b8dff62fb970fb3edf01d081d73c0c041d215f4472ea2b6cd3d42e2f8cc7594,needs_review,29,29,3739,3939,200
ELECAM-2025-SU-DJA-ET-LOBO-MINTOM-0024,24,SU,SUD,SU-DJA-ET-LOBO,DJA-ET-LOBO,SU-DJA-ET-LOBO-MINTOM,MINTOM,EP ZOULABOT / A,135,ZOULABOT II,elecam-bv-2025-sud,5b8dff62fb970fb3edf01d081d73c0c041d215f4472ea2b6cd3d42e2f8cc7594,needs_review,29,29,3739,3939,200
ELECAM-2025-SU-DJA-ET-LOBO-MINTOM-0025,25,SU,SUD,SU-DJA-ET-LOBO,DJA-ET-LOBO,SU-DJA-ET-LOBO-MINTOM,MINTOM,E.P. SAKE / A,73,MENGOM,elecam-bv-2025-sud,5b8dff62fb970fb3edf01d081d73c0c041d215f4472ea2b6cd3d42e2f8cc7594,needs_review,29,29,3739,3939,200
ELECAM-2025-SU-DJA-ET-LOBO-MINTOM-0026,26,SU,SUD,SU-DJA-ET-LOBO,DJA-ET-LOBO,SU-DJA-ET-LOBO-MINTOM,MINTOM,FOYER NKOLFONG / A,79,NKOLFONG,elecam-bv-2025-sud,5b8dff62fb970fb3edf01d081d73c0c041d215f4472ea2b6cd3d42e2f8cc7594,needs_review,29,29,3739,3939,200
ELECAM-2025-SU-DJA-ET-LOBO-MINTOM-0027,27,SU,SUD,SU-DJA-ET-LOBO,DJA-ET-LOBO,SU-DJA-ET-LOBO-MINTOM,MINTOM,FOYER BITE2 / A,248,BITE,elecam-bv-2025-sud,5b8dff62fb970fb3edf01d081d73c0c041d215f4472ea2b6cd3d42e2f8cc7594,needs_review,29,29,3739,3939,200
ELECAM-2025-SU-DJA-ET-LOBO-MINTOM-0028,28,SU,SUD,SU-DJA-ET-LOBO,DJA-ET-LOBO,SU-DJA-ET-LOBO-MINTOM,MINTOM,CORPS DE GARDE ZOULAMEYONG / A,48,NKOLEFIAL,elecam-bv-2025-sud,5b8dff62fb970fb3edf01d081d73c0c041d215f4472ea2b6cd3d42e2f8cc7594,needs_review,29,29,3739,3939,200
ELECAM-2025-SU-DJA-ET-LOBO-MINTOM-0029,29,SU,SUD,SU-DJA-ET-LOBO,DJA-ET-LOBO,SU-DJA-ET-LOBO-MINTOM,MINTOM,CORPS DE GARDE BELLE VILLE / A,53,BELLE VILLE,elecam-bv-2025-sud,5b8dff62fb970fb3edf01d081d73c0c041d215f4472ea2b6cd3d42e2f8cc7594,needs_review,29,29,3739,3939,200
ELECAM-2025-SU-OCEAN-CAMPO-0001,1,SU,SUD,SU-OCEAN,OCEAN,SU-OCEAN-CAMPO,CAMPO,E.P. D'AKAK / A,195,AFAN - ESSOKIE,elecam-bv-2025-sud,5b8dff62fb970fb3edf01d081d73c0c041d215f4472ea2b6cd3d42e2f8cc7594,needs_review,27,27,3367,3667,300
ELECAM-2025-SU-OCEAN-CAMPO-0002,2,SU,SUD,SU-OCEAN,OCEAN,SU-OCEAN-CAMPO,CAMPO,ESPLANADE MAISON IPENYENDJE / A,25,BEYO,elecam-bv-2025-sud,5b8dff62fb970fb3edf01d081d73c0c041d215f4472ea2b6cd3d42e2f8cc7594,needs_review,27,27,3367,3667,300
ELECAM-2025-SU-OCEAN-CAMPO-0003,3,SU,SUD,SU-OCEAN,OCEAN,SU-OCEAN-CAMPO,CAMPO,E.P. CAMPO VILLE / A,237,BOKOMBE,elecam-bv-2025-sud,5b8dff62fb970fb3edf01d081d73c0c041d215f4472ea2b6cd3d42e2f8cc7594,needs_review,27,27,3367,3667,300
ELECAM-2025-SU-OCEAN-CAMPO-0004,4,SU,SUD,SU-OCEAN,OCEAN,SU-OCEAN-CAMPO,CAMPO,E.P. CAMPO VILLE / B,267,BOKOMBE,elecam-bv-2025-sud,5b8dff62fb970fb3edf01d081d73c0c041d215f4472ea2b6cd3d42e2f8cc7594,needs_review,27,27,3367,3667,300
ELECAM-2025-SU-OCEAN-CAMPO-0005,5,SU,SUD,SU-OCEAN,OCEAN,SU-OCEAN-CAMPO,CAMPO,E.P. CAMPO VILLE / C,262,BOKOMBE,elecam-bv-2025-sud,5b8dff62fb970fb3edf01d081d73c0c041d215f4472ea2b6cd3d42e2f8cc7594,needs_review,27,27,3367,3667,300
ELECAM-2025-SU-OCEAN-CAMPO-0006,6,SU,SUD,SU-OCEAN,OCEAN,SU-OCEAN-CAMPO,CAMPO,E.P. BOUANDJO / A,182,BOUANDJO,elecam-bv-2025-sud,5b8dff62fb970fb3edf01d081d73c0c041d215f4472ea2b6cd3d42e2f8cc7594,needs_review,27,27,3367,3667,300
ELECAM-2025-SU-OCEAN-CAMPO-0007,7,SU,SUD,SU-OCEAN,OCEAN,SU-OCEAN-CAMPO,CAMPO,E.P. CAMPO BEACH / A,212,CAMPO BEACH,elecam-bv-2025-sud,5b8dff62fb970fb3edf01d081d73c0c041d215f4472ea2b6cd3d42e2f8cc7594,needs_review,27,27,3367,3667,300
ELECAM-2025-SU-OCEAN-CAMPO-0008,8,SU,SUD,SU-OCEAN,OCEAN,SU-OCEAN-CAMPO,CAMPO,EGLISE PROTESTANTE DOUAMSSI / A,241,DOUMASSI,elecam-bv-2025-sud,5b8dff62fb970fb3edf01d081d73c0c041d215f4472ea2b6cd3d42e2f8cc7594,needs_review,27,27,3367,3667,300
ELECAM-2025-SU-OCEAN-CAMPO-0009,9,SU,SUD,SU-OCEAN,OCEAN,SU-OCEAN-CAMPO,CAMPO,CHAPELLE EPC DOUM-ESSAMEBENGA / A,68,DOUM - ESSAMEBENGA,elecam-bv-2025-sud,5b8dff62fb970fb3edf01d081d73c0c041d215f4472ea2b6cd3d42e2f8cc7594,needs_review,27,27,3367,3667,300
ELECAM-2025-SU-OCEAN-CAMPO-0010,10,SU,SUD,SU-OCEAN,OCEAN,SU-OCEAN-CAMPO,CAMPO,E.P. EBIANEMEYONG / A,71,EBIANEMEYONG,elecam-bv-2025-sud,5b8dff62fb970fb3edf01d081d73c0c041d215f4472ea2b6cd3d42e2f8cc7594,needs_review,27,27,3367,3667,300
ELECAM-2025-SU-OCEAN-CAMPO-0011,11,SU,SUD,SU-OCEAN,OCEAN,SU-OCEAN-CAMPO,CAMPO,E.P. EBODJE / A,153,EBODJE,elecam-bv-2025-sud,5b8dff62fb970fb3edf01d081d73c0c041d215f4472ea2b6cd3d42e2f8cc7594,needs_review,27,27,3367,3667,300
ELECAM-2025-SU-OCEAN-CAMPO-0012,12,SU,SUD,SU-OCEAN,OCEAN,SU-OCEAN-CAMPO,CAMPO,ESPL. CHEFFERIE D'ITONDEFANG / A,65,ITONDE MER,elecam-bv-2025-sud,5b8dff62fb970fb3edf01d081d73c0c041d215f4472ea2b6cd3d42e2f8cc7594,needs_review,27,27,3367,3667,300
ELECAM-2025-SU-OCEAN-CAMPO-0013,13,SU,SUD,SU-OCEAN,OCEAN,SU-OCEAN-CAMPO,CAMPO,E.P. ITONDEFANG / A,255,AFAN - ESSOKIE,elecam-bv-2025-sud,5b8dff62fb970fb3edf01d081d73c0c041d215f4472ea2b6cd3d42e2f8cc7594,needs_review,27,27,3367,3667,300
ELECAM-2025-SU-OCEAN-CAMPO-0014,14,SU,SUD,SU-OCEAN,OCEAN,SU-OCEAN-CAMPO,CAMPO,E.P. MABIOGO / A,105,MABIOGO,elecam-bv-2025-sud,5b8dff62fb970fb3edf01d081d73c0c041d215f4472ea2b6cd3d42e2f8cc7594,needs_review,27,27,3367,3667,300
ELECAM-2025-SU-OCEAN-CAMPO-0015,15,SU,SUD,SU-OCEAN,OCEAN,SU-OCEAN-CAMPO,CAMPO,CHAPELLE MALABA / A,61,MALABA,elecam-bv-2025-sud,5b8dff62fb970fb3edf01d081d73c0c041d215f4472ea2b6cd3d42e2f8cc7594,needs_review,27,27,3367,3667,300
ELECAM-2025-SU-OCEAN-CAMPO-0016,16,SU,SUD,SU-OCEAN,OCEAN,SU-OCEAN-CAMPO,CAMPO,WWF FAUNE MINTOM / A,108,MINTOM,elecam-bv-2025-sud,5b8dff62fb970fb3edf01d081d73c0c041d215f4472ea2b6cd3d42e2f8cc7594,needs_review,27,27,3367,3667,300
ELECAM-2025-SU-OCEAN-CAMPO-0017,17,SU,SUD,SU-OCEAN,OCEAN,SU-OCEAN-CAMPO,CAMPO,E.P. MVASSE / A,142,MVASSE,elecam-bv-2025-sud,5b8dff62fb970fb3edf01d081d73c0c041d215f4472ea2b6cd3d42e2f8cc7594,needs_review,27,27,3367,3667,300
ELECAM-2025-SU-OCEAN-CAMPO-0018,18,SU,SUD,SU-OCEAN,OCEAN,SU-OCEAN-CAMPO,CAMPO,E.P. NKOELON / A,47,NKOELON,elecam-bv-2025-sud,5b8dff62fb970fb3edf01d081d73c0c041d215f4472ea2b6cd3d42e2f8cc7594,needs_review,27,27,3367,3667,300
ELECAM-2025-SU-OCEAN-CAMPO-0019,19,SU,SUD,SU-OCEAN,OCEAN,SU-OCEAN-CAMPO,CAMPO,E.P. IPONO / A,195,ANCIEN CAMP HFC IPONO,elecam-bv-2025-sud,5b8dff62fb970fb3edf01d081d73c0c041d215f4472ea2b6cd3d42e2f8cc7594,needs_review,27,27,3367,3667,300
ELECAM-2025-SU-OCEAN-CAMPO-0020,20,SU,SUD,SU-OCEAN,OCEAN,SU-OCEAN-CAMPO,CAMPO,BATIMENT CAMEROUNAISE DES EAUX / A,55,PARIS SOIR,elecam-bv-2025-sud,5b8dff62fb970fb3edf01d081d73c0c041d215f4472ea2b6cd3d42e2f8cc7594,needs_review,27,27,3367,3667,300
ELECAM-2025-SU-OCEAN-CAMPO-0021,21,SU,SUD,SU-OCEAN,OCEAN,SU-OCEAN-CAMPO,CAMPO,P.C. 11EME BAFUMAR / A,167,CAMPO BEACH,elecam-bv-2025-sud,5b8dff62fb970fb3edf01d081d73c0c041d215f4472ea2b6cd3d42e2f8cc7594,needs_review,27,27,3367,3667,300
ELECAM-2025-SU-OCEAN-CAMPO-0022,22,SU,SUD,SU-OCEAN,OCEAN,SU-OCEAN-CAMPO,CAMPO,P.C. 11EME BAFUMAR / B,222,CAMPO BEACH,elecam-bv-2025-sud,5b8dff62fb970fb3edf01d081d73c0c041d215f4472ea2b6cd3d42e2f8cc7594,needs_review,27,27,3367,3667,300
ELECAM-2025-SU-OCEAN-CAMPO-0023,23,SU,SUD,SU-OCEAN,OCEAN,SU-OCEAN-CAMPO,CAMPO,EGLISE PROTESTANTE ATLANTIQUE / A,93,CHATEAU,elecam-bv-2025-sud,5b8dff62fb970fb3edf01d081d73c0c041d215f4472ea2b6cd3d42e2f8cc7594,needs_review,27,27,3367,3667,300
ELECAM-2025-SU-OCEAN-CAMPO-0024,24,SU,SUD,SU-OCEAN,OCEAN,SU-OCEAN-CAMPO,CAMPO,C.E.S. D'EBODJE / A,66,EBODJE,elecam-bv-2025-sud,5b8dff62fb970fb3edf01d081d73c0c041d215f4472ea2b6cd3d42e2f8cc7594,needs_review,27,27,3367,3667,300
ELECAM-2025-SU-OCEAN-CAMPO-0025,25,SU,SUD,SU-OCEAN,OCEAN,SU-OCEAN-CAMPO,CAMPO,CHAPELLE EPC DE MBENDJI / A,36,BEKOKA,elecam-bv-2025-sud,5b8dff62fb970fb3edf01d081d73c0c041d215f4472ea2b6cd3d42e2f8cc7594,needs_review,27,27,3367,3667,300
ELECAM-2025-SU-OCEAN-CAMPO-0026,26,SU,SUD,SU-OCEAN,OCEAN,SU-OCEAN-CAMPO,CAMPO,CARREFOUR MAMEL / A,71,CARREFOUR MAMEL A,elecam-bv-2025-sud,5b8dff62fb970fb3edf01d081d73c0c041d215f4472ea2b6cd3d42e2f8cc7594,needs_review,27,27,3367,3667,300
ELECAM-2025-SU-OCEAN-CAMPO-0027,27,SU,SUD,SU-OCEAN,OCEAN,SU-OCEAN-CAMPO,CAMPO,CAMP BONO / A,66,LEILA MASSEA,elecam-bv-2025-sud,5b8dff62fb970fb3edf01d081d73c0c041d215f4472ea2b6cd3d42e2f8cc7594,needs_review,27,27,3367,3667,300
ELECAM-2025-SU-OCEAN-NIETE-0001,1,SU,SUD,SU-OCEAN,OCEAN,SU-OCEAN-NIETE,NIETE,ECOLE PUBLIQUE D'AFAN-OVENG / A,184,AFANG-OVENG,elecam-bv-2025-sud,5b8dff62fb970fb3edf01d081d73c0c041d215f4472ea2b6cd3d42e2f8cc7594,needs_review,52,52,11394,11994,600
ELECAM-2025-SU-OCEAN-NIETE-0002,2,SU,SUD,SU-OCEAN,OCEAN,SU-OCEAN-NIETE,NIETE,ECOLE PUBLIQUE D'ADJAP / A,249,ADJAP,elecam-bv-2025-sud,5b8dff62fb970fb3edf01d081d73c0c041d215f4472ea2b6cd3d42e2f8cc7594,needs_review,52,52,11394,11994,600
ELECAM-2025-SU-OCEAN-NIETE-0003,3,SU,SUD,SU-OCEAN,OCEAN,SU-OCEAN-NIETE,NIETE,ECOLE PUBLIQUE D'AKOM I / A,172,AKOM I,elecam-bv-2025-sud,5b8dff62fb970fb3edf01d081d73c0c041d215f4472ea2b6cd3d42e2f8cc7594,needs_review,52,52,11394,11994,600
ELECAM-2025-SU-OCEAN-NIETE-0004,4,SU,SUD,SU-OCEAN,OCEAN,SU-OCEAN-NIETE,NIETE,ECOLE PUBLIQUE DE ZINGUI / A,302,ANDJECK,elecam-bv-2025-sud,5b8dff62fb970fb3edf01d081d73c0c041d215f4472ea2b6cd3d42e2f8cc7594,needs_review,52,52,11394,11994,600
ELECAM-2025-SU-OCEAN-NIETE-0005,5,SU,SUD,SU-OCEAN,OCEAN,SU-OCEAN-NIETE,NIETE,ECOLE PUBLIQUE BIDOU III / A,160,BIDOU III,elecam-bv-2025-sud,5b8dff62fb970fb3edf01d081d73c0c041d215f4472ea2b6cd3d42e2f8cc7594,needs_review,52,52,11394,11994,600
ELECAM-2025-SU-OCEAN-NIETE-0006,6,SU,SUD,SU-OCEAN,OCEAN,SU-OCEAN-NIETE,NIETE,ECOLE PUBLIQUE DE BIFA / A,75,BIFA,elecam-bv-2025-sud,5b8dff62fb970fb3edf01d081d73c0c041d215f4472ea2b6cd3d42e2f8cc7594,needs_review,52,52,11394,11994,600
ELECAM-2025-SU-OCEAN-NIETE-0007,7,SU,SUD,SU-OCEAN,OCEAN,SU-OCEAN-NIETE,NIETE,ECOLE PUBLIQUE HEVECAM VILLAGE 1 / A,159,CITE DES CADRES,elecam-bv-2025-sud,5b8dff62fb970fb3edf01d081d73c0c041d215f4472ea2b6cd3d42e2f8cc7594,needs_review,52,52,11394,11994,600
ELECAM-2025-SU-OCEAN-NIETE-0008,8,SU,SUD,SU-OCEAN,OCEAN,SU-OCEAN-NIETE,NIETE,ECOLE PUBLIQUE DE NKO'OLONG / A,230,NKO'OLONG,elecam-bv-2025-sud,5b8dff62fb970fb3edf01d081d73c0c041d215f4472ea2b6cd3d42e2f8cc7594,needs_review,52,52,11394,11994,600
ELECAM-2025-SU-OCEAN-NIETE-0009,9,SU,SUD,SU-OCEAN,OCEAN,SU-OCEAN-NIETE,NIETE,SALLE DES FETES NLONGO / A,107,NLONGO GENDARMERIE,elecam-bv-2025-sud,5b8dff62fb970fb3edf01d081d73c0c041d215f4472ea2b6cd3d42e2f8cc7594,needs_review,52,52,11394,11994,600
ELECAM-2025-SU-OCEAN-NIETE-0010,10,SU,SUD,SU-OCEAN,OCEAN,SU-OCEAN-NIETE,NIETE,ECOLE PUBLIQUE NKO'OLONG / A,45,NLOZOK,elecam-bv-2025-sud,5b8dff62fb970fb3edf01d081d73c0c041d215f4472ea2b6cd3d42e2f8cc7594,needs_review,52,52,11394,11994,600
ELECAM-2025-SU-OCEAN-NIETE-0011,11,SU,SUD,SU-OCEAN,OCEAN,SU-OCEAN-NIETE,NIETE,ECOLE PUBLIQUE HEVECAM VILLAGE HOP. /,65,QUARTIER HOPITAL,elecam-bv-2025-sud,5b8dff62fb970fb3edf01d081d73c0c041d215f4472ea2b6cd3d42e2f8cc7594,needs_review,52,52,11394,11994,600
ELECAM-2025-SU-OCEAN-NIETE-0012,12,SU,SUD,SU-OCEAN,OCEAN,SU-OCEAN-NIETE,NIETE,ECOLE PUBLIQUE HEVECAM VILLAGE 2 / A,381,NIETE VILLAGE,elecam-bv-2025-sud,5b8dff62fb970fb3edf01d081d73c0c041d215f4472ea2b6cd3d42e2f8cc7594,needs_review,52,52,11394,11994,600
ELECAM-2025-SU-OCEAN-NIETE-0013,13,SU,SUD,SU-OCEAN,OCEAN,SU-OCEAN-NIETE,NIETE,ECOLE PUBLIQUE HEVECAM VILLAGE 2 / B,164,NIETE VILLAGE,elecam-bv-2025-sud,5b8dff62fb970fb3edf01d081d73c0c041d215f4472ea2b6cd3d42e2f8cc7594,needs_review,52,52,11394,11994,600
ELECAM-2025-SU-OCEAN-NIETE-0014,14,SU,SUD,SU-OCEAN,OCEAN,SU-OCEAN-NIETE,NIETE,ECOLE PUBLIQUE HEVECAM VILLAGE 3 / A,275,VILLAGE,elecam-bv-2025-sud,5b8dff62fb970fb3edf01d081d73c0c041d215f4472ea2b6cd3d42e2f8cc7594,needs_review,52,52,11394,11994,600
ELECAM-2025-SU-OCEAN-NIETE-0015,15,SU,SUD,SU-OCEAN,OCEAN,SU-OCEAN-NIETE,NIETE,ECOLE PUBLIQUE HEVECAM VILLAGE 3 / B,282,VILLAGE,elecam-bv-2025-sud,5b8dff62fb970fb3edf01d081d73c0c041d215f4472ea2b6cd3d42e2f8cc7594,needs_review,52,52,11394,11994,600
ELECAM-2025-SU-OCEAN-NIETE-0016,16,SU,SUD,SU-OCEAN,OCEAN,SU-OCEAN-NIETE,NIETE,ECOLE PUBLIQUE HEVECAM VILLAGE 3 / C,160,VILLAGE,elecam-bv-2025-sud,5b8dff62fb970fb3edf01d081d73c0c041d215f4472ea2b6cd3d42e2f8cc7594,needs_review,52,52,11394,11994,600
ELECAM-2025-SU-OCEAN-NIETE-0017,17,SU,SUD,SU-OCEAN,OCEAN,SU-OCEAN-NIETE,NIETE,ECOLE PUBLIQUE HEVECAM VILLAGE 4 / A,279,VILLAGE,elecam-bv-2025-sud,5b8dff62fb970fb3edf01d081d73c0c041d215f4472ea2b6cd3d42e2f8cc7594,needs_review,52,52,11394,11994,600
ELECAM-2025-SU-OCEAN-NIETE-0018,18,SU,SUD,SU-OCEAN,OCEAN,SU-OCEAN-NIETE,NIETE,ECOLE PUBLIQUE HEVECAM VILLAGE 4 / B,244,VILLAGE,elecam-bv-2025-sud,5b8dff62fb970fb3edf01d081d73c0c041d215f4472ea2b6cd3d42e2f8cc7594,needs_review,52,52,11394,11994,600
ELECAM-2025-SU-OCEAN-NIETE-0019,19,SU,SUD,SU-OCEAN,OCEAN,SU-OCEAN-NIETE,NIETE,ECOLE PUBLIQUE HEVECAM VILLAGE 4 / C,101,VILLAGE,elecam-bv-2025-sud,5b8dff62fb970fb3edf01d081d73c0c041d215f4472ea2b6cd3d42e2f8cc7594,needs_review,52,52,11394,11994,600
ELECAM-2025-SU-OCEAN-NIETE-0020,20,SU,SUD,SU-OCEAN,OCEAN,SU-OCEAN-NIETE,NIETE,ECOLE PUBLIQUE HEVECAM VILLAGE 5 / A,351,VILLAGE,elecam-bv-2025-sud,5b8dff62fb970fb3edf01d081d73c0c041d215f4472ea2b6cd3d42e2f8cc7594,needs_review,52,52,11394,11994,600
ELECAM-2025-SU-OCEAN-NIETE-0021,21,SU,SUD,SU-OCEAN,OCEAN,SU-OCEAN-NIETE,NIETE,ECOLE PUBLIQUE HEVECAM VILLAGE 5 / B,191,VILLAGE,elecam-bv-2025-sud,5b8dff62fb970fb3edf01d081d73c0c041d215f4472ea2b6cd3d42e2f8cc7594,needs_review,52,52,11394,11994,600
ELECAM-2025-SU-OCEAN-NIETE-0022,22,SU,SUD,SU-OCEAN,OCEAN,SU-OCEAN-NIETE,NIETE,ECOLE PUBLIQUE HEVECAM VILLAGE 6 / A,285,VILLAGE,elecam-bv-2025-sud,5b8dff62fb970fb3edf01d081d73c0c041d215f4472ea2b6cd3d42e2f8cc7594,needs_review,52,52,11394,11994,600
ELECAM-2025-SU-OCEAN-NIETE-0023,23,SU,SUD,SU-OCEAN,OCEAN,SU-OCEAN-NIETE,NIETE,ECOLE PUBLIQUE HEVECAM VILLAGE 6 / B,684,VILLAGE,elecam-bv-2025-sud,5b8dff62fb970fb3edf01d081d73c0c041d215f4472ea2b6cd3d42e2f8cc7594,needs_review,52,52,11394,11994,600
ELECAM-2025-SU-OCEAN-NIETE-0024,24,SU,SUD,SU-OCEAN,OCEAN,SU-OCEAN-NIETE,NIETE,ECOLE PUBLIQUE HEVECAM VILLAGE 7 N. / A,328,VILLAGE,elecam-bv-2025-sud,5b8dff62fb970fb3edf01d081d73c0c041d215f4472ea2b6cd3d42e2f8cc7594,needs_review,52,52,11394,11994,600
ELECAM-2025-SU-OCEAN-NIETE-0025,25,SU,SUD,SU-OCEAN,OCEAN,SU-OCEAN-NIETE,NIETE,ECOLE PUBLIQUE HEVECAM VILLAGE 7 N. / B,269,VILLAGE,elecam-bv-2025-sud,5b8dff62fb970fb3edf01d081d73c0c041d215f4472ea2b6cd3d42e2f8cc7594,needs_review,52,52,11394,11994,600
ELECAM-2025-SU-OCEAN-NIETE-0026,26,SU,SUD,SU-OCEAN,OCEAN,SU-OCEAN-NIETE,NIETE,ECOLE PUBLIQUE HEVECAM VILLAGE 7 N. / C,96,VILLAGE,elecam-bv-2025-sud,5b8dff62fb970fb3edf01d081d73c0c041d215f4472ea2b6cd3d42e2f8cc7594,needs_review,52,52,11394,11994,600
ELECAM-2025-SU-OCEAN-NIETE-0027,27,SU,SUD,SU-OCEAN,OCEAN,SU-OCEAN-NIETE,NIETE,ECOLE PUBLIQUE HEVECAM VILLAGE 7 O. / A,345,VILLAGE,elecam-bv-2025-sud,5b8dff62fb970fb3edf01d081d73c0c041d215f4472ea2b6cd3d42e2f8cc7594,needs_review,52,52,11394,11994,600
ELECAM-2025-SU-OCEAN-NIETE-0028,28,SU,SUD,SU-OCEAN,OCEAN,SU-OCEAN-NIETE,NIETE,ECOLE PUBLIQUE HEVECAM VILLAGE 7 O. / B,312,VILLAGE,elecam-bv-2025-sud,5b8dff62fb970fb3edf01d081d73c0c041d215f4472ea2b6cd3d42e2f8cc7594,needs_review,52,52,11394,11994,600
ELECAM-2025-SU-OCEAN-NIETE-0029,29,SU,SUD,SU-OCEAN,OCEAN,SU-OCEAN-NIETE,NIETE,ECOLE PUBLIQUE HEVECAM VILLAGE 7 O. / C,229,VILLAGE,elecam-bv-2025-sud,5b8dff62fb970fb3edf01d081d73c0c041d215f4472ea2b6cd3d42e2f8cc7594,needs_review,52,52,11394,11994,600
ELECAM-2025-SU-OCEAN-NIETE-0030,30,SU,SUD,SU-OCEAN,OCEAN,SU-OCEAN-NIETE,NIETE,ECOLE PUBLIQUE HEVECAM VILLAGE 8 / A,174,VILLAGE,elecam-bv-2025-sud,5b8dff62fb970fb3edf01d081d73c0c041d215f4472ea2b6cd3d42e2f8cc7594,needs_review,52,52,11394,11994,600
ELECAM-2025-SU-OCEAN-NIETE-0031,31,SU,SUD,SU-OCEAN,OCEAN,SU-OCEAN-NIETE,NIETE,ECOLE PUBLIQUE HEVECAM VILLAGE 8 / B,179,VILLAGE,elecam-bv-2025-sud,5b8dff62fb970fb3edf01d081d73c0c041d215f4472ea2b6cd3d42e2f8cc7594,needs_review,52,52,11394,11994,600
ELECAM-2025-SU-OCEAN-NIETE-0032,32,SU,SUD,SU-OCEAN,OCEAN,SU-OCEAN-NIETE,NIETE,ECOLE PUBLIQUE HEVECAM VILLAGE 9 / A,292,VILLAGE,elecam-bv-2025-sud,5b8dff62fb970fb3edf01d081d73c0c041d215f4472ea2b6cd3d42e2f8cc7594,needs_review,52,52,11394,11994,600
ELECAM-2025-SU-OCEAN-NIETE-0033,33,SU,SUD,SU-OCEAN,OCEAN,SU-OCEAN-NIETE,NIETE,ECOLE PUBLIQUE HEVECAM VILLAGE 9 / B,277,VILLAGE,elecam-bv-2025-sud,5b8dff62fb970fb3edf01d081d73c0c041d215f4472ea2b6cd3d42e2f8cc7594,needs_review,52,52,11394,11994,600
ELECAM-2025-SU-OCEAN-NIETE-0034,34,SU,SUD,SU-OCEAN,OCEAN,SU-OCEAN-NIETE,NIETE,ECOLE PUBLIQUE HEVECAM VILLAGE 9 / C,266,VILLAGE,elecam-bv-2025-sud,5b8dff62fb970fb3edf01d081d73c0c041d215f4472ea2b6cd3d42e2f8cc7594,needs_review,52,52,11394,11994,600
ELECAM-2025-SU-OCEAN-NIETE-0035,35,SU,SUD,SU-OCEAN,OCEAN,SU-OCEAN-NIETE,NIETE,ECOLE PUBLIQUE HEVECAM VILLAGE 9 / D,174,VILLAGE,elecam-bv-2025-sud,5b8dff62fb970fb3edf01d081d73c0c041d215f4472ea2b6cd3d42e2f8cc7594,needs_review,52,52,11394,11994,600
ELECAM-2025-SU-OCEAN-NIETE-0036,36,SU,SUD,SU-OCEAN,OCEAN,SU-OCEAN-NIETE,NIETE,ECOLE PUBLIQUE HEVECAM VILLAGE 10 / A,292,VILLAGE,elecam-bv-2025-sud,5b8dff62fb970fb3edf01d081d73c0c041d215f4472ea2b6cd3d42e2f8cc7594,needs_review,52,52,11394,11994,600
ELECAM-2025-SU-OCEAN-NIETE-0037,37,SU,SUD,SU-OCEAN,OCEAN,SU-OCEAN-NIETE,NIETE,ECOLE PUBLIQUE HEVECAM VILLAGE 10 / B,261,VILLAGE,elecam-bv-2025-sud,5b8dff62fb970fb3edf01d081d73c0c041d215f4472ea2b6cd3d42e2f8cc7594,needs_review,52,52,11394,11994,600
ELECAM-2025-SU-OCEAN-NIETE-0038,38,SU,SUD,SU-OCEAN,OCEAN,SU-OCEAN-NIETE,NIETE,ECOLE PUBLIQUE HEVECAM VILLAGE 10 / C,141,VILLAGE,elecam-bv-2025-sud,5b8dff62fb970fb3edf01d081d73c0c041d215f4472ea2b6cd3d42e2f8cc7594,needs_review,52,52,11394,11994,600
ELECAM-2025-SU-OCEAN-NIETE-0039,39,SU,SUD,SU-OCEAN,OCEAN,SU-OCEAN-NIETE,NIETE,ECOLE PUBLIQUE HEVECAM VILLAGE 11 / A,259,VILLAGE,elecam-bv-2025-sud,5b8dff62fb970fb3edf01d081d73c0c041d215f4472ea2b6cd3d42e2f8cc7594,needs_review,52,52,11394,11994,600
ELECAM-2025-SU-OCEAN-NIETE-0040,40,SU,SUD,SU-OCEAN,OCEAN,SU-OCEAN-NIETE,NIETE,ECOLE PUBLIQUE HEVECAM VILLAGE 11 / B,144,VILLAGE,elecam-bv-2025-sud,5b8dff62fb970fb3edf01d081d73c0c041d215f4472ea2b6cd3d42e2f8cc7594,needs_review,52,52,11394,11994,600
ELECAM-2025-SU-OCEAN-NIETE-0041,41,SU,SUD,SU-OCEAN,OCEAN,SU-OCEAN-NIETE,NIETE,ECOLE PUBLIQUE HEVECAM VILLAGE 12 / A,257,VILLAGE,elecam-bv-2025-sud,5b8dff62fb970fb3edf01d081d73c0c041d215f4472ea2b6cd3d42e2f8cc7594,needs_review,52,52,11394,11994,600
ELECAM-2025-SU-OCEAN-NIETE-0042,42,SU,SUD,SU-OCEAN,OCEAN,SU-OCEAN-NIETE,NIETE,ECOLE PUBLIQUE HEVECAM VILLAGE 12 / B,260,VILLAGE,elecam-bv-2025-sud,5b8dff62fb970fb3edf01d081d73c0c041d215f4472ea2b6cd3d42e2f8cc7594,needs_review,52,52,11394,11994,600
ELECAM-2025-SU-OCEAN-NIETE-0043,43,SU,SUD,SU-OCEAN,OCEAN,SU-OCEAN-NIETE,NIETE,ECOLE PUBLIQUE HEVECAM VILLAGE 13 / A,305,VILLAGE,elecam-bv-2025-sud,5b8dff62fb970fb3edf01d081d73c0c041d215f4472ea2b6cd3d42e2f8cc7594,needs_review,52,52,11394,11994,600
ELECAM-2025-SU-OCEAN-NIETE-0044,44,SU,SUD,SU-OCEAN,OCEAN,SU-OCEAN-NIETE,NIETE,ECOLE PUBLIQUE HEVECAM VILLAGE 13 / B,296,VILLAGE,elecam-bv-2025-sud,5b8dff62fb970fb3edf01d081d73c0c041d215f4472ea2b6cd3d42e2f8cc7594,needs_review,52,52,11394,11994,600
ELECAM-2025-SU-OCEAN-NIETE-0045,45,SU,SUD,SU-OCEAN,OCEAN,SU-OCEAN-NIETE,NIETE,ECOLE PUBLIQUE HEVECAM VILLAGE 13 / C,102,VILLAGE,elecam-bv-2025-sud,5b8dff62fb970fb3edf01d081d73c0c041d215f4472ea2b6cd3d42e2f8cc7594,needs_review,52,52,11394,11994,600
ELECAM-2025-SU-OCEAN-NIETE-0046,46,SU,SUD,SU-OCEAN,OCEAN,SU-OCEAN-NIETE,NIETE,ECOLE PUBLIQUE HEVECAM VILLAGE 14 / A,380,VILLAGE,elecam-bv-2025-sud,5b8dff62fb970fb3edf01d081d73c0c041d215f4472ea2b6cd3d42e2f8cc7594,needs_review,52,52,11394,11994,600
ELECAM-2025-SU-OCEAN-NIETE-0047,47,SU,SUD,SU-OCEAN,OCEAN,SU-OCEAN-NIETE,NIETE,ECOLE PUBLIQUE HEVECAM VILLAGE 14 / B,115,VILLAGE,elecam-bv-2025-sud,5b8dff62fb970fb3edf01d081d73c0c041d215f4472ea2b6cd3d42e2f8cc7594,needs_review,52,52,11394,11994,600
ELECAM-2025-SU-OCEAN-NIETE-0048,48,SU,SUD,SU-OCEAN,OCEAN,SU-OCEAN-NIETE,NIETE,ECOLE PUBLIQUE HEVECAM VILLAGE 15 / A,345,LOBE VILLAGE,elecam-bv-2025-sud,5b8dff62fb970fb3edf01d081d73c0c041d215f4472ea2b6cd3d42e2f8cc7594,needs_review,52,52,11394,11994,600
ELECAM-2025-SU-OCEAN-NIETE-0049,49,SU,SUD,SU-OCEAN,OCEAN,SU-OCEAN-NIETE,NIETE,ECOLE PUBLIQUE HEVECAM VILLAGE 15 / B,275,LOBE VILLAGE,elecam-bv-2025-sud,5b8dff62fb970fb3edf01d081d73c0c041d215f4472ea2b6cd3d42e2f8cc7594,needs_review,52,52,11394,11994,600
ELECAM-2025-SU-OCEAN-NIETE-0050,50,SU,SUD,SU-OCEAN,OCEAN,SU-OCEAN-NIETE,NIETE,ECOLE PUBLIQUE HEVECAM VILLAGE 15 / C,66,LOBE VILLAGE,elecam-bv-2025-sud,5b8dff62fb970fb3edf01d081d73c0c041d215f4472ea2b6cd3d42e2f8cc7594,needs_review,52,52,11394,11994,600
ELECAM-2025-SU-OCEAN-NIETE-0051,51,SU,SUD,SU-OCEAN,OCEAN,SU-OCEAN-NIETE,NIETE,ECOLE PUBLIQUE DE NGOCK / A,261,VILLAGE NGOCK,elecam-bv-2025-sud,5b8dff62fb970fb3edf01d081d73c0c041d215f4472ea2b6cd3d42e2f8cc7594,needs_review,52,52,11394,11994,600
ELECAM-2025-SU-OCEAN-NIETE-0052,52,SU,SUD,SU-OCEAN,OCEAN,SU-OCEAN-NIETE,NIETE,ESPL. BAR ALIMENTATION CODERA / A,149,NKOLMBONDA,elecam-bv-2025-sud,5b8dff62fb970fb3edf01d081d73c0c041d215f4472ea2b6cd3d42e2f8cc7594,needs_review,52,52,11394,11994,600
ELECAM-2025-SU-VALLE-DU-NTEM-MA-AN-0001,1,SU,SUD,SU-VALLE-DU-NTEM,VALLE DU NTEM,SU-VALLE-DU-NTEM-MA-AN,MA'AN,ECOLE PUBLIQUE D'ASSAM / A,96,ASSAM,elecam-bv-2025-sud,5b8dff62fb970fb3edf01d081d73c0c041d215f4472ea2b6cd3d42e2f8cc7594,needs_review,57,57,6580,7480,900
ELECAM-2025-SU-VALLE-DU-NTEM-MA-AN-0002,2,SU,SUD,SU-VALLE-DU-NTEM,VALLE DU NTEM,SU-VALLE-DU-NTEM-MA-AN,MA'AN,CORPS DE GARDE DE MEBERA / A,130,ABANG,elecam-bv-2025-sud,5b8dff62fb970fb3edf01d081d73c0c041d215f4472ea2b6cd3d42e2f8cc7594,needs_review,57,57,6580,7480,900
ELECAM-2025-SU-VALLE-DU-NTEM-MA-AN-0003,3,SU,SUD,SU-VALLE-DU-NTEM,VALLE DU NTEM,SU-VALLE-DU-NTEM-MA-AN,MA'AN,ECOLE PUBLIQUE DE NYABESSANG / A,256,ABEM,elecam-bv-2025-sud,5b8dff62fb970fb3edf01d081d73c0c041d215f4472ea2b6cd3d42e2f8cc7594,needs_review,57,57,6580,7480,900
ELECAM-2025-SU-VALLE-DU-NTEM-MA-AN-0004,4,SU,SUD,SU-VALLE-DU-NTEM,VALLE DU NTEM,SU-VALLE-DU-NTEM-MA-AN,MA'AN,ECOLE PUBLIQUE DE NYABESSANG / B,233,ABEM,elecam-bv-2025-sud,5b8dff62fb970fb3edf01d081d73c0c041d215f4472ea2b6cd3d42e2f8cc7594,needs_review,57,57,6580,7480,900
ELECAM-2025-SU-VALLE-DU-NTEM-MA-AN-0005,5,SU,SUD,SU-VALLE-DU-NTEM,VALLE DU NTEM,SU-VALLE-DU-NTEM-MA-AN,MA'AN,ECOLE PUBLIQUE D'AFAN / A,83,AFAN,elecam-bv-2025-sud,5b8dff62fb970fb3edf01d081d73c0c041d215f4472ea2b6cd3d42e2f8cc7594,needs_review,57,57,6580,7480,900
ELECAM-2025-SU-VALLE-DU-NTEM-MA-AN-0006,6,SU,SUD,SU-VALLE-DU-NTEM,VALLE DU NTEM,SU-VALLE-DU-NTEM-MA-AN,MA'AN,CORPS DE GARDE D'AKOM / A,45,AKOM,elecam-bv-2025-sud,5b8dff62fb970fb3edf01d081d73c0c041d215f4472ea2b6cd3d42e2f8cc7594,needs_review,57,57,6580,7480,900
ELECAM-2025-SU-VALLE-DU-NTEM-MA-AN-0007,7,SU,SUD,SU-VALLE-DU-NTEM,VALLE DU NTEM,SU-VALLE-DU-NTEM-MA-AN,MA'AN,ECOLE PUBLIQUE D'ALEN 2 / A,296,ALEN,elecam-bv-2025-sud,5b8dff62fb970fb3edf01d081d73c0c041d215f4472ea2b6cd3d42e2f8cc7594,needs_review,57,57,6580,7480,900
ELECAM-2025-SU-VALLE-DU-NTEM-MA-AN-0008,8,SU,SUD,SU-VALLE-DU-NTEM,VALLE DU NTEM,SU-VALLE-DU-NTEM-MA-AN,MA'AN,ECOLE PUBLIQUE D'ALEN 1 / A,156,ALEN1,elecam-bv-2025-sud,5b8dff62fb970fb3edf01d081d73c0c041d215f4472ea2b6cd3d42e2f8cc7594,needs_review,57,57,6580,7480,900
ELECAM-2025-SU-VALLE-DU-NTEM-MA-AN-0009,9,SU,SUD,SU-VALLE-DU-NTEM,VALLE DU NTEM,SU-VALLE-DU-NTEM-MA-AN,MA'AN,ECOLE PUBLIQUE D'ALOUM 1 / A,121,ALOUM,elecam-bv-2025-sud,5b8dff62fb970fb3edf01d081d73c0c041d215f4472ea2b6cd3d42e2f8cc7594,needs_review,57,57,6580,7480,900
ELECAM-2025-SU-VALLE-DU-NTEM-MA-AN-0010,10,SU,SUD,SU-VALLE-DU-NTEM,VALLE DU NTEM,SU-VALLE-DU-NTEM-MA-AN,MA'AN,ECOLE PUBLIQUE D'ALOUM 2 / A,259,ALOUM,elecam-bv-2025-sud,5b8dff62fb970fb3edf01d081d73c0c041d215f4472ea2b6cd3d42e2f8cc7594,needs_review,57,57,6580,7480,900
ELECAM-2025-SU-VALLE-DU-NTEM-MA-AN-0011,11,SU,SUD,SU-VALLE-DU-NTEM,VALLE DU NTEM,SU-VALLE-DU-NTEM-MA-AN,MA'AN,ECOLE PUBLIQUE DE NSOMESSOK / A,85,ANGALE,elecam-bv-2025-sud,5b8dff62fb970fb3edf01d081d73c0c041d215f4472ea2b6cd3d42e2f8cc7594,needs_review,57,57,6580,7480,900
ELECAM-2025-SU-VALLE-DU-NTEM-MA-AN-0012,12,SU,SUD,SU-VALLE-DU-NTEM,VALLE DU NTEM,SU-VALLE-DU-NTEM-MA-AN,MA'AN,ECOLE PUBLIQUE D'ANGUIRIDJANG / A,89,ANGUIRIDJANG,elecam-bv-2025-sud,5b8dff62fb970fb3edf01d081d73c0c041d215f4472ea2b6cd3d42e2f8cc7594,needs_review,57,57,6580,7480,900
ELECAM-2025-SU-VALLE-DU-NTEM-MA-AN-0013,13,SU,SUD,SU-VALLE-DU-NTEM,VALLE DU NTEM,SU-VALLE-DU-NTEM-MA-AN,MA'AN,ECOLE PUBLIQUE DE TOM / A,104,ASSENG,elecam-bv-2025-sud,5b8dff62fb970fb3edf01d081d73c0c041d215f4472ea2b6cd3d42e2f8cc7594,needs_review,57,57,6580,7480,900
ELECAM-2025-SU-VALLE-DU-NTEM-MA-AN-0014,14,SU,SUD,SU-VALLE-DU-NTEM,VALLE DU NTEM,SU-VALLE-DU-NTEM-MA-AN,MA'AN,ECOLE PUBLIQUE D'AYA'AMANG / A,87,AYA'AMANG,elecam-bv-2025-sud,5b8dff62fb970fb3edf01d081d73c0c041d215f4472ea2b6cd3d42e2f8cc7594,needs_review,57,57,6580,7480,900
ELECAM-2025-SU-VALLE-DU-NTEM-MA-AN-0015,15,SU,SUD,SU-VALLE-DU-NTEM,VALLE DU NTEM,SU-VALLE-DU-NTEM-MA-AN,MA'AN,ECOLE PUBLIQUE DE BIDJAP / A,244,BIDJAP,elecam-bv-2025-sud,5b8dff62fb970fb3edf01d081d73c0c041d215f4472ea2b6cd3d42e2f8cc7594,needs_review,57,57,6580,7480,900
ELECAM-2025-SU-VALLE-DU-NTEM-MA-AN-0016,16,SU,SUD,SU-VALLE-DU-NTEM,VALLE DU NTEM,SU-VALLE-DU-NTEM-MA-AN,MA'AN,ECOLE PUBLIQUE DE MESSAMA 1 / A,59,BINDEM,elecam-bv-2025-sud,5b8dff62fb970fb3edf01d081d73c0c041d215f4472ea2b6cd3d42e2f8cc7594,needs_review,57,57,6580,7480,900
ELECAM-2025-SU-VALLE-DU-NTEM-MA-AN-0017,17,SU,SUD,SU-VALLE-DU-NTEM,VALLE DU NTEM,SU-VALLE-DU-NTEM-MA-AN,MA'AN,ECOLE PUBLIQUE DE BIYAN / A,89,BIYAN,elecam-bv-2025-sud,5b8dff62fb970fb3edf01d081d73c0c041d215f4472ea2b6cd3d42e2f8cc7594,needs_review,57,57,6580,7480,900
ELECAM-2025-SU-VALLE-DU-NTEM-MA-AN-0018,18,SU,SUD,SU-VALLE-DU-NTEM,VALLE DU NTEM,SU-VALLE-DU-NTEM-MA-AN,MA'AN,CORPS DE GARDE D'EBOLMBAMA / A,65,EBOLMBAMA,elecam-bv-2025-sud,5b8dff62fb970fb3edf01d081d73c0c041d215f4472ea2b6cd3d42e2f8cc7594,needs_review,57,57,6580,7480,900
ELECAM-2025-SU-VALLE-DU-NTEM-MA-AN-0019,19,SU,SUD,SU-VALLE-DU-NTEM,VALLE DU NTEM,SU-VALLE-DU-NTEM-MA-AN,MA'AN,ECOLE PUBLIQUE D'EKEKE / A,105,EKEKE,elecam-bv-2025-sud,5b8dff62fb970fb3edf01d081d73c0c041d215f4472ea2b6cd3d42e2f8cc7594,needs_review,57,57,6580,7480,900
ELECAM-2025-SU-VALLE-DU-NTEM-MA-AN-0020,20,SU,SUD,SU-VALLE-DU-NTEM,VALLE DU NTEM,SU-VALLE-DU-NTEM-MA-AN,MA'AN,CORPS DE GARDE D'ENDENDEM / A,150,ENDENDEM,elecam-bv-2025-sud,5b8dff62fb970fb3edf01d081d73c0c041d215f4472ea2b6cd3d42e2f8cc7594,needs_review,57,57,6580,7480,900
ELECAM-2025-SU-VALLE-DU-NTEM-MA-AN-0021,21,SU,SUD,SU-VALLE-DU-NTEM,VALLE DU NTEM,SU-VALLE-DU-NTEM-MA-AN,MA'AN,ECOLE PUBLIQUE D'EVES / A,185,EVES,elecam-bv-2025-sud,5b8dff62fb970fb3edf01d081d73c0c041d215f4472ea2b6cd3d42e2f8cc7594,needs_review,57,57,6580,7480,900
ELECAM-2025-SU-VALLE-DU-NTEM-MA-AN-0022,22,SU,SUD,SU-VALLE-DU-NTEM,VALLE DU NTEM,SU-VALLE-DU-NTEM-MA-AN,MA'AN,ECOLE PUBLIQUE D'EVOLE / A,113,EVOLE,elecam-bv-2025-sud,5b8dff62fb970fb3edf01d081d73c0c041d215f4472ea2b6cd3d42e2f8cc7594,needs_review,57,57,6580,7480,900
ELECAM-2025-SU-VALLE-DU-NTEM-MA-AN-0023,23,SU,SUD,SU-VALLE-DU-NTEM,VALLE DU NTEM,SU-VALLE-DU-NTEM-MA-AN,MA'AN,ECOLE PUBLIQUE D’EVOUMA / A,37,EVOUMA,elecam-bv-2025-sud,5b8dff62fb970fb3edf01d081d73c0c041d215f4472ea2b6cd3d42e2f8cc7594,needs_review,57,57,6580,7480,900
ELECAM-2025-SU-VALLE-DU-NTEM-MA-AN-0024,24,SU,SUD,SU-VALLE-DU-NTEM,VALLE DU NTEM,SU-VALLE-DU-NTEM-MA-AN,MA'AN,ECOLE PUBLIQUE D'EVOUZOK / A,68,EVOUZOK,elecam-bv-2025-sud,5b8dff62fb970fb3edf01d081d73c0c041d215f4472ea2b6cd3d42e2f8cc7594,needs_review,57,57,6580,7480,900
ELECAM-2025-SU-VALLE-DU-NTEM-MA-AN-0025,25,SU,SUD,SU-VALLE-DU-NTEM,VALLE DU NTEM,SU-VALLE-DU-NTEM-MA-AN,MA'AN,ECOLE PUBLIQUE DE MA'AN CENTRE / A,307,MA'AN CENTRE,elecam-bv-2025-sud,5b8dff62fb970fb3edf01d081d73c0c041d215f4472ea2b6cd3d42e2f8cc7594,needs_review,57,57,6580,7480,900
ELECAM-2025-SU-VALLE-DU-NTEM-MA-AN-0026,26,SU,SUD,SU-VALLE-DU-NTEM,VALLE DU NTEM,SU-VALLE-DU-NTEM-MA-AN,MA'AN,ECOLE PUBLIQUE DE MA'AN CENTRE / B,209,MA'AN CENTRE,elecam-bv-2025-sud,5b8dff62fb970fb3edf01d081d73c0c041d215f4472ea2b6cd3d42e2f8cc7594,needs_review,57,57,6580,7480,900
ELECAM-2025-SU-VALLE-DU-NTEM-MA-AN-0027,27,SU,SUD,SU-VALLE-DU-NTEM,VALLE DU NTEM,SU-VALLE-DU-NTEM-MA-AN,MA'AN,ECOLE PUBLIQUE DE MA'AN CENTRE / C,182,MA'AN CENTRE,elecam-bv-2025-sud,5b8dff62fb970fb3edf01d081d73c0c041d215f4472ea2b6cd3d42e2f8cc7594,needs_review,57,57,6580,7480,900
ELECAM-2025-SU-VALLE-DU-NTEM-MA-AN-0028,28,SU,SUD,SU-VALLE-DU-NTEM,VALLE DU NTEM,SU-VALLE-DU-NTEM-MA-AN,MA'AN,ECOLE PUBLIQUE DE MA'AN CENTRE / D,260,MA'AN CENTRE,elecam-bv-2025-sud,5b8dff62fb970fb3edf01d081d73c0c041d215f4472ea2b6cd3d42e2f8cc7594,needs_review,57,57,6580,7480,900
ELECAM-2025-SU-VALLE-DU-NTEM-MA-AN-0029,29,SU,SUD,SU-VALLE-DU-NTEM,VALLE DU NTEM,SU-VALLE-DU-NTEM-MA-AN,MA'AN,ECOLE PUBLIQUE DE MBEKOMO / A,126,MBEKOMO,elecam-bv-2025-sud,5b8dff62fb970fb3edf01d081d73c0c041d215f4472ea2b6cd3d42e2f8cc7594,needs_review,57,57,6580,7480,900
ELECAM-2025-SU-VALLE-DU-NTEM-MA-AN-0030,30,SU,SUD,SU-VALLE-DU-NTEM,VALLE DU NTEM,SU-VALLE-DU-NTEM-MA-AN,MA'AN,ECOLE PUBLIQUE DE MEBANG / A,97,MEBANG,elecam-bv-2025-sud,5b8dff62fb970fb3edf01d081d73c0c041d215f4472ea2b6cd3d42e2f8cc7594,needs_review,57,57,6580,7480,900
ELECAM-2025-SU-VALLE-DU-NTEM-MA-AN-0031,31,SU,SUD,SU-VALLE-DU-NTEM,VALLE DU NTEM,SU-VALLE-DU-NTEM-MA-AN,MA'AN,ECOLE PUBLIQUE DE MEKOK / A,84,MEKOK,elecam-bv-2025-sud,5b8dff62fb970fb3edf01d081d73c0c041d215f4472ea2b6cd3d42e2f8cc7594,needs_review,57,57,6580,7480,900
ELECAM-2025-SU-VALLE-DU-NTEM-MA-AN-0032,32,SU,SUD,SU-VALLE-DU-NTEM,VALLE DU NTEM,SU-VALLE-DU-NTEM-MA-AN,MA'AN,ECOLE PUBLIQUE DE TYA'ASSONO / A,153,MEKOMENGON,elecam-bv-2025-sud,5b8dff62fb970fb3edf01d081d73c0c041d215f4472ea2b6cd3d42e2f8cc7594,needs_review,57,57,6580,7480,900
ELECAM-2025-SU-VALLE-DU-NTEM-MA-AN-0033,33,SU,SUD,SU-VALLE-DU-NTEM,VALLE DU NTEM,SU-VALLE-DU-NTEM-MA-AN,MA'AN,CORPS DE GARDE DE NNEMEYONG / A,127,MELEN,elecam-bv-2025-sud,5b8dff62fb970fb3edf01d081d73c0c041d215f4472ea2b6cd3d42e2f8cc7594,needs_review,57,57,6580,7480,900
ELECAM-2025-SU-VALLE-DU-NTEM-MA-AN-0034,34,SU,SUD,SU-VALLE-DU-NTEM,VALLE DU NTEM,SU-VALLE-DU-NTEM-MA-AN,MA'AN,ECOLE PUBLIQUE DE MELEN 2 / A,257,MELEN,elecam-bv-2025-sud,5b8dff62fb970fb3edf01d081d73c0c041d215f4472ea2b6cd3d42e2f8cc7594,needs_review,57,57,6580,7480,900
ELECAM-2025-SU-VALLE-DU-NTEM-MA-AN-0035,35,SU,SUD,SU-VALLE-DU-NTEM,VALLE DU NTEM,SU-VALLE-DU-NTEM-MA-AN,MA'AN,ECOLE PUBLIQUE DE MESSAMA 2 / A,298,MESSAMA,elecam-bv-2025-sud,5b8dff62fb970fb3edf01d081d73c0c041d215f4472ea2b6cd3d42e2f8cc7594,needs_review,57,57,6580,7480,900
ELECAM-2025-SU-VALLE-DU-NTEM-MA-AN-0036,36,SU,SUD,SU-VALLE-DU-NTEM,VALLE DU NTEM,SU-VALLE-DU-NTEM-MA-AN,MA'AN,CORPS DE GARDE DE MESSAMA 3 / A,136,MESSAMA,elecam-bv-2025-sud,5b8dff62fb970fb3edf01d081d73c0c041d215f4472ea2b6cd3d42e2f8cc7594,needs_review,57,57,6580,7480,900
ELECAM-2025-SU-VALLE-DU-NTEM-MA-AN-0037,37,SU,SUD,SU-VALLE-DU-NTEM,VALLE DU NTEM,SU-VALLE-DU-NTEM-MA-AN,MA'AN,CORPS DE GARDE DE ZOETELE / A,177,MEYO-NTEM,elecam-bv-2025-sud,5b8dff62fb970fb3edf01d081d73c0c041d215f4472ea2b6cd3d42e2f8cc7594,needs_review,57,57,6580,7480,900
ELECAM-2025-SU-VALLE-DU-NTEM-MA-AN-0038,38,SU,SUD,SU-VALLE-DU-NTEM,VALLE DU NTEM,SU-VALLE-DU-NTEM-MA-AN,MA'AN,ECOLE PUBLIQUE DE MFOUA / A,120,MFOUA,elecam-bv-2025-sud,5b8dff62fb970fb3edf01d081d73c0c041d215f4472ea2b6cd3d42e2f8cc7594,needs_review,57,57,6580,7480,900
ELECAM-2025-SU-VALLE-DU-NTEM-MA-AN-0039,39,SU,SUD,SU-VALLE-DU-NTEM,VALLE DU NTEM,SU-VALLE-DU-NTEM-MA-AN,MA'AN,ECOLE PUBLIQUE DE MINKAN / A,33,MINKAN,elecam-bv-2025-sud,5b8dff62fb970fb3edf01d081d73c0c041d215f4472ea2b6cd3d42e2f8cc7594,needs_review,57,57,6580,7480,900
ELECAM-2025-SU-VALLE-DU-NTEM-MA-AN-0040,40,SU,SUD,SU-VALLE-DU-NTEM,VALLE DU NTEM,SU-VALLE-DU-NTEM-MA-AN,MA'AN,ECOLE PUBLIQUE DE MINKAN- MENGALE / A,264,MINKAN-MENGALE,elecam-bv-2025-sud,5b8dff62fb970fb3edf01d081d73c0c041d215f4472ea2b6cd3d42e2f8cc7594,needs_review,57,57,6580,7480,900
ELECAM-2025-SU-VALLE-DU-NTEM-MA-AN-0041,41,SU,SUD,SU-VALLE-DU-NTEM,VALLE DU NTEM,SU-VALLE-DU-NTEM-MA-AN,MA'AN,ECOLE PUBLIQUE DE MVI'ILIMENGALE / A,138,MVI'ILIMENGALE,elecam-bv-2025-sud,5b8dff62fb970fb3edf01d081d73c0c041d215f4472ea2b6cd3d42e2f8cc7594,needs_review,57,57,6580,7480,900
ELECAM-2025-SU-VALLE-DU-NTEM-MA-AN-0042,42,SU,SUD,SU-VALLE-DU-NTEM,VALLE DU NTEM,SU-VALLE-DU-NTEM-MA-AN,MA'AN,CORPS DE GARDE DE NDJAZENG / A,98,NDJAZENG,elecam-bv-2025-sud,5b8dff62fb970fb3edf01d081d73c0c041d215f4472ea2b6cd3d42e2f8cc7594,needs_review,57,57,6580,7480,900
ELECAM-2025-SU-VALLE-DU-NTEM-MA-AN-0043,43,SU,SUD,SU-VALLE-DU-NTEM,VALLE DU NTEM,SU-VALLE-DU-NTEM-MA-AN,MA'AN,ECOLE PUBLIQUE DE NKO'ONDO'O / A,89,NKO'ONDO'O,elecam-bv-2025-sud,5b8dff62fb970fb3edf01d081d73c0c041d215f4472ea2b6cd3d42e2f8cc7594,needs_review,57,57,6580,7480,900
ELECAM-2025-SU-VALLE-DU-NTEM-MA-AN-0044,44,SU,SUD,SU-VALLE-DU-NTEM,VALLE DU NTEM,SU-VALLE-DU-NTEM-MA-AN,MA'AN,CORPS DE GARDE DE NNEZAM / A,63,NNEZAM,elecam-bv-2025-sud,5b8dff62fb970fb3edf01d081d73c0c041d215f4472ea2b6cd3d42e2f8cc7594,needs_review,57,57,6580,7480,900
ELECAM-2025-SU-VALLE-DU-NTEM-MA-AN-0045,45,SU,SUD,SU-VALLE-DU-NTEM,VALLE DU NTEM,SU-VALLE-DU-NTEM-MA-AN,MA'AN,CORPS DE GARDE DE NSEBITO / A,124,NSEBITO,elecam-bv-2025-sud,5b8dff62fb970fb3edf01d081d73c0c041d215f4472ea2b6cd3d42e2f8cc7594,needs_review,57,57,6580,7480,900
ELECAM-2025-SU-VALLE-DU-NTEM-MA-AN-0046,46,SU,SUD,SU-VALLE-DU-NTEM,VALLE DU NTEM,SU-VALLE-DU-NTEM-MA-AN,MA'AN,ECOLE PUBLIQUE DE NSENGOU / A,49,NSENGOU,elecam-bv-2025-sud,5b8dff62fb970fb3edf01d081d73c0c041d215f4472ea2b6cd3d42e2f8cc7594,needs_review,57,57,6580,7480,900
ELECAM-2025-SU-VALLE-DU-NTEM-MA-AN-0047,47,SU,SUD,SU-VALLE-DU-NTEM,VALLE DU NTEM,SU-VALLE-DU-NTEM-MA-AN,MA'AN,CORPS DE GARDE DE NYABIBAK / A,61,NYABIBAK,elecam-bv-2025-sud,5b8dff62fb970fb3edf01d081d73c0c041d215f4472ea2b6cd3d42e2f8cc7594,needs_review,57,57,6580,7480,900
ELECAM-2025-SU-VALLE-DU-NTEM-MA-AN-0048,48,SU,SUD,SU-VALLE-DU-NTEM,VALLE DU NTEM,SU-VALLE-DU-NTEM-MA-AN,MA'AN,ECOLE PUBLIQUE D'OKONG / A,203,EVINDISSI,elecam-bv-2025-sud,5b8dff62fb970fb3edf01d081d73c0c041d215f4472ea2b6cd3d42e2f8cc7594,needs_review,57,57,6580,7480,900
ELECAM-2025-SU-VALLE-DU-NTEM-MA-AN-0049,49,SU,SUD,SU-VALLE-DU-NTEM,VALLE DU NTEM,SU-VALLE-DU-NTEM-MA-AN,MA'AN,CENTRE DE SANTE DE ZOUAMEYONG / A,54,EVOUMA,elecam-bv-2025-sud,5b8dff62fb970fb3edf01d081d73c0c041d215f4472ea2b6cd3d42e2f8cc7594,needs_review,57,57,6580,7480,900
ELECAM-2025-SU-VALLE-DU-NTEM-MA-AN-0050,50,SU,SUD,SU-VALLE-DU-NTEM,VALLE DU NTEM,SU-VALLE-DU-NTEM-MA-AN,MA'AN,CORPS DE GARDE D'ABEM / A,66,ABEM CHEFFERIE,elecam-bv-2025-sud,5b8dff62fb970fb3edf01d081d73c0c041d215f4472ea2b6cd3d42e2f8cc7594,needs_review,57,57,6580,7480,900
ELECAM-2025-SU-VALLE-DU-NTEM-MA-AN-0051,51,SU,SUD,SU-VALLE-DU-NTEM,VALLE DU NTEM,SU-VALLE-DU-NTEM-MA-AN,MA'AN,ECOLE PUBLIQUE DE METONDO / A,65,MESSONDO,elecam-bv-2025-sud,5b8dff62fb970fb3edf01d081d73c0c041d215f4472ea2b6cd3d42e2f8cc7594,needs_review,57,57,6580,7480,900
ELECAM-2025-SU-VALLE-DU-NTEM-MA-AN-0052,52,SU,SUD,SU-VALLE-DU-NTEM,VALLE DU NTEM,SU-VALLE-DU-NTEM-MA-AN,MA'AN,CORPS DE GARDE DE NGBWA-AKOM / A,61,AKOM,elecam-bv-2025-sud,5b8dff62fb970fb3edf01d081d73c0c041d215f4472ea2b6cd3d42e2f8cc7594,needs_review,57,57,6580,7480,900
ELECAM-2025-SU-VALLE-DU-NTEM-MA-AN-0053,53,SU,SUD,SU-VALLE-DU-NTEM,VALLE DU NTEM,SU-VALLE-DU-NTEM-MA-AN,MA'AN,CORPS DE GARGE DE BINDEM / A,84,BINDEM,elecam-bv-2025-sud,5b8dff62fb970fb3edf01d081d73c0c041d215f4472ea2b6cd3d42e2f8cc7594,needs_review,57,57,6580,7480,900
ELECAM-2025-SU-VALLE-DU-NTEM-MA-AN-0054,54,SU,SUD,SU-VALLE-DU-NTEM,VALLE DU NTEM,SU-VALLE-DU-NTEM-MA-AN,MA'AN,LYCEE BILINGUE DE MEBEM / A,66,MEBEM CARREFOUR,elecam-bv-2025-sud,5b8dff62fb970fb3edf01d081d73c0c041d215f4472ea2b6cd3d42e2f8cc7594,needs_review,57,57,6580,7480,900
ELECAM-2025-SU-VALLE-DU-NTEM-MA-AN-0055,55,SU,SUD,SU-VALLE-DU-NTEM,VALLE DU NTEM,SU-VALLE-DU-NTEM-MA-AN,MA'AN,ECOLE PUBLIQUE DE MFANG / A,165,ALOUM,elecam-bv-2025-sud,5b8dff62fb970fb3edf01d081d73c0c041d215f4472ea2b6cd3d42e2f8cc7594,needs_review,57,57,6580,7480,900
ELECAM-2025-SU-VALLE-DU-NTEM-MA-AN-0056,56,SU,SUD,SU-VALLE-DU-NTEM,VALLE DU NTEM,SU-VALLE-DU-NTEM-MA-AN,MA'AN,ECOLE PUBLIQUE D’ANGALE / A,70,ANGALE,elecam-bv-2025-sud,5b8dff62fb970fb3edf01d081d73c0c041d215f4472ea2b6cd3d42e2f8cc7594,needs_review,57,57,6580,7480,900
ELECAM-2025-SU-VALLE-DU-NTEM-MA-AN-0057,57,SU,SUD,SU-VALLE-DU-NTEM,VALLE DU NTEM,SU-VALLE-DU-NTEM-MA-AN,MA'AN,CORPS DE GARGE DE MEKONDOM / A,39,ABANG,elecam-bv-2025-sud,5b8dff62fb970fb3edf01d081d73c0c041d215f4472ea2b6cd3d42e2f8cc7594,needs_review,57,57,6580,7480,900
